# Resource object code (Python 3)
# Created by: object code
# Created by: The Resource Compiler for Qt version 6.10.0
# WARNING! All changes made in this file will be lost!

from PySide6 import QtCore

qt_resource_data = b"\
\x00\x0351\
\xff\
\xd8\xff\xe0\x00\x10JFIF\x00\x01\x01\x01\x00`\x00\
`\x00\x00\xff\xfe\x00;CREATOR: \
gd-jpeg v1.0 (us\
ing IJG JPEG v62\
), quality = 82\x0a\
\xff\xdb\x00C\x00\x06\x04\x04\x05\x04\x04\x06\x05\x05\x05\x06\
\x06\x06\x07\x09\x0e\x09\x09\x08\x08\x09\x12\x0d\x0d\x0a\x0e\x15\
\x12\x16\x16\x15\x12\x14\x14\x17\x1a!\x1c\x17\x18\x1f\x19\x14\
\x14\x1d'\x1d\x1f\x22#%%%\x16\x1c),($\
+!$%$\xff\xdb\x00C\x01\x06\x06\x06\x09\x08\x09\
\x11\x09\x09\x11$\x18\x14\x18$$$$$$$$\
$$$$$$$$$$$$$$$$\
$$$$$$$$$$$$$$$$\
$$$$$$$$$$\xff\xc0\x00\x11\x08\x05\
\xa0\x0a\x00\x03\x01\x22\x00\x02\x11\x01\x03\x11\x01\xff\xc4\x00\
\x1f\x00\x00\x01\x05\x01\x01\x01\x01\x01\x01\x00\x00\x00\x00\x00\
\x00\x00\x00\x01\x02\x03\x04\x05\x06\x07\x08\x09\x0a\x0b\xff\xc4\
\x00\xb5\x10\x00\x02\x01\x03\x03\x02\x04\x03\x05\x05\x04\x04\x00\
\x00\x01}\x01\x02\x03\x00\x04\x11\x05\x12!1A\x06\x13\
Qa\x07\x22q\x142\x81\x91\xa1\x08#B\xb1\xc1\x15\
R\xd1\xf0$3br\x82\x09\x0a\x16\x17\x18\x19\x1a%\
&'()*456789:CDEF\
GHIJSTUVWXYZcdef\
ghijstuvwxyz\x83\x84\x85\x86\
\x87\x88\x89\x8a\x92\x93\x94\x95\x96\x97\x98\x99\x9a\xa2\xa3\xa4\
\xa5\xa6\xa7\xa8\xa9\xaa\xb2\xb3\xb4\xb5\xb6\xb7\xb8\xb9\xba\xc2\
\xc3\xc4\xc5\xc6\xc7\xc8\xc9\xca\xd2\xd3\xd4\xd5\xd6\xd7\xd8\xd9\
\xda\xe1\xe2\xe3\xe4\xe5\xe6\xe7\xe8\xe9\xea\xf1\xf2\xf3\xf4\xf5\
\xf6\xf7\xf8\xf9\xfa\xff\xc4\x00\x1f\x01\x00\x03\x01\x01\x01\x01\
\x01\x01\x01\x01\x01\x00\x00\x00\x00\x00\x00\x01\x02\x03\x04\x05\
\x06\x07\x08\x09\x0a\x0b\xff\xc4\x00\xb5\x11\x00\x02\x01\x02\x04\
\x04\x03\x04\x07\x05\x04\x04\x00\x01\x02w\x00\x01\x02\x03\x11\
\x04\x05!1\x06\x12AQ\x07aq\x13\x222\x81\x08\
\x14B\x91\xa1\xb1\xc1\x09#3R\xf0\x15br\xd1\x0a\
\x16$4\xe1%\xf1\x17\x18\x19\x1a&'()*5\
6789:CDEFGHIJSTU\
VWXYZcdefghijstu\
vwxyz\x82\x83\x84\x85\x86\x87\x88\x89\x8a\x92\x93\
\x94\x95\x96\x97\x98\x99\x9a\xa2\xa3\xa4\xa5\xa6\xa7\xa8\xa9\xaa\
\xb2\xb3\xb4\xb5\xb6\xb7\xb8\xb9\xba\xc2\xc3\xc4\xc5\xc6\xc7\xc8\
\xc9\xca\xd2\xd3\xd4\xd5\xd6\xd7\xd8\xd9\xda\xe2\xe3\xe4\xe5\xe6\
\xe7\xe8\xe9\xea\xf2\xf3\xf4\xf5\xf6\xf7\xf8\xf9\xfa\xff\xda\x00\
\x0c\x03\x01\x00\x02\x11\x03\x11\x00?\x00\xf9R\x8a(\xa0\
\x02\x8a(\xa0\x02\x8a(\xa0\x02\x8a(\xa0\x02\x8a(\xa0\
\x02\x8a(\xa0\x02\x8a(\xa0\x02\x8a(\xa0\x02\x8a(\xa0\
\x02\x8a(\xa0\x02\x8a(\xa0\x02\x8a(\xa0\x02\x8a(\xa0\
\x02\x8a(\xa0\x02\x8a(\xa0\x02\x8a(\xa0\x02\x8a(\xa0\
\x02\x8a(\xa0\x02\x8a(\xa0\x02\x8a(\xa0\x02\x8a(\xa0\
\x02\x8a(\xa0\x02\x8a(\xa0\x02\x8a(\xa0\x02\x8a(\xa0\
\x02\x8a(\xa0\x02\x8a(\xa0\x02\x8a(\xa0\x02\x8a(\xa0\
\x02\x8a(\xa0\x02\x8a(\xa0\x02\x8a(\xa0\x02\x8a(\xa0\
\x02\x8a(\xa0\x02\x8a(\xa0\x02\x8a(\xa0\x02\x8a(\xa0\
\x02\x8a(\xa0\x02\x8a(\xa0\x02\x8a(\xa0\x02\x8a(\xa0\
\x02\x8a(\xa0\x02\x8a(\xa0\x02\x8a(\xa0\x02\x8a(\xa0\
\x02\x8a(\xa0\x02\x8a(\xa0\x02\x8a(\xa0\x02\x8a(\xa0\
\x02\x8a(\xa0\x02\x8a(\xa0\x02\x8a(\xa0\x02\x8a(\xa0\
\x02\x8a(\xa0\x02\x8a(\xa0\x02\x8a(\xa0\x02\x8a(\xa0\
\x02\x8a(\xa0\x02\x8a(\xa0\x02\x8a(\xa0\x02\x8a(\xa0\
\x02\x8a(\xa0\x02\x8a(\xa0\x02\x8a(\xa0\x02\x8a(\xa0\
\x02\x8a(\xa0\x02\x8a(\xa0\x02\x8a(\xa0\x02\x8a(\xa0\
\x02\x8a(\xa0\x02\x8a(\xa0\x02\x8a(\xa0\x02\x8a(\xa0\
\x02\x8a(\xa0\x02\x8a(\xa0\x02\x8a(\xa0\x02\x8a(\xa0\
\x02\x8a(\xa0\x02\x8a(\xa0\x02\x8a(\xa0\x02\x8a(\xa0\
\x02\x8a(\xa0\x02\x8a(\xa0\x02\x8a(\xa0\x02\x8a(\xa0\
\x02\x8a(\xa0\x02\x8a(\xa0\x02\x8a(\xa0\x02\x8a(\xa0\
\x02\x8a(\xa0\x02\x8a(\xa0\x02\x8a(\xa0\x02\x8a(\xa0\
\x02\x8a(\xa0\x02\x8a(\xa0\x02\x8a(\xa0\x02\x8a(\xa0\
\x02\x8a(\xa0\x02\x8a(\xa0\x02\x8a(\xa0\x02\x8a(\xa0\
\x02\x8a(\xa0\x02\x8a(\xa0\x02\x8a(\xa0\x02\x8a(\xa0\
\x02\x8a(\xa0\x02\x8a(\xa0\x02\x8a(\xa0\x02\x8a(\xa0\
\x02\x8a(\xa0\x02\x8a(\xa0\x02\x8a(\xa0\x02\x8a(\xa0\
\x02\x8a(\xa0\x02\x8a(\xa0\x02\x8a(\xa0\x02\x8a(\xa0\
\x02\x8a(\xa0\x02\x8a(\xa0\x02\x8a(\xa0\x02\x8a(\xa0\
\x02\x8a(\xa0\x02\x8a(\xa0\x02\x8a(\xa0\x02\x8a(\xa0\
\x02\x8a(\xa0\x02\x8a(\xa0\x02\x8a(\xa0\x02\x8a(\xa0\
\x02\x8a(\xa0\x02\x8a(\xa0\x02\x8a(\xa0\x02\x8a(\xa0\
\x02\x8a(\xa0\x02\x8a(\xa0\x02\x8a(\xa0\x02\x8a(\xa0\
\x02\x8a(\xa0\x02\x8a(\xa0\x02\x8a(\xa0\x02\x8a(\xa0\
\x02\x8a(\xa0\x02\x8a(\xa0\x02\x8a(\xa0\x02\x8a(\xa0\
\x02\x8a(\xa0\x02\x8a(\xa0\x02\x8a(\xa0\x02\x8a(\xa0\
\x02\x8a(\xa0\x02\x8a(\xa0\x02\x8a(\xa0\x02\x8a(\xa0\
\x02\x8a(\xa0\x02\x8a(\xa0\x02\x8a(\xa0\x02\x8a(\xa0\
\x02\x8a(\xa0\x02\x8a(\xa0\x02\x8a(\xa0\x02\x8a(\xa0\
\x02\x8a(\xa0\x02\x8a\xed>\x1ax\x02\xdb\xc7\x977\xf1\
\x5cj\xa9\xa7\x8bX\x83\x8c\xa8%\xc9\xcf\xa9\x1c\x0cs\
\xf5\xaeB\xea\x11ms,!\xd6A\x1b\x95\xde\xbd\x1b\
\x07\x19\x14\x10\xa6\x9c\x9cV\xe8\x8a\x8a(\xa0\xb0\xa2\x8a\
(\x00\xa2\x8a(\x00\xa2\x8a(\x00\xa2\x8a(\x00\xa2\x8a\
(\x00\xa2\x8a(\x00\xa2\x8a(\x00\xa2\x8a(\x00\xa2\x8a\
(\x00\xa2\x8a(\x00\xa2\x8a(\x00\xa2\x8a(\x00\xa2\x8a\
(\x00\xa2\x8a(\x00\xa2\x8a(\x00\xa2\x8a(\x00\xa2\x8a\
(\x00\xa2\x8a(\x00\xa2\x8a(\x00\xa2\x8a(\x00\xa2\x8a\
(\x00\xa2\x8a(\x00\xa2\x8a(\x00\xa2\x8a(\x00\xa2\x8a\
(\x00\xa2\x8a(\x00\xa2\x8a(\x00\xa2\x8a(\x00\xa2\x8a\
(\x00\xa2\x8a(\x00\xa2\x8a(\x00\xa2\x8a(\x00\xa2\x8a\
(\x00\xa2\x8a(\x00\xa2\x8a(\x00\xa2\x8a(\x00\xa2\x8a\
(\x00\xa2\x8a(\x00\xa2\x8a(\x00\xa2\x8a(\x00\xa2\x8a\
(\x00\xa2\x8a(\x00\xa2\x8a(\x00\xa2\x8a(\x00\xa2\x8a\
(\x00\xa2\x8a(\x00\xa2\x8a(\x00\xa2\x8a(\x00\xa2\x8a\
(\x00\xa2\x8a(\x00\xa2\x8a(\x00\xa2\x8a(\x00\xa2\x8a\
(\x00\xa2\xad\xe9\xda]\xe6\xad?\x91e\x03M'R\
\x07\x00\x0fs\xda\x8dKL\xbb\xd2nM\xb5\xe4F9\
@\xce3\x9c\x8f\xa8\xa0WW\xb1R\x8a(\xa0aE\
\x14P\x01E\x14P\x01E\x14P\x01E\x14P\x01E\
\x14P\x01Eu\xbe\x11\xf0\xa5\x9e\xb7e-\xc5\xcc\xaf\
\x90\xdbUP\xe3o\xb9\xaeoP\xb5[+\xe9\xed\x95\
\xc3\x88\x9c\xa8oZ\xa7\x16\x95\xcapi&\xca\xd4Q\
EI!E\x14P\x01E\x14P\x01E\x14P\x01E\
\x14P\x01E\x14P\x01E\x15\xd0\xe9^\x17\x87Q\xf0\
\xfd\xde\xa8\xd7\xe9\x13\xc1\x9cDG\x5cz\xfdh\x14\xa4\
\xa3\xab9\xea(\xa2\x81\x85\x14Q@\x05\x14Q@\x05\
\x14Q@\x05\x14Q@\x05\x14Q@\x05\x14Q@\x05\
\x14Q@\x05\x14Q@\x05\x14Q@\x05\x14Q@\x05\
\x14Q@\x05\x14Q@\x05\x14Q@\x05\x14Q@\x05\
\x14Q@\x05\x14Q@\x05\x14Q@\x05\x14Q@\x05\
\x14Q@\x05\x14Q@\x05\x14Q@\x05\x14Q@\x05\
\x14Q@\x05\x14Q@\x05\x14Q@\x05\x14Q@\x05\
\x14Q@\x05\x14Q@\x05\x14Q@\x05\x14Q@\x05\
\x14Q@\x05\x14Q@\x05\x14Q@\x12C\x04\xb7\x12\
\x08\xe1\x8d\xa4s\xd1Td\xd1=\xbc\xd6\xd2\x18\xe7\x89\
\xe3q\xfc,0k\xd0>\x15\x8bO.\xf0\xfc\xbfj\
\xca\xe3=v\xfbT\xdf\x14\xc5\xa1\xb1\xb5-\xb7\xed[\
\xce\xdcu\xdb\x8e\x7f\xa5\x00y\xad\x14Q@\x05\x14Q\
@\x05\x14Q@\x05\x14Q@\x05\x14Q@\x05\x14Q\
@\x05\x14Q@\x05\x14Q@\x05\x14Q@\x05\x14Q\
@\x05\x14Q@\x05\x14Q@\x05\x14Q@\x05\x14Q\
@\x05\x14Q@\x05\x14Q@\x05\x14Q@\x05\x14Q\
@\x05\x14Q@\x05\x14Q@\x05\x14Q@\x05\x14Q\
@\x05\x14Q@\x05\x14Q@\x05\x14Q@\x05\x14Q\
@\x05\x14Q@\x05\x14Q@\x05\x14Q@\x05\x14Q\
@\x05\x14Q@\x05\x14Q@\x05\x14Q@\x05\x14Q\
@\x05\x14Q@\x05\x14Q@\x05\x14Q@\x05\x14Q\
@\x05\x14Q@\x05\x14Q@\x05\x14Q@\x05\x14Q\
@\x05\x14Q@\x05\x14Q@\x05\x14Q@\x05\x14Q\
@\x05\x14Q@\x05\x14Q@\x05\x14Q@\x05\x14Q\
@\x05\x14Q@\x05\x14Q@\x05\x14Q@\x05\x14Q\
@\x05\x14Q@\x0eI\x1e2J3)#\x1c\x1cS\
h\xa2\x80\x0a(\xa2\x80\x0a(\xa2\x80\x0a(\xa2\x80\x0a\
(\xa2\x80\x0a(\xa2\x80\x0a(\xa2\x80\x0a(\xa2\x80\x0a\
(\xa2\x80\x0a(\xa2\x80\x0a(\xa2\x80\x0a(\xa2\x80\x0a\
(\xa2\x80\x0a(\xa2\x80\x0a(\xa2\x80\x0a(\xa2\x80\x0a\
(\xa2\x80\x0a(\xa2\x80\x0a(\xa2\x80\x0a(\xa2\x80\x0a\
(\xa2\x80\x0a(\xa2\x80\x0a(\xa2\x80\x0a(\xa2\x80\x0a\
(\xa2\x80\x0a(\xa2\x80\x0a(\xa2\x80\x0a(\xa2\x80\x0a\
(\xa2\x80\x0a*{;I\xaf\xee\xa2\xb5\xb7]\xf2\xca\
\xc1Us\xd4\xd5\xadsA\xbd\xf0\xf5\xd8\xb5\xbeEY\
\x0a\x86\x05[ \x8a\x05u{\x19\xd4QE\x03\x0a(\
\xa2\x80\x0a(\xa2\x80\x0a(\xa2\x806\xfc\x1f\xa1'\x88\
\xf5\xfb}>W)\x13e\x9c\x8e\xb8\x038\x15\xe9~\
%\xf8e\xa1\x8d\x16y, 6\xd7\x10F]_y\
;\xb1\xce\x0eMy&\x95\xaa\x5c\xe8\xd7\xf0\xdfZ>\
\xc9\xa29S\xdb\xe9]f\xb9\xf1WT\xd64\xd7\xb1\
[xm\x84\xab\xb6GBIa\xe8=(\x03\x88\xa2\
\x8a(\x00\xa2\x8a(\x00\xa2\x8a(\x00\xa2\x8a(\x00\xa2\
\x8a(\x00\xa2\x8a(\x00\xa2\x8a(\x00\xa2\x8a(\x00\xa2\
\x8a(\x00\xa2\x8a(\x00\xa2\x8a(\x00\xa2\x8a(\x00\xa2\
\x8a(\x00\xa2\x8a(\x00\xa2\x8a(\x00\xa2\x8a(\x00\xa2\
\x8a(\x00\xa2\x8a(\x00\xa2\x8a(\x00\xa2\x8a(\x03o\
\xc3^'\x9b\xc3o;E\x02L&\x00\x10\xc7\x18#\
\xa7\xf3\xaaZ\xc6\xb1s\xad\xde\xb5\xdd\xd1]\xe4`\x05\
\x18\x0a=\x05Q\xa2\x82yU\xf9\xba\x85\x14QAA\
E\x14P\x01E\x14P\x01E\x14P\x01E\x14P\x01\
E\x14P\x04\xf6\xd7\xd76\x81\x85\xbc\xf2E\xbf\x86\xd8\
\xd8\xcdBI'$\xe4\x9aJ(\x00\xa2\x8a(\x00\xa2\
\x8a(\x00\xa2\x8a(\x00\xa2\x8a(\x00\xa2\x8a(\x00\xa2\
\x8a(\x00\xa5\x0c@ \x13\x83\xd4RQ@\x05\x14Q\
@\x05\x14Q@\x05\x14Q@\x05\x14Q@\x05\x14Q\
@\x05\x14Q@\x05\x14Q@\x05\x14Q@\x05\x14Q\
@\x05\x14Q@\x05\x14Q@\x05\x14Q@\x05\x14Q\
@\x05\x15oO\xd2\xef5YLVp4\xac\xa3'\
\x1d\xaa\x1b\x9bim&h'\x8d\xa3\x91\x0e\x19OQ\
N\xddGg\xb9\x15\x14QHAE\x14P\x01E\x14\
P\x01E\x14P\x01E\x14P\x01E\x14P\x01E\x14\
P\x01E\x14P\x01E\x14P\x01E(\xeb\xcdox\
\x90h\x02\xd6\xcf\xfb \xb7\x9b\x8f\xde\xf5\xf4\xef\x9e\xf4\
\x09\xbb4\x8c\x0a(\xa2\x81\x85\x14Q@\x05\x14Q@\
\x05\x14Q@\x05\x14Q@\x05\x14Q@\x05\x14Q@\
\x05\x14Q@\x05\x14Q@\x05\x14Q@\x12Aq5\
\xac\x82H%x\xdcte84\xb7\x17S\xdd\xc9\xe6\
\x5cJ\xf2\xbf\xf7\x9c\xe4\xd4TP\x01E\x14P\x01E\
\x14P\x01E\x14P\x01E\x14P\x01E\x14P\x01E\
\x14P\x01E\x14P\x01E\x14P\x06\xbc^\x1c\xb8\x97\
D}XI\x18\x8ds\xf2\x1e\xa4\x03\x8a\xc8\xa9E\xcc\
\xc2\x03\x00\x95\xc4D\xe4\xa6x'\xe9QP%~\xa1\
E\x14P0\xa2\x8a(\x00\xa2\x8a(\x00\xa2\x8a(\x00\
\xa2\x8a(\x00\xa2\x8a(\x00\xa2\x8a(\x00\xa2\x8a(\x00\
\xa2\x8a(\x00\xa2\x8a(\x00\xa2\x8a(\x00\xa2\x8a(\x00\
\xa2\x8a(\x00\xa2\x8a(\x00\xa2\x8a(\x00\xa2\x8a\xdd\xb3\
\xf0\x95\xdd\xe6\x9b\xf6\xd5\x91\x17 \xb2\xa1\xeaE4\x9b\
\xd8j-\xecaQJF\x0e))\x08(\xa2\x8a\x00\
(\xa2\x8a\x00(\xa2\x8a\x00(\xa2\x8a\x00(\xa2\x8a\x00\
(\xa2\x8a\x00(\xa2\x8a\x00(\xa2\x8a\x00(\xa2\x8a\x00\
(\xa2\x8a\x00(\xa2\x8a\x00(\xa2\x8a\x00(\xa2\x8a\x00\
(\xa2\x8a\x00(\xa2\x8a\x00(\xa2\x8a\x00(\xa2\x8a\x00\
(\xa2\x8a\x00(\xa2\x8a\x00(\xa2\x8a\x00(\xa2\x8a\x00\
(\xa2\x8a\x00+\xd2\xbe\x1exS\xc3\xfa\xce\x855\xce\
\xa0\x8b=\xc6\xf2\xaf\x99\x0a\xf9C\xb1\xe0\xfe\xb5\xe6\xb4\
\xe5vPB\xb1\x19\xeb\x83\xd6\xae\x12Qwj\xe5\xd3\
\x92\x8b\xbbW&\xbf\x8a\x18/g\x8a\xdeO2\x14\x91\
\x95\x1f\xfb\xca\x0f\x06\xab\xd1EA\x01E\x14P\x01E\
\x14P\x01E\x14P\x01E\x14P\x01E\x14P\x01E\
\x14P\x01E\x14P\x01E\x14P\x01E\x14P\x01E\
\x14P\x01E\x14P\x01E\x14P\x01E\x14P\x01E\
\x14P\x01E\x14P\x01E\x14P\x01E\x14P\x01E\
\x14P\x01E\x14P\x01E\x14P\x01E\x14P\x01E\
\x14P\x01E\x14P\x01E\x14P\x01E\x14P\x01E\
\x14P\x01E\x14P\x01E\x14P\x01E\x14P\x01E\
\x14P\x01E\x14P\x01E\x14P\x01E\x14P\x01E\
\x14P\x04\x90O-\xac\xc94.RH\xce\xe5a\xd4\
\x1a\xb1\xa9\xea\xd7\xba\xc5\xcf\xdao\xee\x1ayq\xb7s\
c\x81\xf8U:(\x15\x95\xee\x14QE\x03\x0a(\xa2\
\x80\x0a(\xa2\x80\x0a(\xa2\x80\x0a(\xa2\x80\x0a(\xa2\
\x80\x0a(\xa2\x80\x0a(\xa2\x80\x0a(\xa2\x80\x0a(\xa2\
\x80\x0a(\xa2\x80\x0a(\xa2\x80\x0a(\xa2\x80\x0a(\xa2\
\x80\x0a(\xa2\x80\x0a(\xa2\x80\x0a(\xa2\x80\x0a(\xa2\
\x80\x0a(\xa2\x80\x0a(\xa2\x80\x0a(\xa2\x80\x0a(\xa2\
\x80\x0a(\xa2\x80\x0a(\xa2\x80\x0a(\xa2\x80\x0a(\xa2\
\x80\x0a(\xa2\x80\x0a(\xa2\x80\x0a(\xa2\x80\x0a(\xa2\
\x80\x0a(\xa2\x80\x0a(\xa2\x80\x0a(\xa2\x80\x0a(\xa2\
\x80\x0a(\xa2\x80\x0a(\xa2\x80\x0a(\xa2\x80\x0a(\xa2\
\x80\x0a(\xa2\x80\x0a(\xa2\x80\x0a(\xa2\x80\x0a(\xa2\
\x80\x0a(\xa2\x80\x0a(\xa2\x80\x0a(\xa2\x80\x0a(\xa2\
\x80\x0a(\xa2\x80\x0a(\xa2\x80\x0a(\xa2\x80\x0a(\xa2\
\x80\x0a(\xa2\x80\x0a(\xa2\x80\x0a(\xa2\x807\xfc+\
\xe2e\xf0\xf4\x93\xf9\x90\x19c\x98\x0c\xed8 \x8c\xff\
\x00\x8dP\xd7uS\xadjr\xde\x98\xc4a\xf0\x02\xfa\
\x001Y\xf4Us;X\xaegnP\xa2\x8a*I\
\x0a(\xa2\x80\x0a(\xa2\x80\x0a(\xa2\x80\x0a(\xa2\x80\
\x0a(\xa2\x80\x0a(\xa2\x80\x0a(\xa2\x80\x0a(\xa2\x80\
\x0a(\xa2\x80\x0a(\xa2\x80\x0a(\xa2\x80\x0a(\xa2\x80\
\x0a(\xa2\x80\x0a(\xa2\x80\x0a(\xa2\x80\x0a(\xa2\x80\
\x0a(\xa2\x80\x0a(\xa2\x80\x0a(\xa2\x80\x0a(\xa2\x80\
\x0a(\xa2\x80\x0a(\xa2\x80\x0a(\xa2\x80\x0a(\xa2\x80\
\x0a(\xa2\x80\x0a(\xa2\x80\x0a(\xa2\x80\x0a(\xa2\x80\
\x0a(\xa2\x80\x0a(\xa2\x80\x0a(\xa2\x80\x0a(\xa2\x80\
\x0a(\xa2\x80\x0a(\xa2\x80\x0a(\xa2\x80\x0a(\xa9!\
\x82[\x86\xd9\x0cm#c8Q\x9a\x00\x8e\x8aR\x08\
8#\x04RP\x01E\x14P\x01E\x14P\x01E\x14\
P\x01E\x14P\x01E\x14P\x01E\x14P\x01E\x14\
P\x01Z\xb6\xde%\xd4-lM\x94r/\x97\x8c\x02\
G*=\xab*\x8ai\xb5\xb0\xd3k`\xa2\x8a)\x08\
(\xa2\x8a\x00(\xa2\x8a\x00(\xa2\x8a\x00(\xa2\x8a\x00\
(\xa2\x8a\x00(\xa2\x8a\x00(\xa2\x8a\x00(\xa2\x8a\x00\
(\xa2\x8a\x00(\xa2\x8a\x00(\xa2\x8a\x00(\xa2\x8a\x00\
P3[z\xf7\x85.t\x1b;[\x99\xa6\x8aE\xb8\
\xec\xbf\xc2q\x9f\xc6\xb0\xeai\xae\xee.\x11\x12i\xa4\
\x91c\x18P\xcd\x90\xa3\xda\x82ZwV!\xa2\x8a(\
((\xa2\x8a\x00(\xa2\x8a\x00(\xa2\x8a\x00(\xa2\x8a\
\x00(\xa2\x8a\x00(\xa2\x8a\x00(\xa2\x8a\x00(\xa2\x8a\
\x00(\xa2\x8a\x00(\xa2\x8a\x00(\xa2\x8a\x00(\xa2\x8a\
\x00(\xa2\x8a\x00(\xa2\x8a\x00(\xa2\x8a\x00(\xa2\x8a\
\x00(\xa2\x8a\x00(\xa2\x8a\x00(\xa2\x8a\x00(\xa2\x8a\
\x00(\xa2\x8a\x00(\xa2\x8a\x00(\xa2\x8a\x00(\xa2\x8a\
\x00(\xa2\x8a\x00(\xa2\x8a\x00(\xa2\x8a\x00(\xa2\x8a\
\x00(\xa2\x8a\x00(\xa2\x8a\x00+\xa6\xf0.\x91\xa1\xeb\
\x1a\x84\xf1k\x97\xbfe\x89#\xdd\x1f\xcd\xb7q\xfa\xfb\
W3E\x04\xc9]Y;\x16/\xe2\x82\x1b\xd9\xe3\xb6\
\x97\xcd\x81\x5c\x84\x7f\xef.x5^\x8a(((\xa2\
\x8a\x00(\xa2\x8a\x00(\xa2\x8a\x00(\xa2\x8a\x00(\xa2\
\x8a\x00(\xa2\x8a\x00(\xa2\x8a\x00(\xa2\x8a\x00(\xa2\
\x8a\x00(\xa2\x8a\x00(\xa2\x8a\x00(\xa2\x8a\x00(\xa2\
\x8a\x00(\xa2\x8a\x00(\xa2\x8a\x00(\xa2\x8a\x00(\xa2\
\x8a\x00(\xa2\x8a\x00(\xa2\x8a\x00(\xa2\x8a\x00(\xa2\
\x8a\x00(\xa2\x8a\x00(\xa2\x8a\x00(\xa2\x8a\x00(\xa2\
\x8a\x00(\xa2\x8a\x00)\xd1\xc6\xf2\xba\xc6\x8aY\x98\xe0\
\x01\xd4\x9amI\x04\xf2[L\x93D\xdb]\x08e>\
\x86\x80'\xd4t\xbb\xcd*U\x8a\xf6\x06\x85\xd8n\x01\
\xbb\x8a\xa9Z:\xce\xbb{\xafN\x93^\xba\xb3\x22\xed\
P\xab\x80+:\x81F\xf6\xd4(\xa2\x8a\x06\x14QE\
\x00\x14QE\x00\x14QE\x00\x14QE\x00\x14QE\
\x00\x14QE\x00\x14QE\x00\x14QE\x00\x14QE\
\x00\x14QE\x00\x14QE\x00\x14QE\x00\x14QE\
\x00\x14QE\x00\x14QE\x00\x14QE\x00\x14QE\
\x00\x14QE\x00\x14QE\x00\x14QE\x00\x14QE\
\x00\x14QE\x00\x14QE\x00\x14QE\x00\x14QE\
\x00\x14QE\x00\x14QE\x00\x14QE\x00\x14QE\
\x00\x14QE\x00\x14QE\x00\x14QE\x00\x14QE\
\x00\x14QE\x00\x14QE\x00\x14QE\x00\x14QE\
\x00\x14QE\x00\x14QE\x00\x14QE\x00\x14QE\
\x00\x14QE\x00\x14QE\x00\x14QE\x00\x14QE\
\x00\x14QE\x00\x14QE\x00\x14QE\x00\x14QE\
\x00\x14QE\x00\x14QE\x00\x14QE\x00\x14QE\
\x00\x14QE\x00\x14QR\xc3k=\xc2\xbbE\x13\xba\
\xa0\xcb\x15\x19\xc0\xa0\x08\xa8\xa2\x8a\x00(\xa2\x8a\x00(\
\xa2\x8a\x00(\xa2\x8a\x00(\xa2\x8a\x00(\xa2\x8a\x00(\
\xa2\x8a\x00(\xa2\x8a\x00(\xa2\x8a\x00(\xa2\x8a\x00(\
\xa2\x8a\x00(\xa2\x8a\x00(\xa2\x8a\x00(\xa2\x8a\x00(\
\xa2\x8a\x00(\xa2\x8a\x00(\xa2\x8a\x00(\xa2\x8a\x00(\
\xa2\x8a\x00+GE\xd6\xa5\xd1'yb\x8dd\xde\xbb\
Hj\xce\xa2\x814\x9a\xb3$\xb8\x99\xaeg\x92g\x00\
3\xb1c\x8a\x8e\x8a(\x18QE\x14\x00QE\x14\x00\
QE\x14\x00QE\x14\x00QE\x14\x00QE\x14\x00\
QE\x14\x00QE\x14\x00QE\x14\x00QE\x14\x00\
S\x90)u\x0cp\xa4\xf2}\x056\x8a\x00\xda\xf1\x16\
\x9f\xa5\xd8\xfd\x9f\xfb:\xeb\xce.\xb9q\x9c\xe3\xde\xb1\
h\xa2\x81%e`\xa2\x8a(\x18QE\x14\x00QE\
\x14\x00QE\x14\x00QE\x14\x00QE\x14\x00QE\
\x14\x00QE\x14\x00QE\x14\x00QE\x14\x00QE\
\x14\x00QE\x14\x00QE\x14\x00QE\x14\x00QE\
\x14\x00QE\x14\x00QE\x14\x00QE\x14\x00QE\
\x14\x00QE\x14\x00QE\x14\x00QE\x14\x00QE\
\x14\x00QE\x14\x00QE\x14\x00QE\x14\x00QE\
\x14\x00QE\x14\x00QE\x14\x00QE\x14\x00QE\
\x14\x00QE\x14\x00QE\x14\x00Q]\x97\xc2\xd6\xd0\
\xd3\xc4\x0cu\xbf'o\x96|\x937\xdc\xdd\xef\xdb\xa5\
E\xf11\xb4V\xf1#\x1d\x13\xca\xf2\xb6\x0f3\xca\xfb\
\x9b\xfd\xaa\xf9=\xdek\x9a{?s\x9e\xe7%E\x14\
T\x19\x85\x14Q@\x05\x14Q@\x05\x14Q@\x05\x14\
Q@\x05\x14Q@\x05\x14Q@\x05\x14Q@\x05\x14\
Q@\x05\x14Q@\x05\x14Q@\x05\x14Q@\x05\x14\
Q@\x05\x14Q@\x05\x14Q@\x05\x14Q@\x05\x14\
Q@\x05\x14Q@\x05\x14Q@\x05\x14Q@\x05\x14\
Q@\x05\x14Q@\x05\x14Q@\x05\x14Q@\x05\x14\
Q@\x05\x14Q@\x05\x14Q@\x05\x14Q@\x05\x14\
Q@\x05\x14Q@\x05\x14Q@\x05\x14Q@\x05\x14\
Q@\x05\x14Q@\x05\x14Q@\x05\x14Q@\x05\x14\
Q@\x05\x14Q@\x05\x14Q@\x05\x14Q@\x05\x14\
Q@\x05\x14Q@\x05\x14Q@\x05\x14Q@\x05\x14\
Q@\x05\x14Q@\x05\x14Q@\x05\x14Q@\x05\x14\
Q@\x05\x14Q@\x05\x14Q@\x05\x14Q@\x05\x14\
Q@\x05\x14Q@\x05\x14Q@\x05\x14Q@\x05\x14\
Q@\x05\x14Q@\x05\x14Q@\x05\x14Q@\x05\x14\
Q@\x05\x14Q@\x05\x14Q@\x05\x14Q@\x05\x14\
Q@\x05\x14Q@\x05\x14Q@\x05\x14Q@\x05t\
\x1a\xce\xad\xa3\xdd\xe8\xb6v\xd6v^M\xd4x\xf3\x1f\
\x18\xed\xcf=\xf3\x5c\xfd\x14\x09\xc6\xed0\xa2\x8a(\x18\
QE\x14\x00QE\x14\x00QE\x14\x00QE\x14\x00\
QE\x14\x00QE\x14\x00QE\x14\x00QE\x14\x00\
QE\x14\x00QE\x14\x00QE\x14\x00QE\x14\x00\
QE\x14\x00QE\x14\x00QE\x14\x00QE\x14\x00\
QE\x14\x00QE\x14\x00QE\x14\x00QE\x14\x00\
QE\x14\x00QE\x14\x00V\xc6\x8b\xe2K\x8d\x12\xda\
\xe2\x08b\x8d\xc4\xfd\xdb\xf8N+\x1e\x8a\x04\xd2j\xcc\
^\xb4\x94Q@\xc2\x8a(\xa0\x02\x8a(\xa0\x02\x8a(\
\xa0\x02\x8a(\xa0\x02\x8a(\xa0\x02\x8a(\xa0\x02\x8a(\
\xa0\x02\x8a(\xa0\x02\x8a(\xa0\x02\x8a(\xa0\x02\x8a(\
\xa0\x02\x8a(\xa0\x02\x8a(\xa0\x02\x8a(\xa0\x02\x8a(\
\xa0\x02\x8a(\xa0\x02\x8a(\xa0\x02\x8a(\xa0\x02\x8a(\
\xa0\x02\x8a(\xa0\x02\x8a(\xa0\x02\x8a(\xa0\x02\x8a(\
\xa0\x02\x8a(\xa0\x02\x8a(\xa0\x02\x8a(\xa0\x02\x8a(\
\xa0\x02\x8a(\xa0\x02\x8a(\xa0\x02\x8a(\xa0\x02\x8a(\
\xa0\x02\x8a(\xa0\x02\x8a(\xa0\x02\x8a(\xa0\x02\x8a(\
\xa0\x02\x8a(\xa0\x02\x8a(\xa0\x02\x8a(\xa0\x02\x8a(\
\xa0\x02\x8a(\xa0\x02\x8a(\xa0\x02\x8a(\xa0\x02\x8a(\
\xa0\x02\x8a(\xa0\x02\x8a(\xa0\x02\x8a(\xa0\x02\x8a(\
\xa0\x02\x8a(\xa0\x02\x8a(\xa0\x02\x8a(\xa0\x02\x8a(\
\xa0\x02\x8a(\xa0\x02\x8a(\xa0\x02\x8a(\xa0\x02\x8a(\
\xa0\x02\x8a(\xa0\x02\x8a(\xa0\x02\x8a(\xa0\x02\x8a(\
\xa0\x02\x8a(\xa0\x02\x8a(\xa0\x02\x8a(\xa0\x02\x8a(\
\xa0\x02\x8a(\xa0\x02\x8a(\xa0\x02\x8a(\xa0\x02\x8a(\
\xa0\x02\x8a(\xa0\x02\x8a(\xa0\x02\x8a(\xa0\x02\x8a(\
\xa0\x02\x8a(\xa0\x02\x8a(\xa0\x02\x8a(\xa0\x02\x8a(\
\xa0\x02\x8a(\xa0\x02\x8a(\xa0\x02\x8a(\xa0\x02\x8a(\
\xa0\x02\x8a(\xa0\x02\x8a(\xa0\x02\x8a(\xa0\x02\x8a(\
\xa0\x02\x8a(\xa0\x02\x8a(\xa0\x02\x8a(\xa0\x02\xba?\
\x07iz\x1e\xa5%\xd0\xd6o>\xce\x11\x01\x8cn\xdb\
\x9e\xb99\xf6\xe3\x8a\xe7(\xa0\x99+\xab&>eE\
\x95\xd66\xdc\x81\x88V\xf5\x1e\xb4\xca(\xa0\xa0\xa2\x8a\
(\x00\xa2\x8a(\x00\xa2\x8a(\x00\xa2\x8a(\x00\xa2\x8a\
(\x00\xa2\x8a(\x00\xa2\x8a(\x00\xa2\x8a(\x00\xa2\x8a\
(\x00\xa2\x8a(\x00\xa2\x8a(\x00\xa2\x8a(\x00\xa2\x8a\
(\x00\xa2\x8a(\x00\xa2\x8a(\x00\xa2\x8a(\x00\xa2\x8a\
(\x00\xa2\x8a(\x00\xa2\x8a(\x00\xa2\x8a(\x00\xa2\x8a\
(\x00\xa2\x8a(\x00\xa2\x8a(\x00\xa2\x8a(\x00\xa2\x8a\
(\x00\xa2\x8a(\x00\xa2\x8a(\x00\xa2\x8a(\x00\xa2\x8a\
(\x00\xa2\x8a(\x00\xa2\x8a(\x00\xa2\x8a(\x00\xa2\x8a\
(\x00\xa2\x8a(\x00\xa2\x8a(\x00\xa2\x8a(\x00\xa2\x8a\
(\x00\xa2\x8a(\x00\xa2\x8a(\x00\xa2\x8a(\x00\xa2\x8a\
(\x00\xa2\x8a(\x00\xa2\x8a(\x00\xa2\x8a(\x00\xa2\x8a\
(\x00\xa2\x8a(\x00\xa2\x8a(\x00\xa2\x8a(\x00\xa2\x8a\
(\x00\xa2\x8a(\x00\xa2\x8a(\x00\xa2\x8a(\x00\xa2\x8a\
(\x00\xa2\x8a(\x00\xa2\x8a(\x00\xa2\x8a(\x00\xa2\x8a\
(\x00\xa2\x8a(\x00\xa2\x8a(\x00\xa2\x8a(\x00\xa2\x8a\
(\x00\xa2\x8a(\x00\xa2\x8a(\x00\xa2\x8a(\x00\xa2\x8a\
(\x00\xa2\x8a(\x00\xa2\x8a(\x00\xa2\x8a(\x00\xa2\x8a\
(\x00\xa2\x8a(\x00\xa2\x8a(\x00\xa2\x8a(\x00\xa2\x8a\
(\x00\xa2\x8a(\x00\xa2\x8a(\x00\xa2\xa5\x92\xd6xc\
Id\x89\xd5\x1f\xee\xb1\x1c\x1a\x8a\x80\x0a(\xa2\x80\x0a\
(\xa2\x80\x0a(\xa2\x80\x0a(\xa2\x80\x0a(\xa2\x80\x0a\
(\xa2\x80\x0a(\xa2\x80\x0a(\xa2\x80\x0a(\xa2\x80\x0a\
(\xa2\x80\x0a(\xa2\x80\x0a(\xa2\x80\x0a(\xa2\x80\x0a\
(\xa2\x80\x0a(\xa2\x80\x0a(\xa2\x80\x0a(\xa2\x80\x0a\
(\xa2\x80\x0a(\xa2\x80\x0a(\xa2\x80\x0a(\xa2\x80\x0a\
(\xa2\x80\x0a(\xa2\x80\x0a(\xa2\x80\x0a(\xa2\x80\x0a\
(\xa2\x80\x0a(\xa2\x80\x0a(\xa2\x80\x0a(\xa2\x80\x0a\
(\xa2\x80\x0a(\xa2\x80\x0a(\xa2\x80\x0a(\xa2\x80\x0a\
(\xa2\x80\x0a(\xa2\x80\x0a(\xa2\x80\x0a(\xa2\x80\x0a\
(\xa2\x80\x0a(\xa2\x80\x0a(\xa2\x80\x0a(\xa2\x80\x0a\
(\xa2\x80\x0a(\xa2\x80\x0a(\xa2\x80\x0a(\xa2\x80\x0a\
(\xa2\x80\x0a(\xa2\x80\x0a(\xa2\x80\x0a(\xa2\x80\x0a\
(\xa2\x80\x0a(\xa2\x80\x0a(\xa2\x80\x0a(\xa2\x80\x0a\
(\xa2\x80\x0a(\xa2\x80\x0a(\xa2\x80\x0a(\xa2\x80\x0a\
(\xa2\x80\x0a(\xa2\x80\x0a(\xa2\x80\x0a(\xa2\x80\x0a\
(\xa2\x80\x0a(\xa2\x80\x0a(\xa2\x80\x0a(\xa2\x80\x0a\
(\xa2\x80\x0a(\xa2\x80\x0a(\xa2\x80\x0a(\xa2\x80\x0a\
(\xa2\x80\x0a(\xa2\x80\x0a(\xa2\x80\x0a(\xa2\x80\x0a\
(\xa2\x80\x0a(\xa2\x80\x0a(\xa2\x80\x0a(\xa2\x80\x0a\
(\xa2\x80\x0a(\xa2\x80\x0a(\xa2\x80\x0a(\xa2\x80\x0a\
(\xa2\x80\x0a(\xa2\x80\x0a(\xa2\x80\x0a(\xa2\x80\x0a\
(\xa2\x80\x0a(\xa2\x80\x0a(\xa2\x80\x0a(\xa2\x80\x0a\
(\xa2\x80\x0a(\xa2\x80\x0a(\xa2\x80\x0a(\xa2\x80\x0a\
(\xa2\x80\x0a(\xa2\x80\x0a(\xa2\x80\x0a(\xa2\x80\x0a\
(\xa2\x80\x0a(\xa2\x80\x0a(\xa2\x80\x0a(\xa2\x80\x0a\
(\xa2\x80\x0a(\xa2\x80\x0a(\xa2\x80\x0a(\xa2\x80\x0a\
(\xa2\x80\x0a(\xa2\x80\x0a(\xa2\x80\x0a(\xa2\x80\x0a\
(\xa2\x80\x0a(\xa2\x80\x0a(\xa2\x80\x0a(\xa2\x80\x0a\
(\xa2\x80\x0a(\xa2\x80\x0a(\xa2\x80\x0a(\xa2\x80\x0a\
(\xa2\x80\x0a(\xa2\x80\x0a(\xa2\x80\x0a(\xa2\x80\x0a\
(\xa2\x80\x0a(\xa2\x80\x0a(\xa2\x80\x0a(\xa2\x80\x0a\
(\xa2\x80\x0a(\xa2\x80\x0a(\xa2\x80\x0a(\xa2\x80\x0a\
(\xa2\x80\x0a(\xa2\x80\x0a(\xa2\x80\x0a(\xa2\x80\x0a\
(\xa2\x80\x0a(\xa2\x80\x0a(\xa2\x80\x0a(\xa2\x80\x0a\
(\xa2\x80\x0a(\xa2\x80\x0a(\xa2\x80\x0a(\xa2\x80\x0a\
(\xa2\x80\x0a(\xa2\x80\x0a(\xa2\x80\x0a(\xa2\x80\x0a\
(\xa2\x80\x0a(\xa2\x80\x0a(\xa2\x80\x0a(\xa2\x80\x0a\
(\xa2\x80\x0a(\xa2\x80\x0a(\xa2\x80\x0a(\xa2\x80\x0a\
(\xa2\x80\x0a(\xab\x9a^\x97q\xab\xdd\x0bk`\xbb\
\xf0I,p\x00\xa0M\xdbVS\xa2\xa6\xbc\xb4\x96\xc6\
\xe6Ki\x80\x12Fp@5\x0d\x03\x0a(\xa2\x80\x0a\
(\xa2\x80\x0a(\xa2\x805u\x1f\x10\xdcjV\x10Y\
\xc9\x1a*\xc3\x8f\x98u8\xac\xaa(\xa0I%\xb0Q\
E\x14\x0c(\xa2\x8a\x00(\xa2\x8a\x00(\xa2\x8a\x00(\
\xa2\x8a\x00(\xa2\x8a\x00(\xa2\x8a\x00(\xa2\x8a\x00(\
\xa2\x8a\x00(\xa2\x8a\x00(\xa2\x8a\x00(\xa2\x8a\x00(\
\xa2\x8a\x00(\xa2\x8a\x00(\xa2\x8a\x00(\xa2\x8a\x00(\
\xa2\x8a\x00(\xa2\x8a\x00(\xa2\x8a\x00(\xa2\x8a\x00(\
\xa2\x8a\x00(\xa2\x8a\x00(\xa2\x8a\x00(\xa2\x8a\x00(\
\xa2\x8a\x00(\xa2\x8a\x00(\xa2\x8a\x00(\xa2\x8a\x00(\
\xa2\x8a\x00(\xa2\x8a\x00(\xa2\x8a\x00(\xa2\x8a\x00(\
\xa2\x8a\x00(\xa2\x8a\x00(\xa2\x8a\x00(\xa2\x8a\x00(\
\xa2\x8a\x00(\xa2\x8a\x00(\xa2\x8a\x00(\xa2\x8a\x00(\
\xa2\x8a\x00(\xa2\x8a\x00(\xa2\x8a\x00(\xa2\x8a\x00(\
\xa2\x8a\x00(\xa2\x8a\x00(\xa2\x8a\x00(\xa2\x8a\x00(\
\xa2\x8a\x00(\xa2\x8a\x00(\xa2\x8a\x00(\xa2\x8a\x00(\
\xa2\x8a\x00(\xa2\x8a\x00(\xa2\x8a\x00(\xa2\x8a\x00(\
\xa2\x8a\x00(\xa2\x8a\x00(\xa2\x8a\x00(\xa2\x8a\x00(\
\xa2\x8a\x00(\xa2\x8a\x00(\xa2\x8a\x00(\xa2\x8a\x00(\
\xa2\x8a\x00(\xa2\x8a\x00(\xa2\x8a\x00(\xa2\x8a\x00(\
\xa2\x8a\x00(\xa2\x8a\x00(\xa2\x8a\x00(\xa2\x8a\x00(\
\xa2\x8a\x00(\xa2\x8a\x00(\xa2\x8a\x00(\xa2\x8a\x00(\
\xa2\x8a\x00(\xa2\x8a\x00(\xa2\x8a\x00(\xa2\x8a\x00(\
\xa2\x8a\x00(\xa2\x8a\x00(\xa2\x8a\x00(\xa2\x8a\x00(\
\xa2\x8a\x00(\xa2\x8a\x00(\xa2\x8a\x00(\xa2\x8a\x00(\
\xa2\x8a\x00(\xa2\x8a\x00(\xa2\x8a\x00(\xa2\x8a\x00(\
\xa2\x8a\x00(\xa2\x8a\x00(\xa2\x8a\x00(\xa2\x8a\x00(\
\xa2\x8a\x00(\xa2\x8a\x00(\xa2\x8a\x00(\xa2\x8a\x00(\
\xa2\x8a\x00(\xa2\x8a\x00(\xa2\x8a\x00(\xa2\x8a\x00(\
\xa2\x8a\x00(\xa2\x8a\x00(\xa2\x8a\x00(\xa2\x8a\x00(\
\xa2\x8a\x00(\xa2\x8a\x00(\xa2\x8a\x00(\xa2\x8a\x00(\
\xa2\x8a\x00(\xa2\x8a\x00(\xa2\x8a\x00(\xa2\x8a\x00(\
\xa2\x8a\x00*\xd6\x99\x15\xb4\xf7\xf0Gw!\x8e\x06l\
;z\x0a\xabE\x00\xcdO\x11Z\xe9\xf6z\x8bE\xa6\
\xcd\xe6\xc1\xb4\x1c\xe78>\x99\xac\xba(\xa0IYX\
(\xa2\x8a\x06\x14QE\x00\x14QE\x00\x14QE\x00\
\x14QE\x00\x14QE\x00\x14QE\x00\x14QE\x00\
\x14QE\x00\x15\xbd\xabXh\xd6\xfa5\xa4\xf6wF\
K\xb7\xc7\x98\xb9\xcfnx\xed\x8a\xc1\xa2\x815p\xa2\
\x8a(\x18QE\x14\x00QE\x14\x00QE\x14\x00Q\
E\x14\x00QE\x14\x00QE\x14\x00QE\x14\x00Q\
E\x14\x00QE\x14\x00QZ\xfe\x1a}%/\xc9\xd5\
\xd70l;r\x09\x1b\xbd\xf1Y\xf7\xc6\xdc\xdeLm\
\x01\x10o>X=v\xf6\xa0W\xd6\xc4\x14QE\x03\
\x0a(\xa2\x80\x0a(\xa2\x80\x0a(\xa2\x80\x0a(\xa2\x80\
\x0a(\xa2\x80\x0a(\xa2\x80\x0a(\xa2\x80\x0a(\xa2\x80\
\x0a(\xa2\x80\x0a(\xa2\x80\x0a(\xa2\x80\x0a(\xa2\x80\
\x0a(\xa2\x80\x0a\x9a\xd2\xf2{\x19\x84\xd6\xd2\xb4r\x0e\
\x8c*\x1a(\x01\xf3M%\xc4\xad,\xae]\xd8\xe4\xb1\
\xeai\x94Q@\x05\x14Q@\x05\x14Q@\x05\x14Q\
@\x05\x14Q@\x05\x14Q@\x05\x14Q@\x05\x14Q\
@\x05\x14Q@\x05\x14Q@\x05\x14Q@\x05\x14Q\
@\x05\x14Q@\x05\x14Q@\x05\x14Q@\x05\x14Q\
@\x05\x14Q@\x05\x14Q@\x05\x14Q@\x05\x14Q\
@\x05\x14Q@\x05\x14Q@\x05\x14Q@\x05\x14Q\
@\x05\x14Q@\x05\x14Q@\x05\x14Q@\x05\x14Q\
@\x05\x14Q@\x05\x14Q@\x05\x14Q@\x05\x14Q\
@\x05\x14Q@\x05\x14Q@\x05\x14Q@\x05\x14Q\
@\x05\x14Q@\x05\x14Q@\x05\x14Q@\x05\x14Q\
@\x05\x14Q@\x05\x14Q@\x05\x14Q@\x05\x14Q\
@\x05\x14Q@\x05\x14Q@\x05\x14Q@\x05\x14Q\
@\x05\x14Q@\x05\x14Q@\x05\x14Q@\x05\x14Q\
@\x05\x14Q@\x05\x14Q@\x05\x14Q@\x05\x14Q\
@\x05\x14Q@\x05\x14Q@\x05\x14Q@\x05\x14Q\
@\x05\x14Q@\x05\x14Q@\x05\x14Q@\x05\x14Q\
@\x05\x14Q@\x05\x14Q@\x05\x14Q@\x05\x14Q\
@\x05\x14Q@\x05\x14Q@\x05\x14Q@\x05\x14Q\
@\x05\x14Q@\x05\x14Q@\x05\x14Q@\x05\x14Q\
@\x05\x14Q@\x05\x14Q@\x05\x14Q@\x05\x14Q\
@\x05\x14Q@\x05\x14Q@\x05\x14Q@\x05\x14Q\
@\x05\x14Q@\x05\x14Q@\x05\x14Q@\x05\x14Q\
@\x05\x14Q@\x05\x14Q@\x05\x14S\x927\x93;\
\x11\x9b\x1c\x9c\x0c\xd0\x03h\xa2\x8a\x00(\xa2\x8a\x00(\
\xa2\x8a\x00(\xa2\x8a\x00(\xa2\x8a\x00(\xa2\x8a\x00(\
\xa2\x8a\x00(\xa2\x8a\x00(\xa2\x8a\x00(\xa2\x8a\x00(\
\xa2\x8a\x00(\xa2\x8a\x00(\xa2\x8a\x00(\xa2\x8a\x00(\
\xa2\x8a\x00(\xa2\x8a\x00(\xa2\x8a\x00(\xa2\x8a\x00(\
\xa2\x8a\x00(\xa2\x8a\x00(\xa2\x8a\x00(\xa2\x8a\x00(\
\xa2\x8a\x00(\xa2\x8a\x00(\xa2\x8a\x00(\xa2\x8a\x00(\
\xa2\x8a\x00(\xa2\x8a\x00(\xa2\x8a\x00(\xa2\x8a\x00(\
\xa2\x8a\x00(\xa2\x8a\x00(\xa2\x8a\x00(\xa2\x8a\x00(\
\xa2\x8a\x00(\xa2\x8a\x00(\xa2\x8a\x00(\xa2\x8a\x00(\
\xa2\x8a\x00(\xa2\x8a\x00(\xa2\x8a\x00(\xa2\x8a\x00(\
\xa2\x8a\x00(\xa2\x8a\x00(\xa2\x8a\x00(\xa2\x8a\x00(\
\xa2\x8a\x00(\xa2\x8a\x00(\xa2\x8a\x00(\xa2\x8a\x00(\
\xa2\x8a\x00(\xa2\x8a\x00(\xa2\x8a\x00(\xa2\x8a\x00(\
\xa2\x8a\x00(\xa2\x8a\x00(\xa2\x8a\x00(\xa2\x8a\x00(\
\xa2\x8a\x00(\xa2\x8a\x00(\xa2\x8a\x00(\xa2\x8a\x00(\
\xa2\x8a\x00(\xa2\x8a\x00(\xa2\x8a\x00(\xa2\x8a\x00(\
\xa2\x8a\x00(\xa2\x8a\x00(\xa2\x8a\x00(\xa2\x8a\x00(\
\xa2\x8a\x00(\xa2\x8a\x00(\xa2\x8a\x00(\xa2\x8a\x00(\
\xa2\x8a\x00(\xa2\x8a\x00(\xa2\x8a\x00(\xa2\x8a\x00(\
\xa2\x8a\x00(\xa2\x8a\x00(\xa2\x8a\x00(\xa2\x8a\x00(\
\xa2\x8a\x00(\xa2\x8a\x00(\xa2\x8a\x00(\xa2\x8a\x00(\
\xa2\x8a\x00(\xa2\x8a\x00(\xa2\x8a\x00(\xa2\x8a\x00(\
\xa2\x8a\x00(\xa2\x8a\x00(\xa2\x8a\x00(\xa2\x8a\x00(\
\xa2\x8a\x00(\xa2\x8a\x00(\xa2\x8a\x00(\xa2\x8a\x00(\
\xa2\x8a\x00(\xa2\x8a\x00(\xa2\x8a\x00(\xa2\x8a\x00(\
\xa2\x8a\x00(\xa2\x8a\x00(\xa2\x8a\x00(\xa2\x8a\x00(\
\xa2\x8a\x00(\xa2\x8a\x00(\xa2\x8a\x00(\xa2\x8a\x00(\
\xa2\x8a\x00(\xa2\x8a\x00(\xa2\x8a\x00(\xa2\x8a\x00(\
\xa2\x8a\x00(\xa2\x8a\x00(\xa2\x8a\x00(\xa2\x8a\x00(\
\xa2\x8a\x00(\xa2\x8a\x00(\xa2\x8a\x00(\xa2\x8a\x00(\
\xa2\x8a\x00(\xa2\x8a\x00(\xa2\x8a\x00(\xa2\x8a\x00(\
\xa2\x8a\x00(\xa2\x8a\x00(\xa2\x8a\x00(\xa2\x8a\x00(\
\xa2\x8a\x00(\xa2\x8a\x00(\xa2\x8a\x00(\xa2\x8a\x00(\
\xa2\x8a\x00(\xa2\x8a\x00(\xa2\x8a\x00(\xa2\x8a\x00(\
\xa2\x8a\x00(\xa2\x8a\x00(\xa2\x8a\x00(\xa2\x8a\x00(\
\xa2\x8a\x00(\xa2\x8a\x00(\xa2\x8a\x00(\xa2\x8a\x00(\
\xa2\x8a\x00(\xa2\x8a\x00(\xa2\x8a\x00(\xa2\x8a\x00(\
\xa2\x8a\x00(\xa2\x8a\x00(\xa2\x8a\x00(\xa2\x8a\x00(\
\xa2\x8a\x00(\xa2\x8a\x00(\xa2\x8a\x00(\xa2\x8a\x00(\
\xa2\x8a\x00+\xb7\xf0'\x894\x9d\x1a\xca\xe2\x1b\xd3\xe5\
J\xcd\xbb~\xd2w\x8ct\xe2\xb8\x8a*\xa3'\x17t\
T&\xe2\xee\x8bz\xb5\xc47z\x95\xcd\xc5\xbc~\x5c\
2HY\x17\xd0UJ(\xa9d\xb7p\xa2\x8a(\x00\
\xa2\x8a(\x00\xa2\x8a(\x00\xa2\x8a(\x00\xa2\x8a(\x00\
\xa2\x8a(\x00\xa2\x8a(\x00\xa2\x8a(\x00\xa2\x8a(\x00\
\xa2\x8a(\x00\xa2\x8a(\x00\xa2\x8a(\x00\xa2\x8a(\x00\
\xa2\x8a(\x00\xa2\x8a(\x00\xa2\x8a(\x00\xa2\x8a(\x00\
\xa2\x8a(\x00\xa2\x8a(\x00\xa2\x8a(\x00\xa2\x8a(\x00\
\xa2\x8a(\x00\xa2\x8a(\x00\xa2\x8a(\x00\xa2\x8a(\x00\
\xa2\x8a(\x00\xa2\x8a(\x00\xa2\x8a(\x00\xa2\x8a(\x00\
\xa2\x8a(\x00\xa2\x8a(\x00\xa2\x8a(\x00\xa2\x8a(\x00\
\xa2\x8a(\x00\xa2\x8a(\x00\xa2\x8a(\x00\xa2\x8a(\x00\
\xa2\x8a(\x00\xa2\x8a(\x00\xa2\x8a(\x00\xa2\x8a(\x00\
\xa2\x8a(\x00\xa2\x8a(\x00\xa2\x8a(\x00\xa2\x8a(\x00\
\xa2\x8a(\x00\xa2\x8a(\x00\xa2\x8a(\x00\xa2\x8a(\x00\
\xa2\x8a(\x00\xa2\x8a(\x00\xa2\x8a(\x00\xa2\x8a(\x00\
\xa2\x8a(\x00\xa2\x8a(\x00\xa2\x8a(\x00\xa2\x8a(\x00\
\xa2\x8a(\x00\xa2\x8a(\x00\xa2\x8a(\x00\xa2\x8a(\x00\
\xa2\x8a(\x00\xa2\x8a(\x00\xa2\x8a(\x00\xa2\x8a(\x00\
\xa2\x8a(\x00\xa2\x8a(\x00\xa2\x8a(\x00\xa2\x8a(\x00\
\xa2\x8a(\x00\xa2\x8a(\x00\xa2\x8a(\x00\xa2\x8a(\x00\
\xa2\x8a(\x00\xa2\x8a(\x00\xa2\x8a(\x00\xa2\x8a(\x00\
\xa2\x8a(\x00\xa2\x8a(\x00\xa2\x8a(\x00\xa2\x8a(\x00\
\xa2\x8a(\x00\xa2\x8a(\x00\xa2\x8a(\x00\xa2\x8a(\x00\
\xa2\x8a(\x00\xa2\x8a(\x00\xa2\x8a(\x00\xa2\x8a(\x00\
\xa2\x8a\x9a\xcc\xc4\xb7p\x99\xbf\xd5\x87\x1b\xbe\x99\xa0\x07\
\xff\x00g^y\x1fh\xfb4\xbeW\xf7\xf6\x9cUj\
\xf5\xe3$\x1fg\xdf\xb9<\x8d\xb9\xcf\xf0\xe2\xbc\x9e\xf0\
\xc6\xd7s\x18\x7f\xd5\x97;~\x99\xa0\x08h\xa2\x8a\x00\
(\xa2\x8a\x00(\xa2\x8a\x00(\xa2\x8a\x00(\xa2\x8a\x00\
(\xa2\x8a\x00(\xa2\x8a\x00(\xa2\x8a\x00(\xa2\x8a\x00\
(\xa2\x8a\x00(\xa2\x8a\x00(\xa2\x8a\x00(\xa2\x8a\x00\
(\xa2\x8a\x00(\xa2\x8a\x00(\xa2\x8a\x00(\xa2\x8a\x00\
(\xa2\x8a\x00(\xa2\x8a\x00(\xa2\x8a\x00(\xa2\x8a\x00\
(\xa2\x8a\x00(\xa5\x1dk\xa1\xf17\x87,\xb4K;\
)\xadu\x05\xb9i\xc6Yx\xe3\x81\xc8\xf6\xa0\x97$\
\x9aG;E\x14PPQE\x14\x00QE\x14\x00Q\
E\x14\x00QE\x14\x00QE\x14\x00QE\x14\x00Q\
E\x14\x00QE\x14\x00QE\x14\x00QE\x14\x00Q\
E\x14\xec\x01E\x14Q`\x0a(\xa2\x8b\x00QE\x14\
X\x02\x8a(\xa2\xc0\x14R\xd1E\x80J(\xa2\x8b\x00\
QKF(\xb0\x09E.(\xc5\x16\x01(\xa5\xc5\x18\
\xa2\xc0%\x14\xb8\xa3\x14X\x04\xa2\x97\x14b\x8b\x00\x94\
R\xe2\x8cQ`\x12\x8a\x5cQ\x8a,\x02QK\x8a1\
E\x80J)qF(\xb0\x09E.(\xc5\x16\x01(\
\xa5\xc5\x18\xa2\xc0%\x14\xb8\xa3\x14X\x04\xa2\x97\x14b\
\x8b0\x12\x8a\x5cQ\x8a,\xc0J)qF(\xb3\x01\
(\xa5\xc5\x18\xa2\xcc\x04\xa2\x97\x14b\x8b0\x12\x8a\x5c\
Q\x8a,\xc0J)qF(\xb3\x01(\xa5\xc5\x18\xa2\
\xcc\x04\xa2\x97\x14b\x8b0\x12\x8a\x5cQ\x8a,\xc0J\
)qF(\xb3\x01(\xa5\xc5\x18\xa2\xcc\x04\xa2\x97\x14\
b\x8b0\x12\x8a\x5cQ\x8a,\xc0J)qF(\xb3\
\x01(\xa5\xc5\x18\xa2\xcc\x04\xa2\x97\x14\xbbh\xb0\x0d\xa2\
\x9d\xb7\xde\x8d\xb4Y\x80\xda)\xdbh\xdbE\x98\x0d\xa2\
\x9d\xb6\x8d\xb4Y\x80\xda)\xdbh\xdbE\x98\x0d\xa2\x9d\
\xb4Q\xb6\x8b0\x1bE;e.\xc1E\x98\x0c\xa2\x9f\
\xb0Q\xb0Qf\x03(\xa7\xec\x14l\x14Y\x80\xca)\
\xfb\x05\x1b\x05\x16`2\x8a~\xc1F\xc1E\x98\x0c\xa2\
\x9f\xb0Q\xb0Qf\x03(\xa7\xec\x14l\x14Y\x80\xca\
)\xfb\x05\x1b\x05\x16`2\x8a~\xc1F\xc1E\x98\x0c\
\xa2\x9f\xb0Q\xb0Qf\x03(\xa7\xec\x14l\x14Y\x80\
\xca)\xfb\x05k\xd8\xf8Z\xefQ\xd1\xe7\xd4\xe0\x922\
\x90\x93\xb9\x09\xf9\xb0:\xd1`1h\xa7\xed\x14l\x14\
r\xb0\x19E?`\xa3`\xa3\x95\x80\xca)\xfb\x05\x1b\
\x05>V\x03(\xa7\xec\x14l\x14r\xb0\x19E?`\
\xa3`\xa3\x95\x80\xca)\xfb\x07\xbd\x1b\x07\xbd.V\x03\
(\xa7\xec\x1e\xf4l\x1e\xf4r\xb0\x19E?`\xf7\xa3\
`\xf54r\xb0\x19E?`\xf54l\x1e\xa6\x9f+\
\x01\x94S\xf6\x0fSF\xc1\xeah\xe5`2\x8a~\xc1\
\xeah\xd8=M\x1c\xac\x06QO\xd8=M\x1b\x07\xa9\
\xa3\x95\x80\xca)\xfb\x07\xa9\xa3`\xf54r\xb0\x19E\
?`\xf54l\x1e\xa6\x8eV\x03(\xa7\xec\x1e\xa6\x8d\
\x83\xd4\xd2\xe5`2\x8a~\xc1\xeah\xd8=M\x1c\xac\
\x06QO\xd8=M\x1b\x07\xa9\xa3\x95\x80\xca)\xfb\x07\
\xa9\xa3`\xf54r\xb0\x19E?`\xf54l\x1e\xa6\
\x8eV\x03(\xa7\xec\x1e\xa6\x8d\x83\xd4\xd1\xca\xc0e\x14\
\xfd\x83\xd4\xd1\xb0z\x9a9X\x0c\xa2\xa66\xee\x10H\
R@\x87\xa3\x15\xe0\xfe4\xdd\x83\xd4\xd1\xca\xc0\x8e\x8a\
~\xc1\xeah\xd8=M\x1c\xac\x06QO\xd8=M\x1b\
\x07\xa9\xa3\x95\x80\xca)\xfb\x07\xa9\xa3`\xf54r\xb0\
\x19E?`\xf54l\x1e\xa6\x8eV\x03(\xa7\xec\x1e\
\xa6\x8d\x83\xd4\xd1\xca\xc0e\x14\xfd\x83\xd4\xd1\xb0z\x9a\
9X\x0c\xa2\x9f\xb0z\x9a6\x0fSG+\x01\x94S\
\xf6\x0fSF\xc1\xeah\xe5`2\x8a~\xc1\xeah\xd8\
=M\x1c\xac\x06QO\xd8=M\x1b\x07\xa9\xa3\x95\x80\
\xca)\xfb\x07\xa9\xa3`\xf54r\xb0\x19E?`\xf5\
4l\x1e\xa6\x8eV\x03(\xa7\xec\x1e\xa6\x8d\x83\xd4\xd1\
\xca\xc0e\x14\xfd\x83\xd4\xd1\xb0z\x9a9X\x0c\xa2\x9f\
\xb0z\x9a6\x0fSG+\x01\x94S\xf6\x0fSF\xc1\
\xeah\xe5`2\x8a~\xc1\xeah\xd8=M\x1c\xac\x06\
QO\xd8=M\x1b\x07\xa9\xa7\xca\xc0e\x14\xfd\x83\xd4\
\xd1\xb0z\x9a\x5c\xac\x06QO(\x00\xefZ\xfa\xcf\x86\
.tKKK\x99\xe5\x89\xd6\xe4d\x04<\xafz|\
\xacW1h\xa7\xec\x1e\xa6\x8d\x83\xd4\xd1\xca\xc62\x8a\
~\xc1\xeah\xd8=M\x1c\xac\x06QO\xd8=M\x1b\
\x07\xa9\xa3\x95\x80\xca)\xfb\x07\xa9\xa3`\xf54\xb9X\
\x0c\xa2\x9f\xb0z\x9a6\x0fz,\xc0e\x14\xfd\x83\xde\
\x8d\x83\xde\x8eV\x03(\xa7\xec\x1e\xf4l\x14r\xb0\x19\
E?`\xa3`\xa7\xca\xc0e\x14\xfd\x82\x8d\x82\x8eV\
\x03(\xa7\xec\x14l\x14r\xb0\x19E?`\xa3`\xa3\
\x95\x80\xca)\xfb\x05\x1b\x05.V\x03(\xa7\xec\x14l\
\x14r\xb0\x19E?`\xa3`\xa2\xcc\x06QO\xd8(\
\xd8(\xb3\x01\x94S\xf6\x0a6\x0a,\xc0e\x14\xfd\x82\
\x8d\x82\x8b0\x19E?`\xa3`\xa2\xcc\x06QO\xd8\
(\xd8(\xb3\x01\x94S\xf6\x0a6\x0a,\xc0e\x14\xfd\
\x82\x8d\x82\x8b0\x19E?`\xa3`\xa2\xcc\x06QO\
\xd8(\xd8(\xb3\x01\x94S\xb6Q\xb6\x8b0\x1bE;\
h\xa3h\xa2\xcc\x06\xd1N\xdbF\xda,\xc0m\x14\xed\
\xb4m\xa2\xcc\x06\xd1N\xdbF\xda,\xc0m\x14\xed\xb4\
m\xa2\xcc\x06\xd1K\x8a1E\x98\x0f\xf3\xe5\xf2\xfc\xbf\
5\xf6\x7fww\x15\x1d.(\xc5\x16`%\x14\xb8\xa3\
\x14Y\x80\x94R\xe2\x8cQf\x02QK\x8a1E\x98\
\x09E.(\xc5\x16`%\x14\xb8\xa3\x14Y\x80\x94R\
\xe2\x8cQf\x02QK\x8a1E\x98\x09E.(\xc5\
\x16`%\x14\xb8\xa3\x14Y\x80\x94T\xd2\xfd\x9f\xca\x8f\
\xca\x12\xf9\x9f\xc7\xb8\x8c~\x15\x16(\xb0\x09E.(\
\xc5\x16`%\x14\xb8\xa3\x14Y\x80\x94R\xe2\x8cQf\
\x02QK\x8a1E\x98\x09E.(\xc5\x16`%\x14\
\xb8\xa3\x14Y\x80\x94R\xe2\x8cQ`\x12\x8a\x5cQ\x8a\
,\x02QK\x8a1E\x80J)qF(\xb0\x09E\
.(\xc5\x16\x01(\xa5\xc5\x18\xa2\xc0%-\x18\xa3\x14\
X\x04\xa2\x97\x14b\x8b\x00\x94R\xe2\x8cQ`\x12\x8a\
\x5cQ\x8a,\x02QK\x8a(\xb0\x09E\x14Q`\x0a\
(\xa2\x8b\x00QE\x14X\x02\x8a(\xa2\xc0\x14QE\
\x16\x00\xa2\x8a(\xb0\x05\x14QE\x80(\xa2\x8a\xa0\x0a\
(\xa2\x80\x0a(\xa2\x80\x0a(\xa2\x80\x0a(\xa2\x80\x0a\
)E\x18\xa0\x03\x14\x0aZ(\xb0\x05\x14QL\x02\x8a\
(\xa0\x02\x8a(\xa0\x02\x8a(\xa0\x02\x8a(\xa0\x02\x8a\
(\xa0\x02\x8a(\xa0\x02\x8a(\xa0\x02\x8a(\xa0\x02\x8a\
(\xa0\x02\x8a(\xa0\x02\x8a(\xa0\x02\x8a(\xa0\x02\x8a\
(\xa0\x02\x8a(\xa0\x02\x8a(\xa0\x02\x8a(\xa0\x02\x8a\
(\xa0\x02\x8a(\xa0\x02\x8a(\xa0\x02\x8a(\xa0\x02\x8a\
(\xa0\x02\x8a(\xa0\x02\x8a(\xa0\x02\x8a(\xa0\x02\x8a\
1F(\x00\xa2\x96\x8a\x00LR\xd1E\x00\x14QE\
\x00\x14QE\x00\x14QF(\x00\xa2\x97\x14P\x02b\
\x97\x14Q@\x06(\xa2\x8a\x00(\xa2\x8a\x00(\xa2\x8a\
\x00(\xa2\x8av\x15\xc9\xec\xec\xe6\xbf\xba\x8e\xda\xdd7\
\xcb!\xc2\x8a\xb1\xab\xe8\x97\x9a,\xa8\x97J\xb8q\x95\
e9\x06\xabY\xdd\xcdau\x1d\xcd\xbbm\x963\x95\
5gW\xd6\xee\xf5\xb9RK\xa6\x5c \xc2\xa2\x0c\x05\
\xf5\xa9w\xb8\xf4\xb1B\x8a(\xaa\x10QE\x14\x00Q\
E\x14\x05\x82\x8a(\xa0,\x14QE\x03\x0a(\xa2\x80\
\x0a(\xa2\x80\x0a\x9a+\xbb\x88a\x92\x18\xe6t\x8a\x5c\
o@xlz\xd44P\x01E\x14\xb8\xa0\x04\xa2\x9f\
\x142O\x22\xc7\x123\xbb\x1c\x05Q\x92j[\xbb\x0b\
\xab\x09\x04wv\xf2@\xe4d\x07\x18\xcd\x17\x02\xbd\x14\
\xb8\xa2\x80\xb8\x94\xb8\xa5\xa2\x81\x5cLQ\x8aZ(\x01\
1E-\x14\x00QE\x14\x00QE\x14\xc0(\xa2\x8a\
\x00(\xa2\x8a@\x14QE0\x0a(\xa2\x80\xb1\xa1&\
\x89r\x9a$Z\xc2\x90\xf6\xef!\x89\xb1\xd5\x08\xe9\x9f\
\xadg\xd6\xbc\x9e \x7f\xf8Fb\xd0\xe3\x8fj\x09L\
\xb2\xb9?{\x9e\x00\xac\x8aJ\xe3\x0a(\xa3\x14\xc4\x14\
Q\x8a1@\xc2\x8a1F)\x08(\xa3\x14b\x81\x85\
\x14b\x97\x14\x08J)qE\x01q(\xa5\xa2\x80\xb8\
\x94R\xd1N\xc1s\xd24/\x13\xe8\x90x&+M\
Zh\xe7u\x0c\x86\xdc/\xccy8\xff\x00\xf5\xd7\x9b\
\x1cn8\x18\x19\xe0zR\xd1IF\xc1q(\xa5\xa2\
\x9d\x82\xe2QKE\x16\x0b\x89E-\x14X.&(\
\xc5-\x14X.&(\xc5-\x14X.&(\xc5-\
\x14X.&(\xa5\xa2\x8b\x05\xc4\xa2\x96\x8a,\x17\x12\
\x8aZ(\xb0\x5cLQ[ZE\x86\x91s\xa3jW\
\x17\xd7\x86\x1b\xb8@\xfb<`\xfd\xe3\xf4\xefX\xd4\x05\
\xc4\xa2\x96\x8a,\x17\x12\x8aZ(\x0b\x89E-\x14\x82\
\xe2QKE\x01q(\xa5\xc5\x18\xa0\x04\xa2\x97\x14b\
\x80\x12\x8a1F(\x00\xa2\x8cQ\x8aw\x00\xa2\x8cQ\
@\x05Y\xbb\xd4\xef/\xe1\x82\x1b\x99\xdaX\xed\xd7l\
J\x7f\x84Uj)\x05\x82\x8a(\xa6\x16\x0a(\xa2\x80\
\x0a(\xa2\x80\x0a(\xa2\x8b\x00QE\x14\x80(\xa2\x8a\
\x00J1KE\x00&(\xc5-\x14\x05\xc6\xd1N\xa2\
\x80\xb8\xda)qF(\x1d\xc4\xa2\x97\x14b\x80\x12\x8a\
ZJ\x00(\xa2\x8a\x00(\xa2\x8a\x00(\xa2\x8a\x00(\
\xa2\x8a\x00(\xa2\x8a\x05`\xa2\x8a(\x00\xa2\x8a(\x00\
\xa2\x8a(\x00\xa2\x8a(\xb0\x5c(\xa2\x8aV\x1d\xc2\x8a\
(\xa0\x02\x8a(\xa0\x02\x8cQE\x00&(\xa5\xa2\x80\
\x12\x8a\x5cRb\x80\x0a(\xa2\x80\x0a(\xa2\x80\x0a(\
\xa2\x80\x13\x14R\xd1@\x09E.)1@\x05\x14Q\
@\x05\x14Q@\x05\x14Q@\x05\x14Q@\x05\x14Q\
@\x05\x14Q@\x05\x14Q@\x05\x14Q@\x05\x14Q\
@\x05\x14Q@\x05\x14Q@\x05\x14Q@\x05\x14Q\
@\x05\x14Q@\x05\x14Q@\x05\x14Q@\x05\x14Q\
@\x05\x14Q@\x05\x14Q@\x05\x14Q@\x05\x14Q\
@\x05\x14Q@\x05\x14Q@\x05\x14Q@\x05\x14Q\
@\x05\x14Q@\x08i)\xd4\x94\x80J)H\xa4\xa0\
\x02\x8a(\xa0\x02\x8a(\xa0\x02\x8a(\xa0\x02\x8a(\xa0\
\x02\x8a(\xa4\xc0(\xa2\x8a`\x14QE\x00\x14QE\
\x00\x14QJ\x05\x00\x18\xa0R\xd1@\x05\x14QL\x02\
\x8a(\xa0\x02\x8a(\xa0\x02\x8a(\xa0\x02\x8a(\xa0\x02\
\x8a(\xa0\x02\x8a(\xa0\x02\x8a(\xa0\x02\x8a\xd0\xd1\xb4\
Yu\x99\x9e8\xe4X\xc2.K\x11\x9a\xa7s\x03Z\
\xdcI\x03\x15c\x1b\x15%O\x06\x95\xc0\x8e\x8a(\xa6\
\x01E\x14P\x01E\x14P\x01E\x14P\x01E\x14P\
\x01E\x14P\x01E\x14P\x01E\x14P\x01E\x14P\
\x01E\x14P\x01E\x14P\x01E\x14P\x01E\x14P\
\x01E\x14P\x01E\x14P\x01E\x14b\x80\x0a)q\
E\x00&)h\xa2\x80\x0a(\xa2\x80\x0a(\xa2\x80\x0a\
(\xa5\xc5\x00%\x14\xb8\xa2\x80\x0cQ\x8a(\xa0\x02\x8a\
(\xa0\x02\x8a(\xa0\x02\x8a(\xa2\xc1p\xa2\x8a)\xd8\
W\x0a(\xa2\x80\x0a(\xa2\x80\x0a(\xa2\x80\xb0QE\
\x14\x05\x82\x8a(\xa0aE\x14P\x01E\x14P\x01E\
\x14P\x01E.(\xc5\x00%\x14\xb8\xa5\xa0W\x12\x8c\
R\xd1@\x5cLQ\x8aZ(\x00\xa2\x8a(\x03\xaf\xf8\
l\xd6\xc3Q\xb9\x0eT\x5c\x98\xc0\x8b>\x99\xe7\x1e\xf5\
\xb7\xf1\x06KD\xd0\xccS\xb2\x1b\x92\xe0\xc0\xbf\xc49\
\xe4\xfd1^j\xacT\x86RT\x8e\x84\x1eE+\xbb\
\xc8\xdb\xa4vv\xf5c\x93Y\xbaw\x975\xcd\x15K\
G\x94J(\xa2\xb43\x0a(\xa2\x98\x05\x14Q@X\
(\xa2\x8cP\x01E\x18\xa3\x14\x00QK\x8a)\x00\x94\
R\xd1@\x5cLQ\x8aZ)\x85\xc4\xc5\x18\xa5\xa2\x8b\
\x00QE\x14X\x02\x8a(\xa2\xc0\x14QE\x00\x14Q\
E\x00\x14QE0\x0a(\xa2\x80\x0a(\xa2\x80\x0a(\
\xc5\x18\xa4\x01E.(\xc5\x00%\x14\xb8\xa3\x14\xc2\xc2\
QK\x8a1@XJ)qF(\x0b\x09E.(\
\xa0,%\x14\xb4P\x16\x12\x8aZ(\x0b\x09E-\x14\
\x05\x84\xa2\x96\x8a\x02\xc2QKE\x01a(\xa5\xa2\x80\
\xb0\x94R\xe2\x8cP\x16\x12\x8a\x5cQ\x8aAa(\xa5\
\xc5\x18\xa6\x16\x12\x8a\x5cQ\x8a\x02\xc2QK\x8a1@\
\x09E\x18\xa2\x90\x05\x14QL\x02\x8a(\xa0\x02\x8a(\
\xa4\x01E\x14P\x01E\x14Q`\x0a(\xa2\x8b\x00Q\
\x8a\x00$\x80\x06I\xe0\x0a\xebS\xe1\xa6\xae\xf6bc\
5\xba\xccWw\x90O?L\xf4\xcd\x16\x13\x92[\x9c\
\x96)1R\xdc[\xcbk;\xc1<m\x1c\xb1\x9d\xac\
\x8d\xd4\x1a\x8e\x81\x89\x8a1KE \xb8\x94R\xd1@\
\x5cJ)h\xc5\x00%\x14b\x8cS\x00\xa2\x8cQ@\
\x05\x14Q@X(\xa2\x8aA`\xa2\x8a(\x00\xa2\x8a\
(\x00\xa2\x8a(\x011F)h\xa0\x04\xc5%:\x8a\
\x02\xe3h\xa7Rb\x80\xb8\x94R\xe2\x8cP1(\xa2\
\x8a\x00(\xa2\x8a\x00(\xa2\x8a\x00(\xa2\x8a\x00(\xa2\
\x8a\x05`\xa2\x8a(\x00\xa2\x8a(\x00\xa2\x8a(\x0b\x85\
\x14QE\x82\xe1E\x14R\x18QE\x14\x00Q\x8a(\
\xa0\x04\xc5\x14\xb4P\x02QK\x8a1@\x09E\x14P\
\x01E\x14P\x01F(\xa2\x80\x13\x14\x01\x93\x8aZ(\
\x03S_\xd0_B\x96\x14i\xd6a*o\x04\x0cc\
\xda\xb2\xaaY\xeef\xbaei\xa5i\x0a\xa8PX\xe7\
\x00v\xa8\xb1I\x00QE\x14\xc0(\xa2\x8a\x00(\xa2\
\x8a\x00(\xa2\x8a\x00(\xa2\x8a\x00(\xa2\x8a\x00(\xa2\
\x8a\x00(\xa2\x8a\x00(\xa2\x8a\x00(\xa2\x8a\x00(\xa3\
\xad\x14\x00QV\xbf\xb3\xa7:q\xbf\x1b|\x90\xfb\x0f\
<\xe6\xaa\xd0\x01E\x14P\x01E\x14P\x01E\x14P\
\x01E\x14P\x01E\x14P\x01E\x14P\x01E\x14P\
\x01E\x14P\x01E\x14P\x01E\x14P\x01E\x14P\
\x01Emxr-.O8\xdf\x15\xde1\xb49\xc0\
\xc5g\xea\x8bh\xb7\xb2\x0b\x22L\x1f\xc3\x9aW\x02\xad\
\x14QL\x04\xc5%:\x93\x14\x80J)H\xa4\xa0\x02\
\x8a(\xa0\x02\x8a(\xa0\x02\x8a(\xa4\xc0(\xa2\x8a`\
\x14QW\xf4\xed&]I&\x91\x1d\x11b\x19%\x8d\
 (R\xe2\x81KL\x02\x8a(\xa6\x01E\x14P\x01\
E\x14P\x01E\x14P\x01E\x14P\x01E\x14P\x01\
E\x14P\x01E\x14P\x01E\x14P\x01E\x14P\x04\
\x90\x5cMl\xdb\xa1\x91\xa3b1\x958\xa8\xfa\xf5\xa2\
\x8a\x00(\xa2\x8a\x00(\xa2\x8a\x00(\xa2\x8a\x00(\xa2\
\x8a\x00(\xa2\x8a\x00(\xa2\x8a\x00(\xa2\x8a\x00(\xa2\
\x8a\x00(\xa2\x8a\x00(\xa2\x8a\x00(\xa2\x8a\x00(\xa2\
\x8a\x00(\xa2\x8a\x00(\xa3\x14\xb8\xa0\x04\xa3\x14\xb4P\
\x01E\x14P\x01E\x14P\x01E\x14b\x80\x0a)q\
E\x00&)qE\x14\x00QE\x14\x00QE\x14\x00\
QE\x14\xec\x17\x0a(\xa2\x81\x5c*[kw\xbb\xb8\
\x8e\xde2\xa1\xe4`\xa0\xb1\xc0\xa8\xa8\xa0\x0b\xfa\xce\x8d\
s\xa1\xdd\x0bk\x92\x85\x8a\xee\x05\x0eA\x15B\x9c\xee\
\xf26\xe7ff\xf5c\x93M\xa0\x02\x8a(\xa0,\x14\
QE\x03\x0a(\xa2\x80\x0a(\xa2\x80\x0a(\xa2\x80\x0a\
)qF(\x01(\xa7Q@\xae&(\xc5-\x14\x00\
QE\x14\x00QE\x14\x05\x82\x8a(\xa0,\x14QE\
\x01`\xa2\x8a1@\xc2\x8a1F(\x00\xa2\x97\x14P\
+\x89F)h\xa6\x17\x13\x14\xb8\xa2\x8a,\x01E\x14\
Q`\x0a(\xa2\x80\x0a(\xa2\x80\x0a(\xa2\x98\x05\x14\
b\x82)\x01#[N\xb0,\xed\x0c\x8b\x0b\x1c,\x85\
N\xd2}\x8dG]F\xa9\xe3\xbb\x9dO\xc3\x10\xe8/\
g\x0a*\x05\x0d0<\x9d\xa7#\x03\xb5s\x18\xa1_\
\xa8XJ)qE0\xb0\x98\xa3\x14\xb4R\x0b\x09\x8a\
1KE1\x86(\xc5\x14P\x01\x8a(\xa2\x80\x0a(\
\xa2\x80\x0a(\xa2\x80\x0a(\xa2\x80\x0a(\xa2\x80\x0a(\
\xa2\x8b\x00Q@ \xf44P\x01E\x14Q`\x0a(\
\xa2\x8b\x00QE\x14\xec\x01E\x14Q`\x0a(\xa2\x8b\
\x00QE\x14X\x02\x8a(\xa2\xc0\x14QE\x16\x00\xa2\
\x8a(\xb0\x05\x14QE\x80(\xa2\x8a,\x01E\x14R\
\xb0\x05\x14QE\x80(\xa2\x8a,\x01E\x14Q`\x0a\
(\xa2\x8b\x00QE\x14X\x02\x8a(\xa0\x07G\x1bM\
\x22D\x83.\xec\x15G\xa95\x7f^\xf0\xfd\xff\x00\x86\
\xef~\xc7\xa8\x22\xac\xa5C\xa9V\xc8aY\xeaJ\xb0\
e$09\x04v5cP\xd4\xafuk\x8f\xb4_\
\xdc\xc9s6\x02\xef~\xb8\x1d\xa9Y\x81[\x14b\x8a\
)\x80\x98\xa3\x14\xb4P\x03\xa2\x90\xc3*J\xa0\x12\x8c\
\x18\x03\xed^\xcb\xa4\xf8\x9bM\xd6\xedVx\xee\xa2\x8e\
B3$R6\xd6C\xdf\xafj\xf1\x8a\x0a\x83\xd4S\
M\xad\x88\x9c\x14\x8d\xff\x00\x1dj\x16\x9a\x9f\x88\xa6\x9a\
\xc9\x83\xc6\xaa\xa8\xd2\x0e\x8e\xc0rk\x9f\xa5\xc5\x18\xa4\
RVV\x12\x8a\x5cQ\x8aAa(\xa5\xc5%0\x0a\
(\xa2\x90\x05\x14Q@\x05\x14QE\x80(\xa2\x8a,\
\x02b\x8cR\xd1@\x09\x8a)h\xa4\x17\x12\x8aZL\
P;\x85\x14b\x8cP\x01E\x14P\x01E\x14P\x01\
E\x14P\x16\x0a(\xa2\x81X))h\xa0\x04\xc5\x18\
\xa5\xa2\x80\x1bE:\x92\x81\x89E.(\xc5\x00%\x14\
Q@\x05\x14Q@\x05\x14Q@\x05\x14Q@\xac\x14\
QE\x00\x14QE\x00\x14QE\x00\x14QE\x16\x0b\
\x85\x14QE\x87p\xa2\x8a)\x00Q\x8a(\xa0\x04\xc5\
\x14\xb4P\x02QK\x8aLP\x01E\x14P\x01E\x14\
P\x01I\x8aZ(\x01(\xa5\xa3\x14\x00\x94Q\x8a(\
\x00\xa2\x8a(\x00\xa2\x8a(\x00\xa2\x8a(\x00\xa2\x8a(\
\x00\xa2\x8a(\x00\xa2\x8a(\x00\xa2\x8a(\x03[A\xd6\
\xa2\xd2<\xef6\xd4O\xe6\x01\x83\xd0\x8fo\xa5e\xc8\
\xfed\x8c\xe1B\x86$\xe0v\xa6\xd1@\xacX\xfe\xd0\
\x9f\xec?a\xdc<\x8d\xfb\xc8\xc7$\xfdj\xbd\x14P\
0\xa2\x8a(\x00\xa2\x8a(\x00\xa2\x8a(\x00\xa2\x8a(\
\x00\xa2\x8a(\x00\xa2\x8a(\x00\xabz~\x95u\xa9\xb3\
\x8bt\x07`\xc9$\xe0}*\xa5\x5c\xd3\xb5k\x9d,\
\xb9\xb7e\x1b\xc7!\x86\x7f\x1aN\xf6\xd0\x11Q\x94\xa3\
\x15a\x82\x0e\x08\xa4\xa5wi\x1d\x9d\x8eY\x8eI\xa4\
\xa6\x80(\xa2\x8a\x00(\xa2\x8a\x00(\xa2\x8a\x00(\xa2\
\x8a\x00(\xa2\x8a\x00(\xa2\x8a\x00(\xa2\xa7\x82\xdf,\
\x8f:\xc8\x96\xe4\x8d\xce\x17\xa0\xa4\xc0\xadEikc\
O\xfbJ\x8d?\xeem\x1b\xb1\xd35\x9d\x8a@%\x14\
R\x8ei\x80\x94V\xa6\xa3\xa0\xcdan\xb7\x1eb\xcb\
\x11\xc6H\xe3\x19\xac\xba@)\xa3\x14R\xd3\x01\x00\xa7\
+\xb2\x82\x15\x88\x0d\xc1\x00\xf5\xa4\xa2\x8b\x00QE\x14\
\xc0(\xa2\x8a\x00(\xa2\x8a\x00(\xa2\x8a\x00(\xa2\x8a\
\x00(\xa2\x8a\x00(\xa2\x8a\x00(\xa2\x8a\x00(\xa2\x8a\
\x00(\xa2\x8a\x00(\xa2\x8a\x00(\xa2\x8a\x00(\xa2\x8a\
\x00(\xa2\x8a\x00(\xa2\x8a\x00(\xa2\x8a\x00(\xa2\x8a\
\x00(\xa2\x8a\x00(\xa2\x8a\x00(\xa2\x8a\x00(\xa2\x8a\
\x00(\xa2\x8a\x00(\xa2\x8cP\x01E.(\xa0\x04\xc5\
Ogi%\xf5\xdcV\xd1c|\xac\x15rx\xa8i\
U\x99\x182\x92\xac\x0eA\x1dE\x00Z\xd5t\xd9t\
\x8b\xf9,\xe6uw\x8f\x1c\xafC\x91\x9a\xa9O\x96i\
'\x91\xa4\x95\xdaGn\xac\xc7$\xd3(@\x14QE\
\x00\x14R\xe2\x8a\x00J\x5cQE\x00\x14QE\x00\x14\
QE\x16\x0b\x85\x14QN\xc2\xb8QE\x14\x05\xc2\x8a\
(\xa0\x02\x8a(\xa0\x02\x8a(\xa0,\x14QE\x03\x0a\
(\xa2\x80\x0a(\xa2\x80\x0a)qF(\x01(\xa5\xc5\
-\x00&(\xc5-\x14\x00QE\x14\x0a\xc1E\x14P\
0\xa2\x8a(\x00\xa2\x8a(\x00\xa2\x8cQ\x8a\x00(\xa5\
\xc5\x14\x0a\xe2Q\x8aZ(\x0b\x86(\xa2\x8av\x00\xa2\
\x8a(\xb0\x05\x14Q@\x05\x14QL\x02\x8a\x5cQ\x8a\
Aa(\xa5\xc5\x18\xa6\x16\x13\x14b\x96\x8a\x07`\xc5\
\x18\xa2\x8a\x001Wt\xbd\x17Q\xd6\xe5x\xb4\xebI\
.\x1d\x17s\x04\xec*\x95t\xbe\x0b\xf1\xac\xfe\x0f\x9e\
}\xb6\xcbsoq\x8f2=\xdbNGB\x0f\xe2i\
;\xf4\x03\x9c\x92) \x95\xe2\x95\x19$BU\x95\x86\
\x0a\x9fCM\xad?\x12j\xf1\xeb\xda\xdd\xd6\xa5\x1d\xb0\
\xb6Y\xc8>^\xec\xe3\x00\x0c\xe7\xde\xb3)\xa0\x0a(\
\xa2\x9d\x80(\xa2\x8a\x00(\xa2\x8a\x00(\xa2\x8a\x00(\
\xa2\x8a\x00(\xa2\x8a\x00(\xa2\x8a\x00(\xa2\x8a\x00(\
\xa2\x8a\x00(\xa2\x8a\x00(\xa2\x8a\x00)\xd1\xb2\xa4\xa8\
\xce\x9b\xd1X\x16\x5c\xe3p\xf4\xa6\xd1@\x1d_\x8d\xb5\
\xff\x00\x0f\xebQY&\x8b\xa6}\x91\xa1\x07{m\xdb\
\xc1\x03\xe5\xf7\xc7\xa9\xaeR\x8a)%`\x0a(\xa2\x98\
\x05\x14Q@\x05\x14Q@\x05\x14Q@\x05\x14}:\
\xd7E\xe2\x8f\x05\xdc\xf8^\xd6\xc6\xe6Y\xd2d\xbbL\
\x9c\x0c\x14|go\xb8\xe7\xad'$\x9d\x98Y\x9c\xed\
\x14QL\x02\x8a(\xa0\x02\x8a(\xa0\x02\x8a(\xa0\x02\
\x8a(\xa0\x02\x8a(\xa0\x02\x8a(\xa0\x02\x8a(\xa0\x02\
\x8a(\xa0\x02\x8a(\xa0\x02\x8a(\xa0\x02\x8a(\xa0\x02\
\x8a(\xa0\x02\x8a(\xa0\x02\x8a(\xa0\x02\x8a(\xa0\x02\
\x8a(\xa0\x02\x8a(\xa0\x02\x8a(\xa0\x02\x8a(\xa5`\
\x0a(\xa2\x8b\x00Q\x8a(\xa0\x03\x14\x98\xa5\xa2\x80\x13\
\x14R\xd1@\xac%\x14\xb8\xa3\x14\x05\x84\xa2\x97\x14\x98\
\xa0\x02\x8a(\xa4\x01E\x14Q`\x0a(\xa2\x8b\x00\x98\
\xa3\x14\xb4P\x02QKE \xb8\x94R\xe2\x93\x14\x0c\
(\xa3\x14P\x01E\x14P\x01E\x14P\x01E\x14P\
\x01I\x8aZ(\x011F)h\xa0\x06\xd1N\xa4\xc5\
\x00%\x14\xb8\xa3\x14\x00\x94QE\x00\x14QE\x00h\
\xe86\x9a}\xee\xa0\xb0\xeaWf\xd2\x02\x0f\xce\x06r\
{\x0fj<Aee\xa7\xea\x92[\xe9\xf7_j\xb7\
P\x08\x93\xaf8\xe4Vu\x14\xad\xa8\x05\x14QLA\
E\x14P\x01E\x14P\x01E\x14P\x01E\x14P\x17\
\x0a(\xa2\x95\x87p\xa3\x14Q@\x09E-\x18\xa0\x04\
\xa2\x8cQ@\x05\x14Q@\x05\x14T\xb6\xd6\x93\xdeJ\
\x22\xb6\x85\xe5\x90\xff\x00\x0a\x8c\x9a\x00\x87\x14T\xd76\
\xb3\xd9\xcaa\xb8\x89\xe2\x90uV\x185\x15\x00%\x14\
\xb8\xa4\xc5\x00\x14QE\x00\x14QE\x00\x14QE\x00\
\x14QE\x00\x14QE\x00\x14QE\x00\x14QE\x00\
\x14QE\x00\x14QE\x00\x14QE\x00\x14QE\x00\
\x14QE\x00\x14QE\x00\x14QE\x00\x14QE\x00\
\x14QE\x00\x14QE\x00\x14QE\x00\x14QE\x00\
\x14QE\x00\x14QE\x00\x15\xa2\xfa\xed\xdc\x9aq\xb0\
}\x86<\x05\xce9\xc0\xac\xea)X\x02\x8a(\xa6\x01\
HE-\x14X\x09^\xf2\xe1\xe0\x10<\xce\xd1\x0e\x8a\
O\x15\x05-\x06\xa4\x05\xa2\x8a*\x80(\xa2\x8a\x00(\
\xa2\x8a\x00(\xa2\x8a\x00(\xa2\x8a\x00(\xa2\x8a\x00(\
\xa2\x8a\x00(\xa2\x8a\x00(\xa2\x8a\x00(\xa2\x8a\x00(\
\xa2\x8a\x00(\xa2\x8a\x00(\xa2\x8a\x00(\xa2\x8a\x00(\
\xa2\x8a\x00(\xa2\x8a\x00(\xa2\x8a\x00(\xa2\x8a\x00(\
\xa2\x8a\x00(\xa2\x8a\x00(\xa2\x8a\x00(\xa2\x8a\x00(\
\xa2\x8cP\x01@\x14\xb4P\x01E\x14P\x01E\x14P\
\x01E\x14\xb8\xa0\x04\xa3\x14\xb4P\x01\x8a(\xa2\x80\x0a\
(\xa2\x80\x0a(\xa2\x9d\x85p\xa2\x8a(\x00\xa2\x8a(\
\x00\xa2\x8a(\x00\xa2\x8a(\x0b\x05\x14Q@\xc2\x8a(\
\xa0\x02\x8a\x5cQ\x8a\x00J)qE\x00\x14b\x96\x8a\
\x00LR\xd1E\x00\x14QE\x00\x14QE\x00\x14W\
_\xf0\xef\xc3:_\x88\xee\xae\x97Qfc\x0a\x8d\x90\
\xab\x15\xdd\x9e\xa7#\xd2\xb3<e\xa2\xdah:\xec\xb6\
VSy\xb0\x80\x1b\x04\xe4\xc6O\xf0\x93J\xfa\xd8\x0c\
:(\xc5\x18\xa6\x01E.(\xa0W\x13\x14b\x96\x8a\
`\x18\xa2\x8a(\xb0\x05\x14Q@\x05\x14Q@\x05\x14\
b\x97\x14\xc0J)qE\x01a1F)h\xa0a\
\x8a(\xa2\x80\x0a(\xa2\x8b\x00QE\x14\xc0(\xa2\x8a\
\x00+U\xfc+\xadG\xa3\x0di\xac\x1cX\x1e|\xdc\
\x8e\x99\xc6q\xd7\x15\x94y\xae\xd3W\xf8\x9dy\xa8\xf8\
yt[{\x18\xad#1\xacN\xe1\xb2J\x8cp\x07\
n\x95.\xfd\x00\xe2\xe8\xa2\x8a\xa0\x0a(\xa2\x80\x0a(\
\xa2\x80\x0a(\xa2\x80\x0a(\xa2\x80\x0a(\xa2\x80\x0a(\
\xa2\x80\x0a(\xa2\x80\x0a(\xa2\x80\x0a(\xa2\x80\x0a(\
\xa2\x8b\x00QE\x14\xec\x01E\x14f\x8b\x00QFh\
\xcd\x16\x00\xa2\x8c\xd2f\x8b\x00\xb4Q\x9aL\xd1`\x16\
\x8aL\xd1\x9a,\x02\xd1I\x9a(\x01h\xa4\xa2\x80\x16\
\x8aJ(\x01ji\xae\xee.R4\x9eyeX\x86\
\xd8\xd5\xd8\x90\x83\xd0Wa\xe0\x8bO\x0b\x5cx\x7fU\
mq\xe1[\x91\xfe\xac\xbb\x10\xea\xb88\xd8=s\x5c\
EB\x92m\xabl6\xac-\x14\x94U\x88Z)(\
\xa0\x05\xa2\x92\x8a\x00Z)(\xa0\x05\xa2\x92\x8c\xd0\x02\
\xd1I\x9a3E\x80Z)3Fh\xb0\x0bE&h\
\xcd\x16\x01h\xa34f\x8b\x00QFh\xcd\x16\x00\xa2\
\x8a(\xb0\x05\x14QE\x80(\xa2\x8a@\x14QE\x00\
\x14QE\x00\x14QE\x00\x14QE\x00\x14QE\x00\
\x14QE\x00\x14QE\x00\x14QE\x00\x14QE\x00\
\x14QE\x00\x14QE\x00\x14QE\x00\x14QE+\
\x00QE\x14X\x03\x14b\x8a(\x011F)h\xa0\
,%\x14\xb8\xa3\x14\x0a\xc2QK\x8aJ\x00(\xa2\x8a\
@\x14QE\x00\x18\xa4\xc5-\x14\x00\x98\xa2\x96\x8a,\
\x17\x12\x8a\x5cRb\x81\x85\x14b\x8a\x00(\xa2\x8a@\
\x14QE\x00\x14QE\x00\x14\x98\xa5\xa2\x80\x13\x14R\
\xd1@\x0d\xa2\x97\x14b\x80\x12\x8a\x5cRP\x01E\x14\
P\x01E\x14P\x16\x0a(\xa2\x81\x05\x14Q@\x05\x14\
Q@\x05\x14Q@\x05\x14S\xe2\x8aI\xe5X\xa2B\
\xf29\xc2\xa8\xeaM\x002\x8a\xe8\xbf\xe1\x05\xd5\xc4L\
\xe5a\xde\x06Da\xf9>\xd5\xcf2\xb21F\x05Y\
N\x08=\x8d M=\x84\xc5%-\x14\x0cJ\xee>\
\x1c\x5cZ\xa8\xba\x80\xed[\x96 \x82O,\xbe\x82\xb8\
\x8cP\x0b)\xca\x92\x0f\xa88\xa4\xd0\x1d\xd7\xc4y\xed\
\x0c\x16\xd0\xe5Z\xec1<uU\xf7\xae\x12\x95\x98\xb1\
\xcb\x12O\xa94\x94%`\x0a(\xa2\x98\x05&)h\
\xa0\x04\xa2\x96\x93\x14\x00QE\x14\x00QE\x14\x00Q\
E\x14\x00QE\x14\x00QE\x14\x00QE\x14\x00Q\
E\x14\x00QE\x14\x00QE\x14\x00QE\x14\x00Q\
E\x14\x00QE\x14\x00QE\x14\x00QE\x14\x00Q\
E\x14\x00QE\x14\x00QE\x14\x00QE\x14\x00Q\
E\x14\x00QE\x14\x00QE\x14\x00QE\x14\x00R\
\x1aZCI\xec\x02\xd1E\x14\xc0(\xa2\x8a\x00(\xa2\
\x8a\x00(\xa2\x8a\x00(\xa2\x8a\x00(\xa2\x8a\x00(\xab\
\x96\x1a=\xf6\xa6\x19\xad`.\xab\xd5\x89\xc0\xaa\xb2\xc4\
\xf0\xc8\xd1\xc8\xa5]N\x08=\x8d+\x80\xda(\xa2\x98\
\x05\x14Q@\x05\x14Q@\x05\x14Q@\x05\x14Q@\
\x05\x14Q@\x05\x14Q@\x05\x14Q@\x05Z\xd2\xf4\
\xe9u[\xe8\xed!!Y\xf3\xc9\xe8\x00\xefUjK\
k\x89m'I\xe0r\x92!\xca\xb0\xech`:\xfa\
\xd1\xecn\xe5\xb6\x90\x82\xd1\xb6\xd2GCP\xd3\xa5\x95\
\xe7\x95\xa5\x91\x8b;\x9c\xb1=\xcd6\x80\x0a(\xa2\x80\
\x0a(\xa2\x80\x0a(\xa2\x80\x0a(\xc5.(\x011F\
)h\xa0\x02\x8a(\xa0\x02\x8a(\xa0\x02\x8a1K\x8a\
\x00J\x5cQE\x00\x14QE\x00\x14QE;\x0a\xe1\
E\x14P\x01E\x14P\x01E\x14P\x01E\x14P\x16\
\x0a(\xa2\x81\x85\x14Q@\x05\x14R\xe2\x80\x12\x96\x96\
\x8a\x00LQ\x8aZ(\x00\xa2\x8a(\x00\xa2\x8a(\x00\
\xa2\x8a(\x00\xa2\x8a)\x80QF)q@\x09F)\
h\xa2\xc2\xb8\xe8\xa4\x92\x17\x0f\x14\x8f\x1b\x8e\x8c\xa7\x06\
\x90\x92\xccY\x89f<\x92NI\xa4\xa2\x8b\x00QE\
\x14\x00QE\x14\xc0(\xa3\x14\xb8\xa0,%\x18\xa5\xa2\
\x80\xb0b\x8cQE\x03\x0a(\xa2\x8b\x00QE\x14\xec\
\x01E\x14P\x01E\x14P\x01E\x14P\x01E\x14P\
\x01E\x14P\x01E\x14P\x01E\x14P\x01E\x14P\
\x01E\x14P\x01E\x14S\xb0\x05\x14Q\x9a,\x01E\
\x19\xa34X\x02\x8aJ9\xa0\x05\xa34\x98\xa5\xc5\x00\
\x19\xa34b\x8cP\x02f\x974b\x8cP\x17\x0c\xd2\
R\xe2\x8ab\xb8\x94R\xd1@\x5cJ1KE\x01q\
1F)h\xa0.&(\xc5-\x14\x05\xc4\xc5\x18\xa5\
\xa2\x80\xb8\x98\xa5\xc5\x14P\x17\x0cQ\x8a(\xa0\x03\x14\
b\x8a(\x00\xc5\x18\xa2\x8a\x001F(\xa2\x80\x0c\x0a\
1E\x14\x00b\x8cQE\x00\x18\xa3\x14Q@\x06(\
\xc5\x14P\x01\x8a1E\x14\x00b\x8cQE\x00\x18\xa3\
\x14Q@\x06(\xc5\x14P\x01\x8a1E\x14\x00b\x93\
\x14\xb4P\x17\x13\x14b\x96\x8a\x02\xe2b\x8cR\xd1@\
\x5cLQKE\x01q9\xa2\x96\x8a\x02\xe1\x9a3E\
\x14\x82\xe1\x9a3E\x18\xa0.\x19\xa2\x8cQ\x8a\x07p\
\xa2\x8cQ\x8a\x00(\xa2\x8eh\x00\xa2\x8a(\xb0\x05\x14\
QE\x80(\xa2\x8a@\x14QE\x00\x14QE\x00\x14\
QE\x00\x14QE\x00\x14QE\x00\x14QE\x00\x14\
QE\x00\x14QE\x00\x14QE\x00\x14QE+\x00\
Q\x8a(\xa2\xc0\x18\xa4\xc5-\x14\x00\x98\xa2\x96\x8cP\
+\x09E.)1@\x05\x14Q@\x05\x14Q@\x06\
)1KE\x00%\x14\xb4b\x90\x5cJ(\xc5\x14\x0c\
(\xa2\x8a,\x01E\x14P\x01E\x14R\x00\xa4\xc5-\
\x14\x00\x98\xa2\x96\x8a\x00m\x14\xb8\xa3\x14\x00\x94QE\
\x00\x14QE\x00\x14QE\x02\xb0QE\x14\x00U\xdd\
\x16\xfdt\xcdV\xda\xf1\xd0\xba\xc4\xd9 u\xc61T\
\xa8\xa0G\xa8\xff\x00\xc2W\xa2\x08\x0d\xc7\xdbT\xa8\xe7\
f\xd3\xbc\xfbb\xbc\xdfQ\xbb\xfbu\xf4\xf7[6y\
\xae[o\xa5V\xa2\x9bm\xee(\xc5D(\xa2\x8aE\
\x05\x14QE\x82\xe1F(\xa2\x90\xc4\xa2\x96\x8cP\x02\
QF(\xa0\x02\x8aUR\xcc\x14u'\x15\xbb\xe2o\
\x0b\x9f\x0f\xc7k \x9f\xcc\x13.\x18\x11\x82\x18u\xc7\
\xb5\x17\x03\x06\x8cQE\x00%\x14\xb4b\x80\x12\x8a(\
\xa0\x02\x8a(\xa0\x02\x8a(\xa0\x02\x8a(\xa0\x02\x8a(\
\xa0\x02\x8a(\xa0\x02\x8a(\xa0\x02\x8a(\xa0\x02\x8a(\
\xa0\x02\x8a(\xa0\x02\x8a(\xa0\x02\x8a(\xa0\x02\x8a(\
\xa0\x02\x8a(\xa0\x02\x8a(\xa0\x02\x8a(\xa0\x02\x8a(\
\xa0\x02\x8a(\xa0\x02\x8aUGs\x84R\xc7\xd8RP\
\x01E\x14P\x01Hii\x0d'\xb0\x0bE\x14S\x00\
\xa2\x8a(\x00\xa2\x8aw\x95!\x8c\xc8\x11\xb6\x03\x82\xd8\
\xe34\x00\xda(\xa2\x80\x0a(\xa2\x80\x0a(\xa2\x805\
\xb4\x8f\x12]i\x1141\xa2I\x199\xda\xdd\x8dg\
]\xddI{s%\xc4\xc4\x17\x90\xe4\xe2\xa2\xa2\x95\x80\
(\xa2\x8a`\x14QE\x00\x14QE\x00\x14QE\x00\
\x14QE\x00\x14QE\x00\x14QE\x00\x14QE\x00\
\x14QE\x00\x14QE\x00\x14QE\x00\x14Q\x8a\x5c\
P\x02b\x8cR\xd1@\x05\x14Q@\x05\x14Q@\x05\
H`\x98D%1?\x96z>\xde?:\x8f\x15\xb9\
'\x8b/\xa4\xd1WI\x11\xc2\x90\x84\xd8X/\xcc\xc3\
4\x98\x18\x98\xa2\x8a)\x80QE\x14\x00QE\x14\xec\
+\x85\x14Q@\x05\x14Q@\x05\x14Q@\x05\x14Q\
@\xc2\x8a(\xa0\x02\x8a)q@\x09E.)h\x01\
1F)h\xa0\x02\x8a(\xa0\x02\x8a(\xa6\x01E\x14\
Q`\x0a(\x14b\x8b\x00Q\x8a\x5cQ@\x5cAK\
\x8a(\xa6+\x85\x14Q@\x05\x14Q@\x05\x14R\xe2\
\x80\x12\x8a\x5cQ@XLR\xe2\x8a(\xb0\xc2\x8a(\
\xa2\xc0\x14QE;\x00QE\x14\x00QE\x14\x00Q\
E\x14\x00QE\x14\x00QE\x14\x00QE\x14\x00Q\
E\x14\x00QE\x14\x00QE\x14\xec\x01E\x14Q`\
\xb8QE\x14\x0a\xe1E\x14S\x0b\x85\x14Q@\x06(\
\xc5\x14Q`\x0a(\xa2\x8b\x00QE\x14X\x02\x8a(\
\xa2\xc0\x14QE\x00\x14QE0\x0a(\xa2\x80\x0a(\
\xa2\x80\x0a(\xa2\x80\x0a(\xa2\x80\x0a(\xa2\x80\x0a(\
\xa2\x80\x0a(\xa2\x80\x0a(\xa2\x80\x0a(\xa2\x80\x0a(\
\xa2\x80\x0a(\xa2\x80\x0a(\xa2\x80\x0a(\xa2\x80\x0a(\
\xa2\x80\x0a(\xa2\x80\x0a+Jo\x0d\xeb\x16\xfaRj\
\xd2\xe9\xf3\xa5\x83\x90\x04\xec89\xe9Y\xb4\x93O`\
\x0a(\xa2\x98\x05\x14Q@\x05\x14Q@\x05\x14Q@\
\x05\x14Q@\x05\x14Q@\x05\x14Q@\x05\x14Q@\
\x05\x14Q@\x05\x14Q@\x05\x14Q@\x05\x14Q@\
\x05\x14QH\x02\x8a(\xa0\x02\x8a(\xa2\xc0\x14QE\
\x16\x00\xa2\x8a(\xb0\x05\x14QE\x80(\xa2\x8a,\x01\
E\x14Q`\xb8QE\x14\xac0\xa2\x8a(\xb0\x05\x14\
QE\x80(\xa2\x8a@\x14QE\x00\x14QE\x00\x14\
QE\x00\x14QE\x00\x14QE\x00\x14QE\x00\x14\
QE\x00\x14b\x8a(\x00\xa2\x8a)X\x03\x14\x94\xb4\
Q`\x12\xb5\xf4\x7f\x0aj\xda\xf5\xb4\xd7\x16\x16\xe1\xe3\
\x8b\x82Y\x80\xdc}\x06z\x9a\xc9\xad\xdd\x07\xc6z\xaf\
\x87m%\xb4\xb314Nw/\x98\xb9\xd8\xde\xa2\x82\
e{ha2\xb21V\x05X\x1c\x10z\x83IN\
\x91\xdeY\x1aGb\xce\xe4\xb3\x13\xdc\x9am\x03\x0a*\
kk+\xab\xcd\xc2\xda\xdai\xb6\xf5\xf2\xd0\xb6*\x12\
\x0a\x92\x08 \x8e\x08=\xa8\x00\xa4\xc5-\x14\x00\x98\xa2\
\x96\x8aAq(\xa3\x14b\x98\xc2\x8a(\xa4\x01E\x14\
P\x01E\x14R\x00\xa4\xc5-\x14\x00\x98\xa4\xa7Q@\
\x0d\xa2\x97\x14P\x02QE\x14\x00QE\x14\x00QE\
\x14\x01\xd1\xf8#O\xd25-M\xa0\xd5\x09,@0\
\xa1l+\x9e\xe0\x9ag\x8d\xb4\xdd7K\xd6\x0c\x1ai\
\xc2\xec\x05\xe3\x07!\x0f\xa05\xcf\xd1J\xda\xdc\x02\x8a\
(\xa6 \xa2\x8a(\x00\xa2\x8a(\xb0\x5c(\xa2\x8aC\
\x13\xa5Y\xbc\xd4n\xf5\x0f/\xedW\x0f7\x94\xbbS\
w\xf0\x8a\xafE\x00%\x14b\x8a\x00(\xa2\x8a\x00(\
\xc5\x14P\x02b\x8aZ1@\x09E\x18\xa2\x80\x0a(\
\xa2\x80\x0a(\xa2\x80\x0a(\xa2\x80\x0a(\xa2\x80\x0a(\
\xa2\x80\x0a(\xa2\x80\x0a(\xa2\x80\x0a(\xa2\x80\x0a(\
\xa2\x80\x0a(\xa2\x80\x0a(\xa2\x80\x0a(\xa2\x80\x0a(\
\xa2\x80\x0a(\xa2\x80\x0a(\xa2\x804\xb4md\xe9\x06\
R!Y|\xc0:\x9cb\xb3\xe4\x7f2Fr\x00\xdc\
I\xc0\xa6\xd1I-n\x01E\x14S\x00\xa44\xb4\x86\
\x93\xd8\x05\xa2\x8a)\x80QE\x14\x00V\xad\xb6\xbb\xe4\
h\xf2i\xcdl\x92\x06'\x0e{\x7f\xf5\xeb*\x8aM\
\x00QE\x14\xc0(\xa2\x8a\x00(\xa2\x8a\x00(\xa2\x8a\
\x00(\xa2\x8a\x00(\xa2\x8a\x00(\xa2\x8a\x00(\xa2\x8a\
\x00(\xa2\x8a\x00(\xa2\x8a\x00(\xa2\x8a\x00(\xa2\x8a\
\x00(\xa2\x8a\x00(\xa3\x14\xb8\xa0\x04\xc5-\x14P\x01\
E\x14P\x01E\x14P\x01E.(\xa0\x03\x14QE\
\x00\x14QE\x00\x14QE1\x05\x14Q@\x05\x14W\
O\xe0\x1dCI\xd3\xb5Yd\xd5v(1\xe29\x1c\
d)\xef\xc7\xb8\xa1\xe8\x169\x8a*{\xe6\x81\xefg\
k`D\x0c\xe4\xa0>\x99\xa8(C\xb0QE\x14\x00\
QE\x14\x00QK\x8a1@\x09K\x8aZ(\x01)\
h\xa2\x80\x0a(\xa2\x80\x0a(\xa2\x9d\x80(\xa2\x8a\x00\
(\xa3\x14\xb4\xc0LQ\x8aZ)\x0a\xe1E\x14P\x01\
E\x14S\x00\xa2\x97\x14b\x80\x12\x8cR\xd1@X1\
E\x14Qa\x85\x14QL\x02\x8a(\xa0\x02\x8a(\xa0\
\x02\x8a(\xa0\x02\x8a(\xa0\x02\x8a(\xa0\x02\x8a(\xa0\
\x02\x8a(\xa7`\x0a(\xa2\x8b\x00QE\x14\x00QE\
\x14\x0a\xe1E\x14S\xb0\x05\x14QE\x80(\xa2\x8a\x00\
(\xafA\xf8u\xe1o\x0c\xeb\xbe\x1e\xd6n\xb5\xbb\x81\
\x15\xc5\xbf\xfa\xb62\xed1\x8d\xa4\xee\x03\xbf5\xe7\xdf\
C\x91\xebI;\xbb\x00QE\x15@\x14QE\x00\x14\
QE\x00\x14QE\x00\x14QE\x00\x14QE\x16\x00\
\xa2\x8a(\xb0\x05\x14QE\x80(\xa2\x8av\x00\xa2\x8a\
(\xb0\x05\x14Q@\x05\x14Q@\x05\x14f\x8c\xd0\x01\
E\x19\xa34\x00QI\x9a3@\x0bE%\x14\x00\xb4\
RWQ\xe1\xaf\x87\x1e!\xf1^\x9f%\xfe\x9bo\x11\
\xb7BT4\x92\x05\xdeGP\xb4\x9bKp9\x8a*\
K\x9bi\xac\xee$\xb6\xb8\x8d\xa2\x9a&(\xe8\xddT\
\x8e\xa2\xa2\xa6\x02\xd1IE\x00-\x14\x94P\x02\xd1I\
E\x00-\x14\x94P\x02\xd1IE\x00-\x07\x06\x92\x8a\
\x00\xeau\x0f\x88\xfa\xee\xa7\xe1\xe1\xa1\xdcI\x09\x83h\
G\x90 \x0e\xe8:)\xed\xc5r\xf4\x94T\xc6*;\
\x0d\xb6\xf7\x16\x8aJ*\x84-\x14\x94P\x02\xd1IE\
\x00-\x14\x94P\x02\xd1IE\x00-\x14\x94f\x80\x16\
\xbd\x13\xe1\x8f\xc3\x08|cm>\xa5\xa9O,6Q\
\xb7\x97\x1aE\xc3H\xdd\xce{\x01^w\x9a\xee>\x1c\
\xfcM\x9b\xc0\xcbqk=\xa3^X\xceC\xecW\xda\
\xd1\xb7\xa88\xe8}*'{h\x02|K\xf8v|\
\x0fq\x04\xd6\xd7\x0d>\x9ftJ\xc6_\xef\xa3\x01\xca\
\x9f_\xadq\x15\xd7|B\xf8\x87s\xe3\xab\xa8?\xd1\
\xfe\xcbeo\x93\x14;\xb7\x12OV'\xd6\xb9\x1c\xd3\
\x85\xed\xa8\x05\x14f\x8a\xa0\x0a(\xa2\x80\x0a(\xa2\x80\
\x0a(\xa2\x80\x0a(\xa2\x80\x0a(\xa2\x8b\x00QE\x14\
\xac\x01E\x14Q`\x0a(\xa2\x8b\x00QE-\x00%\
\x14\xb4b\x80\x12\x8a(\xa0\x02\x8a(\xa0\x02\x8a(\xa0\
\x02\x8a(\xa4\x01E\x14Q`\x0a(\xa2\x80\xb8QE\
\x14\x05\xc2\x8a*[iV\x0b\x88\xa5x\xd6UG\x0c\
cn\x8c\x01\xe9Hd@\x83\xd0\xd1]\x87\xc4\x1f\x17\
i\x1e*k\x16\xd2\xf4\xb3d\xd6\xea\xc1\xd8\x807\x03\
\x8c\x0e=9\xae>\x92\xd4\x02\x8a(\xa7`\x0a(\xa2\
\x8b\x00QE\x14\x80(\xa2\x8a\x00(\xa2\x8a\x00(\xa2\
\x8a\x00(\xa2\x8a\x00(\xa2\x8a\x00\xea<#\xe3\xa9<\
-o-\xb1\xb1K\x98\xa4\x7f3!\xb6\xb08\xf5\xee\
+\x9f\xd4o\x1bR\xbf\xb8\xbdtTi\xe4.Uz\
\x0c\xd5z(\x12\x8aN\xe1\x8aLR\xd1Hbb\x8a\
Z(\x15\x84\xa2\x97\x14b\x80\xb0\x98\xa3\x14QH\x04\
\xa3\x14\xb4S\x0b\x89E\x18\xa2\x81\x85\x14\x11E+\x00\
QE\x14X\x02\x8a(\xa0\x04\xa3\x14\xb4R\x01\xb4S\
\xa91@\x09E.)(\x00\xa2\x8a(\x00\xa2\x8a(\
\x00\xa2\x8a(\x00\xa2\x8a(\x00\xa2\x8a(\x15\x82\x8a(\
\xa0\x02\x8a(\xa40\xc5%-\x14\x00\x94R\xe2\x92\x80\
\x0a(\xa2\x80\x0a(\xa2\x80\x13\x14R\xd1@\x09E\x18\
\xa2\x80\x0a(\xa2\x80\x0a(\xa2\x80\x0a(\xa2\x80\x0a(\
\xa2\x80\x0a(\xa2\x80\x0a(\xa2\x80\x0a(\xa2\x80\x0a(\
\xa2\x80\x0a(\xa2\x80\x0a(\xa2\x80\x0a(\xa2\x80\x0a(\
\xa2\x80\x0a(\xa2\x80\x0a(\xa2\x80\x0a(\xa2\x80\x0aC\
KHi=\x80Z(\xa2\x98\x05\x14Q@\x05:\x10\
\x8d2\x09X\xace\x86\xe2;\x0am\x14\x01\xab\xad\xc1\
\xa3\xc2#\x1al\xd2H\xff\x00\xc5\x9eF>\xb5\x95E\
\x14\x92\x00\xa2\x8a)\x80QE\x14\x00QE\x14\x00Q\
E\x14\x00QE\x14\x00QE\x14\x00QE\x14\x00Q\
E\x14\x00QE\x14\x00QE\x14\x00QF)h\x01\
1K\x8a(\xa0\x02\x8a(\xa0\x02\x8a(\xa0\x02\x8a\x5c\
Q@\x06(\xa2\x8a\x00(\xa2\x8av\x15\xc2\x8a(\xa0\
\x02\x8a(\xa0,\x14QE\x03\x0a(\xa2\x80\x0a(\xa2\
\x80\x0a(\xa2\x80\x0a)qK@\x09\x8a)h\xa0\x02\
\x8a\x15K0Q\xd4\x9c\x0a\xf5\xad/\xe1>\x964\xd5\
[\xf9&\x92\xed\xd7-\x226\x02\x1f@;\xe2\x93v\
\x03\xc9h\xab\xda\xde\x96\xfa&\xabs\xa7\xc8\xc1\xda\x07\
\xdb\xbb\xfb\xc3\xa8?\x95Q\xaa@\x14Q@\x14\x00Q\
F(\xc50\x0aQE\x14\x0a\xe1\x8a(\xa5\xc5\x00%\
\x14\xb8\xa2\x80\xb0\x98\xa3\x14\xb4P0\xc5\x14Q@\x05\
\x14QE\x80(\xa2\x8a`\x14QE\x00\x14QE\x00\
\x14QE\x00\x14QE;\x00QE\x14X\x02\x8a(\
\xa0\x02\x8a(\xa0\x02\x8a(\xa0\x02\x8a(\xa6+\x85\x14\
QE\x80(\xa2\x8a\x00(\xa2\x8a`\x14R\xe2\x8cP\
\x02QK\x8a:P\x02QK\x9a3@\x06(\xc5%\
\x14X\x03\x00\xd2\xd2QE\x80(\xa2\x8a`\x14QE\
\x00\x14QE\x00\x14QE\x00\x14Q\x9a(\x00\xa2\x8a\
C@\x0bE%\x14\x00\xb9\xa34\x94P\x02\xe6\x8c\xd2\
R\x81@\x09\x9aQ\xd4g8\xef\x8aLR\xe2\x80=\
F\xfa_\x851\xf8Rh-\x16G\xd4\x0c!\xa3r\
\xaf\xe6\xf9\x9f^\x95\xe5\xbfZZLT\xc66\x00\xa2\
\xbd;K\xf8]\xa3\xdf\xfc;o\x10\xbe\xacR\xf3\xca\
i\xb3\x91\xe5\xa6\x0f\xdc#\xd7\x8e\xbe\xf5\xe6@Q\x19\
'\xb0\x09E.(\xc5P\x09F)h\xa7`\x13\x14\
R\xd1E\x80J)x\xa3\x8a,\x02Wq\xe0\xcf\x8a\
\xfa\xa7\x83t\xb94\xd8m \xbb\x80\xb1x\xfc\xc6 \
\xc6O\xd3\xa8\xf6\xae\x22\x8aN)\xee\x05\x9dSQ\xb9\
\xd65\x0b\x8dB\xed\x83\xdc\x5c9\x91\xc8\x18\x19>\xd5\
V\x96\x8a,\x02b\x8aZ)\xd8\x04\xa2\x96\x8a,\x02\
Q\x8aZ(\xb0\x09\x8a1KE\x16\x011F)h\
\xa2\xc0&(\xc5-\x14X\x04\xc5\x18\xa5\xa2\x8b\x00\x98\
\xa3\x14\xb4Q`\x13\x14b\x96\x8a,\x02b\x8cR\xd1\
E\x80LQKE\x16\x01(\xa5\xcd\x14X\x09m'\
K{\xa8f\x92\x15\x99#p\xcd\x1btp\x0fC]\
7\x8f\xf5o\x0ckW\x16W\x9e\x1e\xb2{9^?\
\xf4\xb8\xb6\xe1\x15\xb8\xc0\x1e\xfdy\x1e\xd5\xcaQR\xe3\
\xad\xc0J)kk\xc1z]\x9e\xb5\xe2\xad7O\xd4\
$\x11\xda\xcd.$$\xe3 \x02q\x9f~\x94\xde\x8a\
\xe0bQ\x8a\xef\xfe0\xf8kB\xf0\xd6\xb7k\x16\x88\
\x16/:\x22\xd3[\xab\xee\x11\x9e0y\xf5\xae\x06\x94\
]\xd5\xc0LQKF*\xac\x02QK\x8a1H\x04\
\xa34\xb8\xa4\xc5\x00/?Z\xb1\x7f\xa7^iW\x06\
\xda\xfa\xda[i\x80\x0d\xb2A\x83\x822\x0d.\x97v\
\xba~\xa5ix\xf1\x09\x96\x09VC\x19\xe8\xe0\x1c\xe2\
\xba\xaf\x89\xfe8\xb4\xf1\xbe\xa9k=\x95\xab\xc3\x0d\xbc\
[3 \x1b\xd8\x93\x93\xf8\x0a\x96\xdd\xec\x07\x19\x9a)\
1K\xcdP\x06h\xa0\x8aJ\x00Z)(\xcd\x00-\
\x14Q\x9a\x00(\xa2\x8a\x00(\xa2\x8a\x00(\xa2\x8a\x00\
(\xa2\x8a\x00\x5c\xd1\x9aJ(\x01x\xa3\x14\x94R\xb0\
\x0b\x8a1Fh\xcd\x16\x00\xc5\x18\xa34P\x02QN\
\xa4\xa0,%\x14\xb8\xa3\x14\x05\x84\xa2\x97\x14b\x80\x12\
\x8a(\xa4\x01E\x14Q`\xb8QE\x14\x05\xc2\x8a(\
\xa40\xa2\x8a(\x00\xa2\x8a(\x00\xa2\x8a(\xb0\x05\x14\
QH\x02\x8a(\xa0\x02\x8a(\xa0\x02\x8a(\xa0\x02\x8a\
(\xa0\x02\x8a(\xa5`\x0a(\xa2\x80\x0a1E\x14\x00\
\x98\xa3\x14\xb4P\x02b\x8aZ1@\x09HE-\x14\
\x00\x94Q\x8a\x0d\x00\x14QE\x00\x14QE \x0aJ\
Z(\xb0\x09\x8a1KE\x006\x8a\x5cQ\x8a\x00J\
(\xa2\x80\x0a(\xa2\x90\x05\x14Q@\x05\x14Q@\x05\
\x14Q@\x05\x14QH\x02\x8a(\xa0\x03\x14\x94\xb4P\
\x02QK\x8aJ\x00(\xa2\x8a\x00(\xc5\x14P\x02b\
\x8aZLP\x01E\x14P\x01E\x14P\x01E\x14P\
\x01E\x14P\x01E\x14P\x01E\x14P\x01E\x14P\
\x01E\x14P\x01E\x14P\x01E\x14P\x01E\x14P\
\x01E\x14P\x01E\x14P\x01E\x14P\x01Hii\
\x0d'\xb0\x0bE\x14S\x00\xa2\x8a(\x00\xa2\x8a(\x00\
\xa2\x8a(\x00\xa2\x8a(\x00\xa2\x8a(\x00\xa2\x8a(\x00\
\xa2\x8a(\x00\xa2\x8a(\x00\xa2\x8a(\x00\xa2\x8a(\x00\
\xa2\x8a(\x00\xa2\x8a\x5cP\x02R\xe2\x8a(\x00\xa2\xbd\
+\xc3\xbau\x9c:=\xbbE\x14o\xe7 gvP\
w\x1f\xfe\xb5s\xbe:\xd3\xedl\xee-\xa5\x825\x8a\
I\x94\x97E\x18\x1ct8\xa7\xca\xedr\x14\xee\xecr\
\xf4QE\x22\xc2\x8a\x5cQ@\x06(\xa2\x8a\x00(\xa2\
\x8a\x00(\xa2\x8a\x00(\xa2\x8a`\x14QE\x00\x14Q\
E\x00\x14QE\x00\x14QK\x8av\x01)qKE\
\x00&)h\xa2\x80\x0a(\xa2\x8b\x00QE\x14\xc0+\
\xbc\xd3\xbe-\xea\x16ZjZ\xcdc\x1d\xcc\xf1\xae\xd5\
\x9c\xbe3\xe9\x91\x8ek\x83\x14b\x93W\x02k\xbb\xb9\
\xaf\xae\xa5\xba\xb8}\xf3L\xc5\xdd\xbdI\xa8z\xd2\xe2\
\x94\x0a\x00m-.(\xa0\x04\xc5.(\xa2\x98\x06(\
\xa2\x8a\x00(\xa2\x8a\x00(\xa2\x8a,\x01E\x14S\x00\
\xa2\x8a(\x00\xa2\x8a(\x00\xa2\x8a(\x00\xa2\x8a)\xd8\
\x02\x8a(\xa0\x02\x8a(\xa0\x02\x8a(\xa0\x02\x8a(\xa6\
+\x85\x14QE\x80(\xa5\xc5\x18\xa0\x04\xa2\x97\x14b\
\x98X1F)h\xa0v\x13\x14b\x96\x934\x00b\
\x96\x934\x94XB\xe6\x8c\xd2QN\xc1qsIE\
\x14\x00QE\x14\x00QE\x14\xec\x01E\x14P\x01E\
\x14P\x01Emh~\x0e\xd6\xfcGkqu\xa6Y\
\x99\xe1\xb7\xe1\xdbx^q\x9c\x0c\xf55\x8b\x8c\x1c\x1e\
\x08\xa5q'p\xa34Q@\xc34f\x8a(\x004\
\x98\xa5\xa7!P\xea]w(#+\x9cdzP\x03\
E\x15\xd9\xfcD\xf17\x87<H4\xd7\xd0\xf4\xc7\xb3\
\x9a\x18\xb6N\xc5B\x8200\xb8\x1dq\xcf5\xc6R\
\x8b\xba\x00\xc5\x18\xa2\x8a\xab\x00QE\x14\x00QE\x14\
\x00QE\x14\x00QE\x14\x00QE\x14\x01 \x9ea\
\x0b@%\x90D\xc7&0\xc7i>\xb8\xa8\xe9h\xa2\
\xc0%\x14\xb4P!(\xa2\x96\x80\x12\x8a(\xa0.\x14\
QE\x00\x14QE\x00-\x14\x94P\x01F(\xa2\x80\
\x16\x92\x8a(\x00\xa5\xc5%\x14\x00\xb8\xa3\x14\x94P\x02\
\xe2\x8cRQ@\x0b\x8a1IE\x00.(\xc5%\x14\
\x00\xb4\x94Q@\x05\x18\xfaQE\x00-%\x14P\x01\
E\x14P\x01E\x14P\x01E\x14P\x17\x0a)h\xa0\
\x01\xdd\x9d\x8b;31\xeaI\xc9\xa4\xa5\xa2\x804<\
=\xa1\xdc\xf8\x97Y\xb6\xd2l\xd9\x16{\x86\xc2\xb4\x87\
\x0a\x00\x19$\xfe\x02\xac\xf8\xbf\xc2\x97\x9e\x0d\xd6\x1bL\
\xbdt\x91\x82,\x8b$y\xda\xea}3\xf9VU\xb5\
\xcc\xd6w\x11\xdc\xdb\xca\xf1M\x13\x07GS\x82\xa4w\
\x156\xa7\xaa^\xeb7oy\xa8]Kup\xfdd\
\x90\xe4\xfd)kq\x95(\xa5\xc5\x18\xa6\x02QK\x8a\
J\x00(\xa2\x8a\x00(\xa2\x8a\x00(\xa2\x8a\x00(\xa2\
\x8a,\x01E\x14Q`\x0cQ\x8a(\xa5`\x0a9\xa2\
\x8a\x00(\xcd\x14P\x01E\x14S\xb8\x05\x14Q@\x05\
\x14Q@\x05\x14Q@\x05\x14QH\x02\x974\x94P\
\x02\xe6\x8c\xd2QE\x80u\x14\xda\x5c\xd2\xb0\x5cZ)\
3Fh\x18Q\x8aZ(\x011F)h\xa0\x04\xc5\
%-\x18\xa0,%\x14\xa6\x92\x95\x84\x14QKE\x86\
\x14\x94QH\x02\x8a(\xa0\x02\x8a(\xa0\x02\x8a(\xa2\
\xc0\x14QE \x0a(\xa2\x80\x0a(\xa2\x80\x0a(\xa5\
Ug`\x88\xa5\x99\x8e\x00\x03$\x9a\x00J+n\xf3\
\xc1~ \xd3\xecM\xf5\xce\x99,p(\xcb\x1c\x82T\
z\x90\x0eEbRM=\x86\xd3[\x85\x14QE\x84\
\x14QE\x00\x14QE\x00&(\xa5\xa2\x80\x13\x14R\
\xd1\x8a\x00CI\x8aZ(\x011E-&(\x00\xa2\
\x82(\xa0\x02\x8a(\xa4\x01I\x8aZ(\x01\xb4R\xd1\
\x8a\x00J)H\xa4\xa0\x02\x8a(\xa4\x01E\x14P\x01\
E\x14P\x01E\x14Q`\x0a(\xa2\x90\x05\x14Q@\
\x06))h\xa0\x04\xa2\x97\x14\x15`\x03\x15 \x1e\x87\
\x1dh\x01(\xa2\x8a\x00)1KE\x00%\x14\xb4\x98\
\xa0\x02\x8a(\xa0\x02\x8a(\xa0\x02\x8a(\xa0\x02\x8a(\
\xa0\x02\x8a(\xa0\x02\x8a(\xa0\x02\x8a(\xa0\x02\x8a(\
\xa0\x02\x8a(\xa0\x02\x8a(\xa0\x02\x8a(\xa0\x02\x8a(\
\xa0\x02\x90\xd2\xd2\x1aO`\x16\x8a(\xa6\x03\xa2\x8aI\
\xe4X\xa2B\xee\xc7\x01GSS\xdf\xe9\xb7Zd\x8b\
\x1d\xd4^[0\xdc\x06sF\x9d\x7f.\x99v\x97P\
\xed.\x99\xe1\x87\x06\x9d\xa9\xeaw\x1a\xb5\xcf\xda.\x08\
-\x8c\x00\x06\x00\x14\xb5\xb8\x15(\xa2\x8a`\x14QE\
\x00\x14QE\x00\x14QE\x00\x14QE\x00\x14QE\
\x00\x14QE\x00\x14QE\x00\x14QF(\x00\xa3\x14\
\xb4P\x01E\x14P\x01E\x14S\x11z\xc3\x5c\xd4t\
\xc8\xda;K\xa7\x8d\x1b\xaa\xf5\x15V\xe2\xe6k\xb9L\
\xb3\xca\xf2\xc8z\xb3\x1c\x9a\x8f\x14\xb4\x82\xc1\x8a(\xa2\
\x81\x85\x14Q@\x05\x14Q@\x05\x14QN\xc0\x14Q\
E\x00\x14QE\x00\x14QE\x00\x14R\xe2\x8cS\x01\
)qKE\x00\x14QE\x00\x14Q@\x14\xc0(\xa3\
\x14b\x80\x0a1KE\x00\x14b\x97\x14P\x02b\x96\
\x8a(\x00\xa2\x8a(\x00\xa2\x8a(\x00\xa2\x8a(\x00\xa2\
\x8a)\x80QE&j\x5c\x92\x1aW\x16\x8c\xd2\x0eN\
\x07'\xd0U\xa8\xb4\xe9\xe4\xc1`#_S\xd6\xa1\xcd\
\x9aF\x9b{\x15sEkE\xa7\xc1\x17$y\x8d\xea\
\xd5WT\x8bl\xca\xe0`0\xc7\xe5QsYQq\
\x8d\xd9R\x8a\x05\x15\xd1\x1dU\xcef\x82\x8a(\xa6 \
\xa2\x8a(\x00\xa2\x8a(\x00\xa2\x8a)\x80QJ(\xc5\
\x16\x01)qF(\xa0\x03\x14b\x96\x8a`\x14QI\
\x9a\x00Z)3Fh\xb0\x5cZL\xd2QE\x85q\
sIE\x14\xc0(\xa2\x8a\x00(\xa2\x8av\x00\xa2\x95\
U\x9d\x82\xa2\xb31\xe0*\x8c\x93Vot\xbb\xed8\
!\xbc\xb3\x9e\xdcH2\xa6D*\x1a\x95\xd0\x15h\xa2\
\x8a`\x14QE \x0a(\xa2\x80\x0a(\xa2\x9d\x80(\
\xa2\x8a,\x06\xbe\x8b\xe2\xddk\xc3\xb6\xd76\xdae\xeb\
[\xc5s\x8f0\x05\x07\xf1\x19\xe9\xd6\xb2(\xa2\x8b\x0a\
\xc1E\x14P0\xa2\xac\xc3\xa7^\x5cY\xcf{\x0d\xbc\
\x92[[\x90%\x95FB\x13\xd35Z\x81\x05\x14R\
\xd01(\xa5\xa4\xa0AE-%\x00\x14\xb4\x94P\x02\
\xd1IE\x00\x14\xb4\x94P\x02\xd2QE\x00\x14QE\
\x01`\xa2\x8a(\x00\xa2\x8a(\x00\xa2\x8a)\x8c)\xc8\
\x8d#\x04Efc\xd0(\xc94\xda\xf4o\x83\xda\x87\
\x87\xf4\xcb\xbb\xc9\xb5+\xa8\xed\xf5\x06\x01`i\x87\xc8\
\x13\xf8\xb0}k:\x92p\x8d\xd2*1\xbb\xb1\xe7D\
\x10H \x828 \xf6\xa4\xae\xab\xe2m\xe6\x95\xa8x\
\xba\xe6\xe3H\x91$\x89\x95|\xc7\x8caZLrE\
r\xb5P|\xd1LMY\xd8(\xa2\x8a\xab\x08(\xa2\
\x8a,\x01E\x14Q`\x0a(\xa2\x8b\x00QE\x14X\
\x02\x8a(\xa2\xc0\x14QE\x16\x00\xa2\x8a(\xb0\x05\x14\
QE\x80(\xa2\x8a,\x01E\x14Q`\x0a(\xa2\x8b\
\x00QE\x14X\x02\x8a(\xa2\xc0\x14QE\x00\x14Q\
E\x00\x14QE \x0a(\xa2\x81\x05\x14Q@X(\
\xa2\x8a\x00\x5c\xd1IE\x00-\x14\x94P\x02\xe2\x8cR\
Q@\x0b\x8aJ(\xa0\x02\x8aZ(\x01(\xa5\xa2\x81\
\x89E.(\xa0\x04\xa2\x8a(\x00\xa2\x8a(\x00\xa2\x8a\
(\xb0\x05\x14QE\x80(\xa2\x8a@\x14QE\x00\x14\
QE\x17\x00\xa2\xacXX]j\x97\x91YY\xc2\xf3\
\xdcL\xdbR5\xea\xc6\xba\x0f\x18|:\xd6\xbc\x15o\
mq\xa9\x08Z+\x8c\xa8h\x9f;[\xfb\xa6\x93\x92\
\xbd\x80\xe5\xe8\xa2\x8a\xa0\x0a(\xa2\x8b\x00R\xd2R\xd2\
\x00\xcd\x19\xa0\x8aJ,\x03\xa8\xa6\xd2\xe6\x95\x82\xe2\xd1\
I\x9a(\x18\xb4QE\x00&(\xc5-\x14\x00\x98\xa4\
\xa7Rb\x90\x09E.(\xc5\x16\x01(\xa5\x22\x92\x90\
\x05\x14Q@\x05\x14Q@\x05\x14QE\x80+\xa0\xf0\
\x15\xe5\x9e\x9f\xe2\xcb\x0b\x8b\xf7X\xe0V#{\x0c\x85\
b\x08\x04\xfe5\xcf\xd1S(\xddXi\xd9\xdc\xfaJ\
\xf2X-,\xe6\xba\xbb\x91\x16\xd9c,\xee\xc7\xe5+\
\x8f\xd75\xf3|\x85L\x8ePaK\x12\xa3\xd0f\xa4\
{\xdb\xa9-\xd6\xd9\xeefh\x14\xe4F\x5c\x95\x1f\x85\
CYR\xa5\xc9r\xeaT\xe7\x0a(\xa2\xb63\x0a(\
\xa2\x80\x0a(\xa2\x80\x0a(\xa2\x90\x05\x14Q@\x05\x14\
Q@\x09E-\x18\xa0\x04\xa2\x97\x14\x94\x00R\x11K\
E\x00&(\xa5\xa4\xc5\x00\x14QE \x0aLR\xd1\
@\x0d\xa2\x9dI\x8a\x00J)i(\x00\xa2\x8a)\x00\
QE\x14\x00QE\x14\x00QE\x14X\x02\x8a(\xa4\
\x03\xe11\x89\xa32\x82c\x0c7\x01\xd4\x8c\xf3]\xa7\
\x8c\xfcO\xa3\xea\x1aLZ~\x9d\x18\x90\xe5X8]\
\xa20;}k\x88\xa2\x8b\x5cA\x8aLR\xd1@\xc4\
\xa2\x97\x14b\x80\x12\x8a(\xa0\x02\x93\x14\xb4P\x02Q\
K\x8aJ\x00(\xa2\x8a\x00(\xa9\xac\xad^\xfa\xee+\
h\xc8\x0f+\x05\x04\xf4\xabz\xe6\x896\x87p\x90\xcb\
\x22I\xbdw\x02\xbf\xe1@\xaf\xd0\xce\xa2\x8a(\x18Q\
E\x14\x00QE\x14\x00QE\x14\x00QE\x14\x00Q\
E\x14\x00QE\x14\x00QE\x14\x00R\x1aZCI\
\x80\xb4QE0\x0a(\xa2\x80\x0a(\xa2\x80\x0a(\xa2\
\x80\x0a(\xa2\x80\x0a(\xa2\x80\x0a(\xa2\x80\x0a(\xa2\
\x80\x0a(\xa2\x80\x0a(\xc5-\x00\x00QE\x14\x00Q\
E\x14\xc0(\xa3\x14\xb8\xa0\x04\xa5\xc5\x14R\x00\xa2\x8a\
(\x00\xa2\x8a(\x00\xa2\xb7-\xbc\x1b\xab\xddh\xdf\xda\
\xd1B\x8d\x06\x0b\x05\xdd\xf3\x15\x1dN+\x0e\x84\x01E\
\x14S\x00\xa2\x8a(\x00\xa2\x8a(\x00\xa2\x8a\x5cS\x01\
)@\xa5\xa2\x80\x0a(\xa2\x80\x0a(\x14b\x98\x06)\
E\x14P\x01E\x14P\x01F)q@\xa0\x02\x8a(\
\xa0\x02\x8a(\xa0\x02\x8a(\xa2\xc0\x14QE\x16\x00\xa2\
\x8a)\x80QE\x14\x00QE\x14\x00\x1a\x9a\xd2\x04\x9a\
O\xde\x12\x10zT&\xa7\xb3<\xb2\xfa\x8c\xd657\
7\xa4\x93j\xe6\xa4P\xc7\x00\xc4h\x17\xdf\xbd>\x99\
\x04\x9b\xd3\x07\xef-I\x8a\xcc\xf4\x15\xad\xa0b\xabj\
\x11y\x96\xacGT\xf9\x85Z\xc5\x18\x04\x10G\x07\x83\
@J7V9\xe1KN\x9a#\x04\xad\x19\xfe\x13\xfa\
SEoM\xf4<\xb9\xc6\xc1E\x14\xb8\xadH\x12\x8a\
\x5cQE\x801F)h\xa0\x02\x8a(\xa6\x01E\x14\
\x99\xa0\x05\xa2\x934\x94XW\x174f\x8cQ\x8av\
\x01(\xa5\xa4\xa0\x05\xa2\x92\x8av\x00\xa2\x8a(\x00\xa2\
\x8a(\x00\xa2\x8a)\x00QE\x14\x01\xe9\xff\x00\x00b\
\xb0\x93\xc4\xf7\x86\xe5ck\xa5\xb7\x06\xdbx\xe4\x1c\xfc\
\xdb}\xf1^\x99\xf1\x89l\x9f\xc0Z\x81\xbf\xc6F\xd3\
\x09?xI\xb8c\x1f\xd7\xda\xbeh\xb7\xb8\x9a\xd2d\
\x9e\xdeW\x86T9WF\xc3)\xf65sT\xf1\x06\
\xad\xad\x84\x1a\x96\xa3qv#\xfb\xa2F\xc8\x1f\x85g\
*m\xca\xe0g\xd1E\x15\xa8\x05\x14Q@\x05\x14Q\
@\x05\x14\xb4\x94\x08(\xa5\xa4\xa0.\x14\xb4\x94P\x02\
\xd1IE\x00n\xe9\x1e)}#\xc3\x9a\xbe\x8c\x96\xe1\
\xff\x00\xb4\xf6fR\xd8\xf2\xc2\x9fN\xf5\x87IE\x16\
\x0b\x05\x14Q@\x05\x14Q@\xc2\x8a(\xa7`\x0a(\
\xa2\x8b\x00QE\x14X\x02\x8a(\xa2\xc0\x14QE\x00\
\x14QE0\x0a(\xa2\x80\x0a(\xa2\x80\x0a)B\x93\
\xd0R\xf9mJ\xe2\xba\x1bE?\xcb>\xb4\xbeW\xbd\
\x17B\xe6DtT\x9e_\xbd'\x96\xd4]\x05\xd0\xca\
)v\x91\xda\x92\x98\xc2\x8a(\xa0aE\x14\xb4\x08J\
)qF(\x01(\xa5\xc5\x18\xa0\x04\xa2\x97\x14b\x80\
\x12\x8a\x5cQ\x8a\x00J)qF(\x01(\xa5\xc5\x18\
\xa0\x04\xa2\x97\x14b\x80\x12\x8a\x5cQ\x8a\x00J)h\
\xa0\x04\xa2\x8a(\x18QE\x14\x00QE\x14\x00QE\
\x14\x00R\xd2Q@\x05\x14Q@\x05\x14Q@\x05\x14\
Q@\x05\x14QE\x80(\xa2\x96\x95\x80J(\xa2\x8b\
\x00QE\x14X\x02\x8a(\xa2\xc0\x14QE!\x05\x14\
Q@\x0bFi(\xa0\x05\xe2\x8cRg\xb5\x14\x00b\
\x8a)s@\x5cJ)h\xe2\x80\x12\x8a\x5cQ\x8a\x06\
%\x14Q@\x05\x14Q@\x1a\xbe\x17\xf1\x1d\xd7\x855\
\xbb}Z\xcdQ\xe5\x87#c\xf4`F\x08\xad?\x1b\
\xfcB\xd5<u,\x06\xf5\x22\x82\x0b|\x98\xe1\x8f\xa0\
'\xa9'\xb9\xe2\xb9z)r\xab\xdc\x02\x8a(\xa7`\
\x0a(\xa2\x80\x0a(\xa2\x80\x0a\x5c\xd2Q@\x0b\x9a3\
IE\x00/Z1E\x19\xa4\x01\x8aZJZ\x00(\
\xa2\x8aV\x0b\x85\x14\x94Qa\x8bE\x14P\x01E\x14\
P\x02Q\x8aZ)\x00\x98\xa4\xa7Rb\x8b\x00\x94\xe7\
\x8d\xe2m\xb2##c8a\x83\x8a}\xbc\xa2\xde\xe2\
)\x8ck \x8d\xc3\xecn\x8d\x83\x9c\x1a\xe9~ \xf8\
\xca\x0f\x1a\xeaV\xb7\xb0\xe9\xc2\xc9\xa2\x84D\xff\x00>\
\xe3!\xed\xf8\x0e\x82\x93\xbd\xc0\xe5h\xa2\x8a`\x14Q\
E \x0a(\xa2\x80\x0a(\xa2\x8b\x00QE\x14X\x02\
\x8a(\xa4\x01E\x14P\x01E\x14P\x01E\x14R\xb0\
\x05\x14Q@\x06))h\xa0\x04\xa2\x94\x8aJ\x00)\
:\xd2\xd1@\x09\x8a)i1@\x05\x14QH\x02\x93\
\x14\xb4P\x02RS\xa91@\x09E\x14P\x01E\x14\
R\x00\xa2\x8a(\x00\xa2\x8a(\x00\xa2\x8a(\xb0\x05\x14\
Q@\x05\x14QH\x02\x8cQE\x00%\x14\xb4b\x80\
\x12\x8a(\xa0\x04\xc5kj\x10\xe9\xe9\xa2i\xd2[\x94\
\xfbS\xee\xf3\xb0y\xeb\xc6EeQ@\x84\x04\xa9\x05\
I\x04r\x08\xedO\x9a\xe2[\x97\xdf4\x8f#c\x19\
c\x93L\xc5\x14\x0c(\xa2\x8a\x00(\xa2\x8a\x00(\xa2\
\x8a\x00(\xa2\x8a\x00(\xa2\x8a\x00(\xa2\x8a\x00(\xa2\
\x8a\x00(\xa2\x8a\x00)\x0d-!\xa1\x80\xb4QE\x00\
\x14QE\x00\x14QE\x00\x14QE\x00\x14QE\x00\
\x14QE\x00\x14QE\x00\x14QK\x8a\x00LR\xd1\
E\x00\x14QE\x00\x14Q\x8aZ\x001E\x14P\x01\
E\x14P\x01E\x14P\x01E\x14S\xb0\x05\x14Q@\
\x1d&\x8f\xe3\xbdOG\xd3\x1fOE\x8ah\xb6\x91\x19\
q\xccy\xfeu\xcd\xd1E\x16\x00\xa2\x8a(\x00\xa2\x8a\
\x5cS\x01)qKE\x00\x14QE\x00\x14P(\xc5\
0\x0cR\x8a(\xa0\x02\x8a(\xa0\x02\x80)h\xa0\x02\
\x8a(\xa0\x02\x8a(\xa0\x02\x8a(\xa6\x01E\x14P\x01\
E\x14P\x01E\x14\x11\x90E\x00Lm.E\xb0\xb9\
6\xf2\x88\x09\xc0\x97a\xdb\x9f\xadC^\xb6\xff\x00\x16\
\xb4h\xfc\x12\xba|6\x19\xbf\xf2<\x8f\xb3\x98\xf1\x12\
\x9e\x85\xb3\xe9\xde\xbc\x90\x0c\x0cR\x8bop\x0a(\xa2\
\xa8\x02\x8a(\xa0\x00\xd4\x96\xa7\x13\x0f~*:T;\
]O\xa1\xacj-Mi\xbb\x1aH\xe66\x0c*\xe8\
;\x80#\xa1\xaa&\xa7\xb5\x93\x9f,\xfe\x15\x89\xe8\xc5\
\xf4,b\x8cR\xd1\x8av.\xc6~\xado\x94Y\xd4\
}\xde\x1b\xe9Y\xa2\xba&P\xcaU\x86T\x8c\x11X\
WV\xe6\xd6c\x19\xe9\xd5O\xa8\xaa\x8b\xb1\xc9\x88\xa7\
\xaf0\xca)\x01\xa5\xae\x98\xca\xea\xe7\x13V\x0a(\xa4\
\xcdP\x85\xa2\x8a(\xb0\xae\x14QE0\x0a)3F\
h\x00\xa34\x94S\xb0\x05\x14Q@\x05\x14Q@\x05\
\x14Q@\x05\x14Q@\x05\x14Q@\x05\x14Q@\x05\
\x14Q@\x05\x14\xb4\x94\x08)qE%\x00\x14QE\
\x00.i(\xa2\x98\x05\x14QE\x80(\xa2\x8a,0\
\xa2\x8a(\xb0\x05\x14QN\xc0\x14QE\x1a\x00QE\
\x14\x00QE\x14\x00QE\x14\x00QE\x14\x00QK\
\x8a1@\x84\xa2\x97\x14b\x8b\x00\x94R\xe2\x8a,\x17\
\x12\x8au\x14\x00\x94\x05'\xa0\xa9\x16<\xf2i\xe0`\
T\xb6K\x90\xc1\x17\xa9\xa7\x05\x03\xa0\xa9\x22\x8aI\x8e\
#B\xe7\xda\xaeG\xa4J\xdc\xc8\xea\x9e\xc3\x93Z\xd2\
\xc3V\xad\xfc8\xb7\xf9}\xe6r\x9d\xb7e\x0cPW\
\x07\x06\xb5\xd3I\xb7_\xbc\xce\xe7\xeb\x8a\xd0\xbc\xd3m\
\x94\xc50\x81q\x22\x0eO\xa8\xe2\xba\x1e[V3\x84\
&\xd2\xe6\xbd\xbeZ\xfeF\x94\xe9\xfbJ5*\xc7\xec\
Z\xfe\x8d\xda\xff\x00}\x97\xcc\xe68\xa3\x8a\xe8\x05\xac\
\x03\xa4)\xf9Q\xf6X?\xe7\x8a~U\xd7\xfd\x89S\
\xf9\xd1\xcb\xed\x97c\x9f\xa2\xb7\x8d\x8d\xb3u\x81i\x8d\
\xa6Z\x9f\xf9dG\xd0\xd4<\x96\xb2\xdaK\xf1\xff\x00\
!\xfbdbP@=Ek>\x8f\x11\xfb\x92:\xfd\
y\xa8\x1fH\x99~\xe3\xa3\xfe\x95\xcf<\xb3\x13\x0f\xb3\
\x7fO\xea\xe5*\x91}L\xe3\x18=8\xa6\x14#\xde\
\xadKk4?\xeb#`={Tx\xae9)A\
\xdaJ\xcc\xd1H\x82\x8a\x98\xa0j\x8d\xa3#\xdcP\xa4\
\x8bM1\xb4Q\x8a1L\xa0\xa2\x8cQ\x8a\x00(\xa3\
\x14b\x98\x05\x14b\x8cP\x01E\x18\xa3\x14\x00QF\
(\xc5\x00\x14Q\x8a1@\x05\x14b\x8cP\x01E\x18\
\xa3\x14\x80))qF)\x80QF(\xc5 \xb0\x94\
R\xe2\x8aaa1F)h\xa0\x04\xc5\x18\xa5\xa4\xa5\
`\x0cQ\x8aZ(\xb0\x0d\xa2\x9dE\x006\x8au\x14\
\x00\xda)qF(\xb0\x5cJ)qF(\x01)h\
\xc5\x14\x00QIE\x03\x0aZJ(\x00\xa2\x8a(\x00\
\xa2\x96\x8c\xd0\x02QE\x14\x01\xd8k\x9a\xaf\x86n<\
\x01\xa2YX\xda\x22\xebQ;\xfd\xa6E\x5c2\x8c\x9f\
\xbc\x7f\x8b9\x18\xf4\xc5q\xf4\xb4T\xc66\x01(\xa2\
\x8a\xab\x00QE\x14\xac\x01E\x14Qa\x0b\x9a3I\
E\x16\x01x\xa3\x14\x94P\x02\xd2R\xe6\x8c\xd2\x01(\
\xa5\xe2\x8cP1(\xa5\xc5%0\x0a(\xa2\x90\x05\x14\
Q@\x05\x14Q@\x05\x14\x1e+\xd8tO\x82\xfa~\
\xa5\xf0\xf5ug\xb8\x97\xfbR\xe2\xdc\xdc\xc6\xe1\xbfv\
\x80g\x0b\x8e\xfc\x0e\xb52\x92\x88\x1e=E\x00\xe4Q\
T\x02\x8a3IE\x00--6\x974\xac\x02\xd2Q\
\x9aZ\x00(\xa4\xa3\x14\x05\xc5\xa2\x8a(\x18QE\x14\
\xac\x01E\x14Q`\x0aB)h\xa0\x04\xc5%:\x93\
\x14\x00\x94R\xe2\x83J\xc0%\x14Q@\x05\x14QH\
\x02\x8a(\xa0\x02\x8a(\xa0\x02\x8a\xb1\x0d\x85\xcc\xe3)\
\x13\x11\xeax\xa9\x0e\x93x?\xe5\x96~\x84R\xba)\
BOT\x8atT\xb2Z\xcf\x17\xdf\x89\xc7\xe1QP\
&\xad\xb8QE\x14\x08(\xa2\x8aV\x00\xa0\xf4\xe2\x8a\
(\x03\xd3l\xf4\xef\x87\xcd\xe0\xd8\xe4\xb8\x9e1ta\
\xcb\xbe\xf3\xe7\x89=\x02\xfdx\xf4\xaf1\xc5.\x06s\
EJV\x01(\xa5\xc5&*\x80):\xd2\xd1@\x09\
\x8a)h\xc5\x00%\x14\x11@\x14\x80)\x0d-\x14\x00\
\x94\x94\xeaB(\x01(\xa9%\x86H\x1fd\xb1\xbcm\
\x80v\xb0\xc1\xc1\xa6\x1a\x00J(\xa2\x8b\x00QE\x14\
\x80(\xa2\x8a\x00(\xa2\x8a,\x01E\x14P\x01E\x14\
R\x00\xc5&)h\xa0\x04\xa2\x97\x14\x94\xc4\x14QE\
\x16\x01(\xa5\xa4\xc5!\x85\x14QN\xe2\xb0QE\x14\
\x05\xc2\x8a(\xa40\xa2\x8a(\x00\xa2\x8a(\x00\xa2\x8a\
(\x00\xa2\x8a(\x00\xa44\xb4\x86\x86\x02\xd1E\x14\x00\
QE\x14\x01\xa3\xa0\xc9\xa7G~\x1bS]\xd0\xed8\
\xe0\x91\x9fz\x83S6\x8d\x7f1\xb1\x04[\xee\xf9\x01\
\xf4\xaa\xb4R\xb6\xb7\x1d\xc2\x8a(\xa6 \xa2\x8a)\xd8\
AE\x14R\x18Q\x8a\x5cQ@\x05\x14QE\x84\x14\
QK\x8a`%.(\xa2\x90\xc2\x8a(\xa0\x02\x8a(\
\xa6\x01E\x14Q`\x0a(\xa2\x80\x0a(\xa2\x80\x0a(\
\xa2\x9d\x80(\xa2\x96\x80\x0cP)h\xa0\x02\x8a(\xa0\
\x02\x8a\x05\x18\xa6\x01\x8aQE\x14\x00QE\x18\xa0\x02\
\x8aZ(\x00\xa2\x8a(\x00\xa2\x8a(\x00\xa2\x8a)\x80\
QE\x14\x00QE\x14\xec\x01E\x14P\x01E\x14P\
\x01E\x14P\x01E\x14S\x00\xa2\x8aP(\xb0\x09K\
\x8a1E0\x0cRb\x9dM\xac\xaa\xad.\x5c74\
\x10\xeeE>\xa2\x9c2\x0eGQQ\xda\x9c\xc2=\xb8\
\xa9k\x9c\xf4\x22\xee\x93/D\xfeb\x06\x1f\x8d;\x15\
R\xdeO-\xf0~\xebu\xab\x94\x1b\xc5\xdd\x06*\x1b\
\xabT\xba\x8bcpG\xddoCSQH\x1cn\xac\
\xcezH\xde\x19\x0cr.\x18v\xa6\xd6\xed\xdd\xa2]\
\xa6\x0f\x0e>\xebzV$\xb0\xbc\x0eVA\x83\xfc\xea\
\xe3&\x9e\x87\x05Z<\xbe\x82QIFk\xa25\x13\
9\x5cZ\x0c\xd1\x9aJ+[\x12.i(\xa2\x80\x0a\
(\xa2\x80\x0a(\xa2\x80\x0a(\xa2\x80\x0a(\xa2\x80\x0a\
(\xa2\x98\x05\x14\xb4P\x02R\xe2\x8a\xf4O\x01i^\
\x02\xbb\xf0\xfc\xb3\xf8\x8e\xe5\x16\xf5d!\xd5\xe5d(\
\x9f\xc2T\x0e\xb4\x9b&R\xb2\xb9\xe7tT\xb7k\x02\
]L\xb6\xae\xd2@\x1c\x88\xdd\x86\x0b.x$}*\
\x1ac\x0a(\xa2\x8b\x00QE\x14\x00QE\x14\xc6\x14\
QE\x00\x14QE\x00\x14QE\x00\x14QE\x00-\
%\x14P\x01E.(\xc5\x02\x12\x8a\x5cQ@\x5cJ\
ZZ(\x011F)h\xa6\x02b\x8cR\xd1@\x05\
\x14b\x8cP\x01IK\x8a1@\x05\x14\xb4R\x01(\
\xa5\xa2\x8b\x8cLT\xab\x1e9=hE\xc7'\xad<\
\x02\xc7\x00d\x9a\x96\xdb\xd1\x19\xca@\x14\xb1\x00\x02I\
\xe8\x07z\xd2\xb5\xd20\x03\xdc\xf5\xfe\xe0\xfe\xb5\x0d\xba\
\x9b~T\xe1\xcfS\xe9R\x17v\xea\xec\x7f\x1a\xf60\
x(C\xdf\xac\xae\xfbt\xff\x00\x82a&\xde\x88\xd2\
UH\xd7j\xedU\x1d\x85\x1b\x93\xfb\xcb\xf9\xd6^(\
\xc5{\x1fY\xb6\x89\x19{?3W+\xea?:\xd4\
\xf2\xfe\xd3\xa4)\x1c\xb4y\x22\xb9lWK\xe1\x97\x0f\
g,G\x90\xad\xd3\xeb^\x17\x10b\xa5N\x841\x11\
Z\xc2I\xfe\x9f\x8d\xcf\xac\xe0\xfc<+\xe2\xea`\xea\
=*\xc2Q\xf9\xe8\xd3\xf9Z\xe5\x0a*\xa5\xeaMc\
w$!\xdb\x0ax\xcf\xa55od\x1fx\x06\xfd+\
\xdd\xa5\x8c\xa7R\x0aq\xd9\xea|\xbd|-J5%\
J{\xc5\xb4\xfdQv\x8a\x86;\xb8\x9f\x82J\x1fz\
\x98\x0c\x8c\x8eG\xb5t\xc6J[\x1c\xed5\xb8QK\
\x8a1L\x04\xaa\xd3\xd8[\xcf\x92Sc\x7fyj\xd6\
(\xc5EJP\xa8\xb9f\xae\x81;lb\x5c\xe9\xd3\
[\x82\xc3\xf7\x89\xea:\x8f\xc2\xaaf\xba`1T\xee\
\xf4\xc4\x9f/\x16\x12O\xd1\xab\xc3\xc5\xe4\xf6\xf7\xa8}\
\xdf\xe4m\x0a\xdd$a\xb2g\xa7\x06\xa3#\x1c\x1a\xb4\
\xf1\xb4NQ\xd7k\x0e\xa0\xd3\x19\x03\x0a\xf0\xee\xd3\xb3\
:\x94\x88(\xa7\x15\xc1\xc1\xa4\xab,J)h\xa0b\
QKE\x00%\x14\xb4P\x02QKE\x00%\x14\xb4\
P\x02QKE\x00%\x14\xb4b\x80\x12\x8a\x5cQ\x8a\
\x00J)qF(\x01(\xa5\xc5&(\x00\xa2\x8cQ\
\x8a\x00(\xa3\x14P\x01\x8aLR\xd1@\x09\x8a1K\
E\x00&(\xc5-\x14\x5c\x04\xa2\x96\x8a.\x02QK\
F(\x10\x94Q\x8a1L\x02\x8a1F(\x0b\x09F\
)h\xa5`\x13\x14b\x96\x8a,\x03h\xa7Q@\x0d\
\xa2\x96\x8cP\x17\x12\x96\x8cQ\x8a\x003E\x14\x94\x0c\
Z)(\xa0\x02\x8aZ3@\x09E/\x14P\x02Q\
KJ\x14\xb5\x16\x04\xae6\x94)=\x05H\x10\x0fs\
N\xabT\xfb\x9a*}\xc6\x08\xfdM.\xc1ODi\
\x0e\xd4R\xc7\xd0\x0c\xd5\xc8\xf4k\xd991\x84\x1f\xed\
\x1a\xd6\x14\x5c\xbe\x15sXR\xbf\xc2\xaeQ\xda=(\
\xc0\xf4\xad/\xec\x0b\xcf\xefE\xf9\xd1\xfd\x81w\xfd\xe8\
\x7f\xef\xaa\xd7\xea\xd5?\x94\xd3\xea\xf3\xfeS7h=\
\xa9<\xb5\xad3\xa0\xdev1\x1f\xf8\x15F\xda5\xf2\
\xff\x00\xcb\x10\xdfF\x15/\x0dS\xacX\x9d\x09\xf5\x89\
\x9cc\xf44\x85\x08\xedV\xa4\xb4\xb8\x87\xfdd\x12/\
\xe1P\xe4V2\xa7m\xd5\x8c\xa5M-\xc8zQS\
\x11\x9a\x02&~`q\xedP\xe9\xf63t\xdfB\x1a\
\xdb\x83\xc6\x9e!\xb5\xd1\x0e\x89\x0e\xab<zy\x04y\
*{\x1e\xa3=qTR\xd6\x09>\xe9o\xa6iM\
\x82\x1e\x8c\xc2\xb2iu1sKFQ\xa2\xad=\x83\
\x8f\xba\xc0\xd4\x0f\x13\xc7\xf7\x94\x8acROa\x94Q\
E\x05\x05\x14Q@\x05\x14Q@\x0b\x9a3IE\x00\
.j\xee\x95\xa3j:\xe5\xcf\xd9\xb4\xcb9n\xa5\x03\
%c\x1d\x07\xa9=\xaa\x8dz\xe7\xc0\xbdV\xc6\xde\x0d\
OO\x92x\xe2\xbc\x99\xd1\xd1X\xe0\xc8\xa0\x1c\x80}\
\xbd+*\xb3p\x8f2.\x9cT\xa5fy\x96\xaf\xa1\
\xeaZ\x0d\xcf\xd9\xb5;9me# 8\xe1\x87\xa8\
=\x0dQ\xafa\xf8\xd9\xae\xe9W\x1a]\xa6\x97\x1c\xf1\
\x5c_\xa4\xdef#;\xbc\x95\xc79>\xfcq\xed^\
=J\x94\xdc\xe3v\x82\xa4Ted\xc5\xa2\x8a+R\
.\x14QE\x03\x0a(\xa2\x95\x80(\xa2\x8a\x00CF\
(\x1c\x9c\x0eMY\x87O\xba\x9f\x94\x85\xb1\xeax\x14\
\x9bKq\xa4\xde\xc5lRV\xa2h\x17-\xf7\x99\x13\
\xf1\xcd?\xfe\x11\xd9\x7f\xe7\xba~F\xa7\x9e=\xcd=\
\x85N\xc6E\x15\xa6\xfa\x0d\xd2\xfd\xd6F\xfcqQ\xae\
\x8bx\x5c)@\xa0\xf59\xe9G2\xee/e>\xc5\
$F\x91\x82\x22\x96c\xd0\x0a\xdb\xb0\xd1\xd6,Iq\
\x86~\xa1{\x0a\xb9g\xa7\xc5d\xbf/\xcc\xe7\xab\x9e\
\xf5n(\x1e\xe2T\x86!\xbaG!T{\xd63\xa8\
\xde\x88\xeb\xa5\x87KYnDx\xe3\xf4\xa0\x9cu\xe3\
\xeb\xc5w6\x1aE\xb6\x9b\x10T\x8d^_\xe2\x95\x86\
I?\xd2\xacI\x0cS.\xd9\x22\x8d\xc7\xa1QK\x94\
\xec\xe4<\xfb\xa8\xe7\x91U\xe7\xd3\xed\xae9x\x80>\
\xa3\x83]\xbd\xd7\x86\xac.2cV\xb7oT9\x1f\
\x95b\xdexj\xfa\xd4\x16\x8c\x0b\x94\x1d\xd3\x83\xf9T\
\xd9\xa2%\x0b\xee\x8eF\xe3Bq\x93\x04\x81\x87\xf7[\
\x83Y\xb3A,\x0d\xb6Te>\xf5\xd6\x10U\x8a\x90\
C\x0e\xa0\x8c\x1ac\xa2\xc8\xbb]C\x0fCV\xaa>\
\xa74\xf0\xd1\x7f\x0e\x87%En\x5c\xe8\x91>Z\x06\
\xf2\xcf\xa1\xe4VU\xc5\x9c\xd6\xa7\x12\xa1\x03\xb1\x1d+\
E$\xf69'JP\xdc\x82\x8a(\xaa3\x0a(\xa2\
\x95\x80(\xa2\x8a\x001F(\xa2\x80\x12\x8a\x5cQ@\
\x09]O\x87\x0f\x82\xce\x8f:\xebir\xba\x88\x0d\xb5\
\xd4\xb6\xd3\xe9\x8c\x7fZ\xe5\xa8\xc5&\xae\x02\x0c\xe3\x9e\
\xb4b\x96\x8a`&*\xc6\x9ft\xb6W\xb0\x5c\xbc\x09\
:\xc4\xe1\x8cO\xd1\xb1\xd8\xd4\x14b\x90\x1b\xbe1\xf1\
G\xfc%z\x8cwB\xd1m\x964\x08\x179'\xea\
\x7f\x95m_\xfc5\x1aW\x85\xe4\xd5\xef5\x10\x97\x0b\
\x18\x90D\x17\xe5\xe7\xa2\xe7\xb9\xae \xd5\xab\xad_P\
\xbd\xb7\x8e\xda\xe6\xf2ia\x8f\x01\x11\x9b\x81\x8aV\xec\
\x05:Ju!\x15@%\x14\xa4RR\x00\xa2\x8a(\
\x00\xa2\x8a)\x00QE\x14\x00QE\x14\x00QE\x14\
\x00QE\x14\x801IKE\x00%\x14b\x8ab\x0a\
LR\xd1@\x09E-\x18\xa4\x02QF(\xa6\x01E\
\x14R\x18QE\x14\x00QE\x14\x00QE\x14\x00R\
\x1aZCI\x80\xb4QE0\x0a(\xa2\x80\x0a(\xa2\
\x80\x0a(\xa2\x98\x82\x8a1K\x8aC\x13\x14\xb4QN\
\xc2\xb8QE\x14\x00QK\x8a)\x00b\xba\x0bm\x17\
I\x97\xc3Rj\x12j\x1bo\x06q\x16GPzc\
\xa9\xc8\xae~\x8a\x01\xa0\xa2\x8a(\x18QE\x14\xc0(\
\xa2\x8a\x00(\xa2\x8a\x00(\xa2\x8a`\x14QJ\x05\x00\
%.(\x02\x96\x98\x09\x8aZ(\x02\x90\x05\x18\xa3\x14\
\xb4\xc0LR\x8a(\xa0\x02\x8a)q@\x09E:4\
\xdf\x22\xa1`\xa1\x88\x1b\x9b\xa0\xf75\xd4\xf8\xe7\xc1Q\
\xf8H\xd9I\x05\xf2]Er\x99\xea7\x06\xc0\xc9\xc7\
\xa1\xcf\x14\xae\x07+\x8a\x05\x14S\x00\xa2\x8a(\x00\xa2\
\x8a)\x80QE\x14\x00QE\x14\xc0(\xa2\x8a\x00(\
\xa2\x8a\x00(\xa2\x8a\x00(\xa2\x8a`\x14R\x8a1@\
\x09K\x8a1KL\x02\x8a(\xa0\x02\x8a(\xa2\xc0\x14\
\x86\x96\x90\xd4T\xf8J\x8e\xe5\xab#\xf28\xf7\xab\x15\
V\xcb\xef8\xf6\x15k\x8a\xe5g}/\x85\x05]\xb7\
\x93\xcc\x8f\x9f\xbc\xbc\x1a\xa5\x9a\x92\x09<\xb9\x01\xecx\
4\x8db\xec\xcb\xb4R\xd2Pl\x15\x1c\xf0$\xeb\x86\
\x03>\xb5%\x14\xc4\xd5\xf41\xa7\xb0x\xd8\xed\xfc\x8d\
U \xa9\xc3\x02\x0f\xbdtN\x8a\xe3\x0c2*\x9c\xf6\
\xa4\x0eT:~\xa2\x83\x9ax~\xb12(\xabmf\
\x8d\xca1_\xd6\xa2kYW\xa0\x0c=\xaa\xe36\xb6\
9\xa5I\xf6!\xa2\x95\x95\x97\xef)\x1fQIZ*\
\xcf\xaa1t\xc2\x8a(\xadcQKB\x5cZ\x0a(\
\xa5\xc5hH\x94R\xd1@\x82\x8aJ(\x01i(\xa2\
\x8b\x00QE\x14\x00Q\x81E\x14\xc6\x14QK@\x09\
E\x14P\x01E\x14P\x02\xd1IE\x00\x14R\xe2\x8c\
P!(\xa5\xc5\x18\xa0.%9\x11\xa4uDR\xcc\
\xc7\x00\x01\x92M\x15wD\xd5$\xd15{MN\x14\
I$\xb6\x90H\x11\xfa7\xb5\x0c\x06\xea\x9a.\xa3\xa2\
L\x90\xeaVS\xdaH\xeb\xb9VU\xc6\xe1\xea*\x9f\
\xe1]\x8f\xc4\x0f\x88-\xe3sh\x8b`,\xe1\xb6\xdc\
\xc0\x17\xde\xcc\xcd\xd7\x9ct\xae>\x84(\xdd\xadB\x8a\
(\xc51\x85\x14b\x97\x14\x80J)h\xa2\xe3\x13\x14\
b\x96\x8a.\x02b\x97\x14Q@\x05\x14b\x8cP\x01\
E.(\xc5\x00%\x14\xb8\xa2\x80\x12\x8aZ(\x011\
O\x8d2rzSj`01R\xd92v\x0cU\
\xa8!\xd8\xbb\x8f\xde?\xa5E\x02o\x93\x9e\x83\x93V\
\xfa\xd7\xa3\x97\xd0_\xc5\x97\xc8\xc2O\xa0\x98\xa2\x9d\xb4\
\xfaR\xec5\xdf,M(\xef$H\xda)\xde_\xbd\
\x1e_\xbde\xf5\xfa\x1d\xff\x00\x06;\x0d\xad\x9f\x0c\xcd\
\xb6\xeaX\x8f\xf1\xaeG\xd4VG\x97\xefW4\x97\xfb\
>\xa1\x0b\xe7\x82v\x9f\xc6\xb83:\xf4k\xe1*S\
OV\xbb=\xd6\xa7\xb1\xc3\xf8\x9f\xabf4*\xbd\x94\
\x92~\x8fG\xf9\x9a\x1e&\xb5\xe6;\x95\x1f\xec\xb7\xf4\
\xac\x1a\xedu\x0bawg,X\xe4\x8e>\xb5\xc5\x95\
*pA\x18\xae^\x1a\xc6\xaa\x98oc'\xact\xf9\
t=\xde;\xcb\xbe\xaf\x8f\xf6\xf1^\xedE\x7f\x9a\xd1\
\xfe\x8f\xe6%:9\x1e#\x94b)(\xe2\xbe\x95;\
l|Ar+\xd5n$\x1bO\xafj\xb1Yu,\
\x17\x0d\x09\xc7\xdeOJ\xe9\xa7\x88\xe9#9S\xec_\
\xa2\x84e\x91C)\xc84\xec\x1a\xeaN\xe6ch\xa7\
`\xd1\x8a.\x05{\xabD\xbbL\x1f\x95\xc7\xddoJ\
\xc4\x92'\x8aF\x8d\xd7\x0c:\x8a\xe8\xf1U\xaf\xac\xbe\
\xd5\x1eT~\xf5~\xe9\xf5\xf6\xaf+1\xc0*\xcb\xda\
S^\xf2\xfc\x7f\xe0\x9aS\xa9m\x1e\xc6\x0b.\xe1Q\
\x10A\xc1\xab\x18?CMt\xdd\xf5\xaf\x98L\xeb\x8c\
\xacAK\x82jQ\x17\xad8(\x1d*\x9c\x8arD\
%\x18v4\x98\xab\x18\xa6:w\x14\x94\x81J\xe4X\
\xa4\xa7\xe2\x8cU\x5c\xb1\x94S\xf1F(\xb8\x0c\xa2\x9f\
\x8a1E\xc0e\x14\xfcQ\x8a.\x03(\xa7\xe2\x8cP\
!\x94S\xb1F(\x18\xda)\xd8\xa3\x14\x00\xda)\xd8\
\xa4\xc50\x12\x8a\x5cQ\x8a\x00J)qF(\x01(\
\xa5\xc5\x14\x00\x98\xa3\x14Q@\x06(\xc5\x14P\x02b\
\x8cR\xd1@\x09E-\x14\x00\x94R\xd1\x8a\x00\x15K\
\xb2\xa2\x8c\xb3\x10\x07\xd6\xbd']\xf8\x1f\xaah\xbe\x1b\
}c\xfbB\x09\xa4\x861,\xd0m\xc6\x07|7C\
\x8c\xd7\x9bc5\xb1}\xe3\x0f\x10\xeazji\x97\x9a\
\xb5\xcc\xd6h\x02\x88X\xf0@\xe9\x9e\xe7\xf1\xa8\x92\x95\
\xd5\x80\xc6\xea(\xa3\x14U\x80b\x93\x14\xb4P\x02b\
\x8aZ(\xb8\x09E-\x14\x08J)qI\x8a`\x14\
Q\x8a(\x011F)h\xa0\x04\xa4\xa7Q@\x5cm\
\x14\xecT\x89\x1e9=hJ\xe5E\x5cjG\xdd\xbf\
*\x92\x9c\xa8\xce\xc1\x15K1\xe0\x01\xd4\xd6\xd5\x8e\x84\
\xa9\x89.\xfef\xff\x00\x9ec\xa0\xfa\xfa\xd7U\x1a\x12\
\x9b\xb4N\xba4\x1c\xb4\x89\x95mc=\xe1\xc41\x92\
;\xb1\xe0\x0a\xd6\xb6\xd0!L5\xc3\x99O\xf7G\x02\
\xb5@\x01B\xa8\x00\x0e\x80p\x05\x18\xafR\x96\x0e\x10\
\xd6Z\xb3\xd1\xa7\x85\x84w\xd4dq$+\xb6(\xd5\
\x07\xa2\x8a\x5cS\xb1F+\xadv:F\xe3\xde\x8a\x5c\
Q\x8a`7\x9aZ(\xa0\x03q\xf7\xa8\xa6\xb4\xb7\xb8\
\x1f\xbd\x85\x1b\xdf\x185-\x18\xa4\xe2\x9a\xb3\x13I\xe8\
\xcc\xab\x8f\x0f\xc4\xc0\x9byLg\xfb\xad\xc8\xfc\xeb&\
\xea\xca\xe2\xcc\xe2h\xca\x8e\xcc9\x07\xf1\xae\xae\x82\x01\
R\xa4\x02\xa7\xa8=\xeb\x92\xae\x0a\x12\xf8tg5L\
$%\xf0\xe8q\xc0\x91\xc8\xad\x0d5\xe0\xba\xb8X/\
.\xc5\xa2\xb7\x02fB\xca\x0f\xb8\x1c\xe3\xde\xad\xdfh\
J\xf9\x92\xd3\xe5o\xf9\xe6z\x1f\xa1\xacVVF*\
\xcaU\x87\x04\x1e\xa2\xbc\xba\xf8yA\xdah\xf3k\xe1\
\xda\xd2G]\xa8x\x1f^\xd3\xe1\x17\x02\xd0^[0\
\xdc\xb3\xda8\x91Xz\xf1\xcd`\x91\xc9B9\x1dT\
\x8eG\xe1[>\x0a\xf1\xe5\xdf\x85f\x16\xf3o\xb8\xd3\
\x5c\xfc\xd0\xe7\x98\xcf\xf7\x90\xf6>\xdd\xeb\xd4\xef\xb4M\
\x03\xc6\x161\xdd\xbcQ\xce\x93.b\xba\x87\xe5q\xf8\
\x8e\xe3\xd0\xd7\x1c\xa1c\xca\xa9\xcdM\xda[\x1e\x17-\
\x92?)\xf2\x9f\xd2\xa9I\x13\xc4\xd8q\x8a\xef<O\
\xe0-C\xc3\xca\xd7P\xb1\xbd\xb0\x1dfE\xc3G\xfe\
\xf2\xff\x00Q\x5c\xbb\x22\xca\xb8 \x10jn\x5c*\x19\
\x14T\xd7\x16\xed\x03z\xa9\xe8j\x1a\xa3t\xee\x14Q\
E\x16\x18QE\x14\x00Q\xd0\x828\x22\x8a)\x00t\
\xa2\x8a(\x01sE%\x14X\x07QI\x9a3H\x05\
\xa2\x8a\xdb\xd34A\x815\xd0\xcey\x11\xff\x00\x8dL\
\xa4\xa2\xae\xcd)\xd3\x94\xdd\x91\x99k\xa7\xdc^s\x1c\
\x7f/\xf7\x8f\x02\xb5\xad\xfc?\x12\xf3<\x85\xcf\xa0\xe0\
V\xb8\x01@\x00\x00\x07@)\xf1E%\xc4\xab\x0c1\
<\xb2\xb7DE\xc95\xcf*\xad\xecw\xc3\x0d\x08\xef\
\xa9V\x1bH-\xc7\xee\xa2U\xf7\xefSWW\xa6\xfc\
7\xd5\xaf\x00{\xd7\x8bOC\xd9\xbew\xfc\x87J\xe8\
\xed>\x1a\xe8\xb0\x01\xf6\x99.o\x1b\xd5\x9b`\xfc\x85\
E\x9b5\xbcV\x88\xf3\x0c\x8fQM\xdc\xbf\xde\x15\xec\
\xb0\xf8OB\xb6\x1f\xbb\xd2m\xfe\xac\x0b\x1f\xd6\xac\x0d\
\x1bLQ\x81\xa6\xda\x0f\xfbf(\xe5\x17:<O \
\xf7\x14W\xb1\xdc\xf8_D\xbb\xc9\x93M\x801\xee\x83\
me\xdc\xfc=\xd2e\xcf\x94\xa5=\xb2E\x1c\xa5)\
#\xcc1K\x1b\xbc.\xb2F\xcc\x8e\xbc\x86^\xa2\xbb\
\x9b\x9f\x86\xddL\x138\xf4\xc1\x07\xf9\xd6M\xdf\x80\xf5\
;|\x94eq\xe8\xcaE\x1c\xac{\xecS\xb5\xf1U\
\xdc8[\x98\xd2\xe1}~\xebV\xbd\xb7\x88t\xeb\xac\
\x06\x94\xc0\xe7\xf8d\x1f\xd6\xb9\xeb\x8d\x13R\xb5\xcf\x99\
h\xe4\x0e\xe9\xf3\x0a\xa0F\x0e\xd6\x05O\xa1\x18\xa3\x99\
\xa2\xae\xd1\xe8 \x07]\xc8\xc1\xd7\xd5NE\x18\xc5p\
PO5\xabn\xb7\x99\xe2?\xec\x9cV\xb5\xaf\x8a\xae\
\xa2\xc0\xba\x89.\x17\xd4|\xadT\xa6>do\xdd\xd8\
Z\xdf\xae\xdb\x98U\xcf\xf7\xba0\xfck\x06\xf7\xc2\xb2\
\xa6Z\xceO4\x7f\xcf7\xe1\xbf>\xf5\xb1g\xad\xd8\
^\x90\xa97\x97!\xfe\x098?\x9fJ\xbeW\x1di\
\xd91\xd93\xcf%\x86H$1\xcd\x1bF\xe3\xf8X\
b\x98\xca\x18\x10@ \xf65\xe876\xb0\xdd\xc7\xe5\
\xdcD\x92\xaf\xa3v\xfck\x02\xfb\xc2\x84e\xecd\xcf\
\xfd2\x90\xff\x00#P\xe2\xc8pg\x19u\xa2\xc3.\
Z#\xe57\xa7cY76S\xda\x9f\xde!\xc7\xf7\
\x87J\xeb'\x82[Y\x0cs\xc6\xd18\xec\xc2\xa3*\
\x18`\x80A\xecj\x95F\xb79\xa7\x87\x8c\xb6\xd0\xe3\
\xe8\xad\xfb\xad\x16\x19\xb2\xd1\x1f)\xbfCY\x1763\
\xda\x1f\xde!\xdb\xfd\xe1\xc8\xadc$\xf68\xe7FP\
\xdc\xafE\x14U\x19\x05\x14Q@\x05\x14QJ\xc0\x18\
\xa2\x8a(\x00\xc5%-\x14\x00\x94QE\x00\x14QE\
\x00\x1dx\x19'\xda\xa7\xbd\xd3\xee\xf4\xe9\x16;\xcbi\
m\xdd\x94:\xac\x8b\x82A\xefO\xd2\xf5\x07\xd2\xb5\x1b\
{\xe8\xe3I\x1a\x07\x0e\x11\xc6CU\xdf\x14\xf8\x92\xe3\
\xc5:\xab_\xdcF\x22\x01BG\x1a\x9c\x84Q\xdb?\
ZZ\xdc\x0czLR\xe2\x8a`!\xa4\xa7Q@\x0d\
\xa2\x97\x14b\x90\x09E\x14P\x01E\x14R\x00\xa2\x8a\
(\x00\xa2\x8a(\x00\xa2\x8a(\x10Q\x8a(\xa4;\x89\
E-&)\x8a\xc1E\x14P\x01E\x14R\x18\x98\xa2\
\x96\x8a\x00J)qI@\x05\x14Q@\x05\x14Q@\
\x05!\xa5\xa440\x16\x8a(\xa0\x02\x8a(\xc51\x05\
\x14b\x96\x8b\x8cLR\xd1E\x00\x14QE\x02\x0a(\
\xa5\xc5\x00&)qE\x14\x86\x14QE1\x05\x14Q\
HaE\x14S\x00\xa2\x8a(\x00\xa2\x8a(\x00\xa2\x8a\
\x5cS\x00\xc5\x14\xb4S\x00\xa0\x0a)h\x011J(\
\xa2\x80\x0a(\xa2\x80\x0a(\xa5\xc5\x00%.(\xa2\x80\
\x0c\xd1E\x14\x00R\xb33`\xb33``d\xe7\x14\
\x94Q`\x0a(\xa2\x98\x05\x14Q@\x05\x14QL\x02\
\x8a(\xa0\x02\x8a(\xa0\x02\x8a)q@\x09E.(\
\xa0\x02\x8cQE0\x0cR\xd1E0\x0a(\xa2\x80\x0a\
(\xa2\x98\x05\x14\x99\xa352\x9a\x8e\xe3I\xbd\x85\xa4\
\xa2\x92\xa1\xd6C\xe4b\xd0i(\xac\xe5S\x99X\xa8\
\xc2\xce\xe5\xab!\xf7\xcf\xd0U\xacT\x16c\x11\x13\xea\
jz\xc8\xee\xa6\xbd\xd4\x18\xa0\xf4\xa2\x83H\xb2\xfa\x9c\
\xa8>\xd4\xb4\x01\x80\x07\xb5.)\x9b\x89E-\x18\xa0\
\x04\xa5\xa4\xa2\x80#\x92\xdd$\xe7\xee\x9fQU\xde\xde\
D\xed\xb8z\x8a\xb9J)\x12\xe2\x99\x9a}\x0d!\x8d\
[\xaa)\xfc+H\xa2\xb7\xdePi\x86\xda#\xfc8\
\xfa\x1a\x09p2\xae-\xd0FY\x14\x0298\xaa\x98\
\xad\xff\x00\xb2Dx \xe0\xfb\xd6\x1c\xb1\x18ex\xcf\
U8\xaa\x8b\xb39+\xd3\xb6\xa3))M%w\xad\
U\xce\x0b\x05\x14QL\x02\x8a(\xa2\xc3\x0a)h\xa0\
\x04\xa5\xa4\xa2\x98\x0bIE\x14\x00QK\x8a1@\x84\
\xa2\x97\x14\xb4\x05\xc4\xc5\x18\xa5\xa2\x80\x13\x14R\xd1@\
\x82\x8a1K\x8a\x06%\x14\xb4P\x02b\x8cR\xd1H\
\x03\x14QE\x03\x0a)qF(\x01(\xa5\xa2\x8b\x01\
\xd9]\xfc7\x96\xd7\xc0\xb1x\xa8jP\xb8p\x1c\xc0\
\x17\x80\xa5\xb1\x80\xd9\xe4\xfbb\xb8\xdcT\x8dq3B\
\xb0\xb4\xd2\x18\x97\x95\x8c\xb1\xda?\x0a\x8e\x92]\xc9I\
\xad\xc3\x14b\x8a\x5cS(J)qF(\x01(\xa7\
m\xa3m\x17\x01\xb4S\xb1K\x8fj.\x03)qN\
\xc5\x18\xa5p\x1b\x83F\x0d?\x15b\x0b&\x93\x05\xb2\
\xab\xfc\xe8lM\xd8\xad\x1a\xe5\xbdj\xdaZH\xfdF\
\xd1\xeaj\xdcP\xa4#\x0a\xa3\xeb\xde\x9eH\x03$\x80\
=Mf\xe5s)J\xe4Q@\xb1\x0c\x0es\xd4\x9a\
\x93\x15\xab\xa4xcX\xd7\x08662<\x7f\xf3\xd5\
\xfeD\x1f\x89\xae\xbfN\xf8P\x80\x06\xd4\xf52\xc7\xbc\
V\xeb\x81\xff\x00}\x1am\xcaJ\xcd\xe8d\xe6\x96\xe7\
\x9d\x9e\x06I\xc0\xa5\x8d\x1ec\x88\x91\xe4?\xec)o\
\xe5^\xcdc\xe0\x8f\x0e\xe9\xe44ZjH\xe3\xf8\xe6\
b\xe7\xf5\xad\xa8\x96+q\xb6\x18\xe3\x88zF\xa0R\
\xe5!\xd6]\x11\xe1\xf0xo[\xb9\x19\x87I\xbcp\
{\xec\xc7\xf3\xabK\xe0\x8f\x120\xc8\xd2'\x1fVQ\
\xfdk\xda\xb7;\x7f|\xfe\x06\x9aX\xe7\x04\x90}\xe9\
\xf2\xa2}\xb3\xecx\xc1\xf07\x89G]\x22c\xf4e\
\xff\x00\x1a\xad?\x875\xbb#\xbem*\xf20\xa7;\
\xb6g\xf9W\xb8d\xfa\x9aP\xec:1\xfc\xe8\xe5@\
\xabIjy\x84.d\x89\x1c\x82\x0b\x00H#\x04W\
1\xac[}\x9e\xf9\xc0\x18W\xf9\x85z\x07\x89\xe1\xf2\
\xb5i\x1b\xb4\x80=b\xbf\x87\x7f\xe1!\x95`\x8e\xe9\
-\xa7\x00\xf9e\xd7*\xe7\xd0\xfaW\xcc`\xe5\xf5|\
[\xa6\xf6w_\xe4~\xcd\xc44\xff\x00\xb52(b\
\xe3\xf1$\xa7\xf8{\xdf\xd7\x91\xc5\x95\x06\x9aW\x15\xa3\
\xabh\xda\x86\x85q\xf6}F\xd9\xa0c\xf7[\xaa?\
\xd0\xd5:\xfa\xea\x18\xca\x94\xb4\xddv? \xb2d4\
S\xd9;\x8an+\xdb\xa3Z5c\xcd\x114>\x09\
\x8c\x0f\x91\xca\x9e\xa3\xd6\xb4\x95\x83(e9\x07\xa1\xac\
\xacU\x9b)v\xb7\x94\xc7\x83\xd3\xd8\xd7u\x0a\xb6|\
\xafc)\xc2\xfa\x97sI\x9a\x5cRb\xba\xcc\xac\x14\
R\xe2\x8cS\x0b\x19Z\xad\xae\xd6\x17\x0a8n\x1b\xd8\
\xfa\xd6~+\xa3\x925\x95\x1a6\x1f+\x0c\x1a\xc0\x96\
&\x82F\x89\xfa\xa9\xc7\xd6\xbec6\xc2\xfb:\x9e\xd6\
;K\xf3\xff\x00\x83\xfegM)]Xb\xa1v\xda\
:\xd5\xab{x\x96E\xf3\xbeu\xee;Udm\x8c\
\x18v\xab\xa3\x0c2:\x1a\xcf/\xa7JwrWh\
\xb9\x12\xdc\xe9HT\xb5\xbeC\x0f\xe1'\x83Ydv\
=zb\xb7l\xe5\xde\x9b\x0f\xde_\xd4T:\x85\x87\
\x9a\x0c\xd1\x0f\xde\x0f\xbc\xbf\xde\xae\xdcv_\x19\xc3\xdb\
P^\xab\xfc\x8c\xa1;>Y\x18\xac\x98\xe4t\xa6\xe2\
\xa6\xa62\xe3\xe9^\x0ag\x5c_F3\x14\x94\xecQ\
\x8ae\x8d\xa2\x9d\x8a1E\xc0m\x14\xecQ\x8a.\x03\
h\xa7b\x8cQp\xb0\xda)\xd8\xa3\x14\x5c,6\x8a\
v(\xc5;\x85\x86\xd1\x8au&(\xb8\xac&(\xc5\
.(\xc5\x17\x0b\x09\x8a1K\x8a1E\xc2\xc3qF\
)\xd4\x94\x5c,&(\xc5-\x14\x5c\x06\xe2\x8c\x0au\
\x14\xc0n\xda6\xd3\xb1F(\xb8\x0c\xdah\xc1\xa7\xe2\
\x8cQp\x19\x83IO\xc5\x18\xa2\xe02\x8a~)1\
N\xe06\x8av(\xc5\x17\x01\xb4b\x97\x14b\x80\x13\
\x14b\x97\x14b\x80\x1b\x8a)\xd8\xa4\xa0\x04\xa2\x96\x8c\
S\x01(\xa5\xc5\x18\xa0\x04\xa3\x14Q@\x09\x8a1K\
O\x8drrhJ\xe0\x95\xdd\x85D\xc7'\xadH\xaa\
Y\x82\xa8\xc9=\x05\x15~\xd2\xdf\xca]\xec>s\xfa\
\x0a\xe9\xa5K\x9d\xd9\x1dT\xe1}\x10\xfbH\xcd\xa7\xcc\
\x8d\x89\x08\xe5\xaa\x7f\xb5\x5c\x7f\xcfV\xa6b\x8cW\xa9\
\x15\xca\xad\x13\xb27J\xc8\x90]\xdc\x0f\xf9jiE\
\xf5\xc0\xfe0~\xa2\xa1\xa2\xaa\xef\xb8\xf9\xe5\xdc\xb25\
\x19\x87P\x87\xf0\xa7\xae\xa7\xfd\xe8\xbf#T\xf1I\x8a\
|\xf2)U\x9a\xeai.\xa1\x0bu\xdc\xbfQS\xa4\
\xd1\xc9\xf7]O\xe3X\xd4b\xadU}KU\xdfS\
r\x93\x02\xb2#\xb8\x9a/\xbb!\xc7\xa1\xe6\xac\xc7\xa9\
\x1e\x92\xa6}\xd6\xadTOsH\xd6\x8b\xdc\xbd\xb4Q\
\xb6\x99\x15\xc4S}\xc7\x04\xfat5%h\x99\xb2w\
\xd8n(\xa7Q\x8a\x00mS\xd44\xe8\xef\xd3<,\
\xc0|\xaf\xeb\xecj\xee(\xc5)\xc1Mr\xcbaJ\
*J\xcc\xe3\xa4\x8d\xe1\x91\xa3\x91J\xba\x9c\x11]G\
\x80\xfcg'\x86/\xfc\x8b\x96f\xd3.\x18\x09S\xaf\
\x96{8\xfe\xbe\xb5\x0e\xad\xa7\x0b\xd8\xbc\xc8\xc7\xef\xd0\
q\xfe\xd0\xf4\xaeo\xf0\xaf\x0f\x11\x87t\xe5\xca\xf6\xe8\
x\xd8\x9c5\xbd\xc9l}5o\xb2Y!*\xea\xf1\
HT\x86\x1c\xab)\xfe\x84W\x1f\xf1?\xe1G\xd8\x92\
]w\xc3\xd0~\xe0|\xf76h>\xe7\xab\xa0\xf4\xf5\
\x15\x99\xf0\x9f\xc4\xcfwj\xfa\x15\xc3\xe6ka\xe6Z\
\xb1<\x94\xeaW\xf0\xeb^\xe7av/-#\x99{\
\x8c\x11\xe8{\x8a\xf2\xeb^-3\xc9\xa5\x0eYJ\x12\
>E!dL\x1eT\x8a\xcd\x9e\x13\x0b\xed=;\x1a\
\xf5_\x8b\x9e\x03_\x0c\xea\x03W\xd3\xa3\xdb\xa6^?\
\xce\x8a8\xb7\x93\xd3\xe8k\xcen!\x13FG\xf1\x0e\
E8\xca\xfa\x9a/u\xd9\x99\x98\xa3\x14\xb8\xc5\x15\xa1\
\xb0\xda)\xd4\x98\xa0\x04\xa2\x97\x14\x94\xc0(\xa2\x8aV\
\x00\xa2\x8a(\x00\xa2\x8a\x9e\xca\xd8\xdd\xdd$#\xa1<\
\x9fAI\xbbj4\x9bvF\x9e\x87\xa6\xee\xc5\xd4\xa3\
\x81\xf7\x01\xfeu\xbb\xf5\xa4D\x11\xa0E\x18P0\x05\
u>\x09\xf0\x98\xd7&7\xd7\xa8\x7f\xb3\xe1lm\xff\
\x00\x9e\xef\xe9\xf4\x1d\xeb\x8aRrw=jpT\xe3\
b\x1f\x0cx2\xef\xc4\x00\x5c\xca\xcdia\x9f\xf5\xa4\
e\xa4\xf6Q\xfdk\xd2\xb4\xad\x1fO\xd1 \xf2t\xfb\
e\x84\x1f\xbc\xfd]\xfe\xad\xd6\xaep\x00\x01B\xa8\x18\
\x0a\x06\x00\x1e\x82\x8cSJ\xc4\xb96\x14b\x8ei@\
'\xb5\x04\x89E5\xa5\x8e?\xbf\x22/\xd4\xd4f\xfa\
\xd0u\xb8\x8b\xf3\xa64\x9fB]\xa2\x93g\xbd1n\
\xed\x9b\xee\xdcF\x7f\x1a\x94|\xc3*C\x0fc\x9a\x05\
f\x86`\xfaRt\xefRRb\x8b\x01^[hg\
\x1f\xbd\x89[\xdf\x1c\xd6M\xff\x00\x85\xed/\x14\xe1Q\
\xb3\xfc2.\x7f^\xb5\xbb\xb4R\x15\xa0\xa5&\xb6<\
\xe7R\xf0L\x11\x13\x81-\xab\x1e\x84\x1d\xc8k\x0a\xef\
\xc3Z\x8d\xaeY\x11n\x10\x7f\x14g\x9f\xca\xbd\x85\x90\
2\x95e\x0c\xa7\xa8#\x22\xb2\xaf4@r\xf6\x87i\
\xff\x00\x9ed\xf0~\x86\x95\x935SOs\xc7\x9dp\
\xc5\x19Ha\xd5X`\xd5\xbb=^\xf6\xc3\x02\x19\x89\
O\xee?\x22\xbb\x8b\xdd:\xde\xef1^[+\xb0\xe0\
\xee\x18a\xf8\xd7?}\xe1\x022\xf63g\xfe\x99I\
\xfd\x0d.V\xb6/\x95\xad\x89l\xbcOk>\x16\xe5\
\x0d\xb3\xfa\xfd\xe5?\xe1[\x0a\xcb\x22\x07F\x0e\x87\xa3\
)\xc85\xc1\xdcZ\xcfi'\x95q\x13D\xfe\x8d\xdf\
\xe9O\xb3\xbd\xb9\xd3\xe4\xdfm)\x8c\xf7^\xaa~\xa2\
\x85.\xe2R\xeev\xd7\x16\xf0\xddFb\x9e%\x95=\
\x18V\x05\xff\x00\x85\x08\xcb\xd8I\x9f\xfae!\xfeF\
\xaf\xe9~!\xb7\xbf\x22)\xc2\xdb\xcez\x02~W\xfa\
\x1e\xd5\xacP\x83\x83\xc5U\x93*\xc9\x9ey4\x12\xdb\
Hb\x9e6\x8d\xc7\xf0\xb0\xa8\xc8\x0c\x08 \x10{\x1a\
\xf4\x1b\x9bXn\xe3\xf2\xee\x22YS\xd0\xf6\xae~\xff\
\x00\xc2\xae\xb9{\x197\x8f\xf9\xe4\xfd\x7f\x03R\xe2C\
\x81\xc6\xddh\xb0\xcd\x96\x84\xf9M\xe9\xd8\xd6E\xcd\x8d\
\xc5\xa9\xfd\xe4g\x1f\xde\x1c\x8a\xea\xe5\x8aH$1\xca\
\x8d\x1b\x8f\xe1a\x83L#<\x1aq\xa8\xd1\xcd<<\
e\xb6\x87\x1fEtWZE\xbc\xf9*<\xb7\xf5^\
\x9f\x95b\xdd\xd9Kf\xf8\x90pz0\xe8kX\xcd\
3\x8e\xa5\x19CVW\xa2\x8a*\x8c\x82\x8a(\xa0\x02\
\x8a(\xa0\x02\x8a(\xa4\x01\x8aJZ(\x01(\xa3\x14\
P\x01E\x14P\x02b\x8aZ1@\x09E\x14P\x02\
Q\x8aZ(\x01\xb4S\xa91J\xc0%\x14\xb8\xa4\xa4\
\x01E\x14P\x01E\x14P\x01E\x14P \xa2\x8a(\
\x00\xc5%-\x14\x00\x94Q\x8a(\x00\xa2\x8a(\xb0\x05\
\x14QHbb\x8aZLP\x01E\x14P\x01Hi\
i\x0d\x0c\x05\xa3\x14\x01K@\x06(\xa2\x8a\x00(\xa2\
\x8ab\x0a(\xa2\x80\x0a1K\x8a(\x00\xa2\x8a(\x00\
\xa2\x8a(\x00\xa2\x8a(\x18QE\x14\x00QE\x14\x00\
QK\x8aZv\x01\x05-\x14S\x00\xa2\x8a(\x00\xa5\
\x14b\x8a\x00(\xa2\x8a\x00(\xa2\x8cP\x01K\x8a:\
P(\x00\xa3\x14QE\x80(\xa2\x8a`\x14QE\x00\
\x14QE\x00\x14QE0\x0a(\xa2\x80\x0a\xdd\xf0e\
\xde\x81c\xad,\xde#\xb4{\xab\x10\x8c6('\xe6\
\xc7\x04\x81\xd6\xb0\xa9qCW\x03S\xc4\xd7zM\xf6\
\xb14\xfa%\x8b\xd8\xd8\x9c\x04\x89\x9b'8\xe4\xfb}\
+*\x97\x14\xb4%a\x5cLQ\x8aZ(\x00\xa4\xa2\
\x8cS\x00\xa5\xa2\x8ac\x0a(\xa2\x8b\x00QE\x14\xc4\
\x14QI@\x0bE\x14\x94\x00\x1aJ\x5c\xd1\x8a\xc2\xb2\
\xd6\xe6\x90e\xaf\xb0\x8f\xf9\xe8\x7f*p\xb2\x8cuf\
4\xfbw\xdf\x0a\x9e\xe3\x83RV\x07ta\x16\xafb\
!k\x08\xfe\x0c\xfdMQln$t\xcdi9\xda\
\x8c}\x05f\x81\x9c\x0fZ\x11\x9dd\x95\x924 ]\
\xb0\xa0\xf6\xa7\xd1\x8cqE#\xa1++\x05\x1d(\xa4\
&\x804\xb3Fi\x01\xca\x83\xea)q\x9af\xe0M\
%.)qH\x04\xc5\x18\xa7b\x8e\x94\x00\x98\xa3\x15\
\x97.\xb1!r\x22E\x0a:\x16\xe4\x9ah\xd6.\x07\
T\x8c\xd31\xfa\xc4\x0dlQ\xc5e\x8dfN\xf0/\
\xe0i\x7f\xb6[\xfex\x0f\xfb\xea\x80\xf6\xf0\xeei\xe6\
\xb2\xf5\x88p\xe98\xfe/\x95\xbe\xb4\xa7Yn\xd0/\
\xfd\xf5P\xdcjOs\x11\x89\xa2@\xa7\xb8\xea(\x22\
\xa5XJ6\xb9L\xd2S\x88\xa4\xae\xca.\xf1<\xd9\
\xadB\x8a)+bE\xa2\x92\x8a\x00(\xa5\xc5\x18\xa0\
BR\xe2\x96\x8a\x00LQKE\x00\x14Q\x8a1@\
X(\xc5-\x14\x05\x84\xc5.(\xa2\x80\x0a(\xa5\xc5\
\x03\x12\x8a\x5cQ\x8a\x00J\x5cR\xe2\x8cR\x011F\
)ih\xb8\x0d\xc5.)h\xc5\x17\x011F)q\
K\x8a.\x03qK\x8aZ1J\xe0&(\xc5;\x14\
b\x8b\x80\x98\xa3\x14\xb4R\x011F+\xaf\xf0W\xc3\
\xab\xaf\x1aY^\xdd\xc3\x7fol\xb6\xbf.\xd7\x19,\
q\x9e}\x07\xbdrl\xa5Y\x94\xe3*H8\xf6\xa5\
q'wa\xb8\xa3\x14\xb8\xa3\x14\xee;\x09E.)\
qE\xc2\xc3ipzR\xe2\xafZ[m\x02G\x1f\
1\xe8=)6&\xd2\x12\xda\xcc/\xcf \xc9\xec=\
*\xd5\x04\x802x\x15\xdd\xf8C\xe1\xd9\xbcX\xf5\x1d\
q\x19 ?4V\x9d\x1aA\xea\xfe\x83\xda\xa3Va\
)\xdbVsZ\x07\x85\xb5?\x12?\xfa\x1c!m\xc1\
\xc3\x5c\xc9\xc2/\xd3\xd4\xfd+\xd1\xb4?\x87\xda>\x8e\
VY\x90\xea\x17C\xfeZL0\xa0\xfb/J\xe9\x91\
\x12(\xd2(\xd1c\x8d\x06\x15\x10`(\xf6\x14\xea\xa4\
\x8eiTli\xc9\x00v\x1d\x00\xe0\x0aX\xe2y]\
cE,\xecp\x00\xefK\x8a\xd5\xf0\xda+^\xc8\xcd\
\x8d\xca\x9f/\xf5\xa2N\xca\xe4\xc2<\xd2H\xb3g\xe1\
\xb8\xd4\x06\xbao1\xbf\xba\x0e\x00\xff\x00\x1a\xd4\x8a\xca\
\x08F#\x865\xfa\x0a\x9f\x06\x8c\x1a\xe3sos\xd2\
\x8d8\xc7d3\xcb\x1e\x8b\xf9TsY\xc3p\xa5e\
\x8dX\x1fj\x9f\x07\xd6\x994\xa9\x04fI\x5c\x22/\
Ri\x22\xdd\xad\xa9\xc8j6b\xca\xf1\xe1RJ\x8c\
\x15\xcf\xa1\xaa\xfbEX\xbe\xba\xfbm\xd4\x93\xf4S\xc2\
\x83\xd8\x0a\xc0\xd4\xfcKkc\x98\xe2\xfd\xfc\xc3\xb0<\
\x0f\xa9\xae\x8a\x95\xa1J\x1c\xd5\x1d\x8el\x1e_\x88\xc7\
V\xf6XX9?.\x9e\xafe\xf33<d\xaa&\
\xb6#\xef\x159\xaez7x\xa4Y\x10\x95e9\x07\
\xd2\xac_\xea3\xeaS\xf9\xd3\x90N0\x00\x18\x00U\
l\xd7\xc8b\xeb*\xb5\xa5R\x1b\x1f\xbe\xe4Y|\xf0\
Y}<%{6\x93\xbfm[v\xfclu\x0b\xaf\
iz\xae\x9e\xd6\x9a\xc5\xb8ta\x86F\x19\x0d\xee=\
\x0dpW\xde\x19\xb6[\xd9>\xc3t\xe6\xd0\xf2\x82E\
\xf9\xd7\xd8\xfa\xd6\xa8\xe7\x8cT\xd1\xdb\x92Aq\xf2\xe7\
\x91\x9eH\xae\xfa8\xcceu\xc9M]\xf7\xb7\xe7\xd0\
\xf9\x9cw\x0e\xe4\x19t\x9e#\x14\xdaOh\xf3~I\
j\xcc!\xe1\xfbd\x5c\xbc\xcf\x81\xd4\x9e+*\xfe\x0b\
(\x8f\xfa4\xaf#g\x9e8\xfc\xeb{\xc6\x9aD\xb6\
O\x15\xfd\xac\xd2M\xa5\x5c\xf1\x19=aq\xd5\x1b\xfa\
\x1a\xe6q^\xd6\x028\x8c<\xd5J\x93o\xcb\xa1\xf1\
9\xaei\x97\xd6\x8f\xb2\xc0a\x94W\xf3;\xf3~z\
|\xeeC\x8a1\x8eGQN#\x07\x14\x95\xf6\x11\x9a\
\x92R[3\xe6\xcd8\x5cK\x1a\xbf\xafZ~*\xad\
\x83\xf0\xe9\xe9\xc8\xab5\xeaS\x974S9\xe5\x1b;\
\x0b\x8a1IEY6\x17\x15CV\xb6\xf3#\x13\xa8\
\xf9\x93\x86\xf7\x15z\x8e\xa0\x822\x0f\x04V\x18\x8a\x11\
\xadM\xd3\x97R\xa2\xf9]\xces\x8a\x9e\xd9\xff\x00\x80\
\xfe\x14\x97v\xe6\xd6v\x8f\xf8z\xa9\xf5\x15\x10%H\
#\xa8\xaf\x8f\x84\xa5\x87\xab\xae\xebFu\xee\x8b\xc8\xe6\
7\x0e\xbdEj#\xac\x88\x1dz\x1a\xc9F\xde\xa1\x87\
z\xb3i7\x96\xfb\x18\xfc\xad\xfa\x1a\xfa\x8c=T\xbd\
\x19\x8c\xe3r=J\xc7\xad\xc4C\xfd\xf5\x1f\xce\xb30\
\x08\xf6\xae\x97\xa5dj6_go61\xfb\xa6<\
\x8f\xee\x9a\xf33L\x07-\xeb\xd3Zu_\xaf\xf9\x8e\
\x94\xfa2-'E\xbf\xd75\x08\xf4\xfd6\xd9\xeen\
d\xce\xd4_A\xd4\x93\xd8R\xeb:&\xa1\xe1\xeb\xf7\
\xb0\xd5-^\xda\xe5\x00%\x1b\x9c\x83\xd0\x83\xdcU\xbf\
\x0d\xf8\x86\xfb\xc2\xda\xbc\x1a\xae\x9e\xe1f\x8b#\x07\xee\
\xba\x9e\x0a\x9fcSx\xcf\xc5\xd7\xde5\xd6N\xa7}\
\x1cp\x90\x828\xe2\x8f\x90\x8a;g\xbdxWw\xf2\
:\xe2\xee`QKF*\xae]\x84\xa3\x14\xb8\xa3\x14\
\xee\x16\x13\x14b\x97\x14b\x8b\x8a\xc2b\x8cR\xe2\x8c\
Qp\xb0\x98\xa4\xc5;\x14b\x8b\x80\xdcQ\x8av(\
\xc5\x007\x14b\x96\x8a.\x02b\x93\x14\xea(\x01\xb8\
\xa3\x14\xea)\x80\xdcQ\x8av(\xc5\x003\x14b\x9f\
\x8aLP\x03qF)\xd8\xa3\x14\x00\xdcRS\xf1I\
\x8a.\x03h\xa7b\x8cQp\x1bE.(\xc5;\x8a\
\xc2b\x8cR\xe2\x8a\x02\xc3qF)h\xa0\x04\xc5&\
)\xd4\xe1\x1b\xb2\x97\x11\xb9Q\xd5\x82\x9c\x0f\xc6\x8b\x81\
\x1e(\xc5;\x14\xa1\x09\xe9M\x02W\x19EI\xe5\x1e\
\xe6\x8f(z\xd5r\xb2\xb9\x19\x16(\xc5K\xe5\x0a<\
\xb1O\x95\x8f\xd9\xb2,Rb\xa6\xf2\xc5\x1eX\xf7\xa3\
\x95\x87\xb3dArqS\x05\xc0\x02\x85@\xa6\x9d\xf5\
\xe9W\x15b\xe1\x1bnX\xb4\xb7\xdc|\xd6\x1c\x0f\xba\
=j\xe75Yo\xd4\x00<\xac\x01\xe8jA}\x11\
\xeb\xb8~\x15\xe9R\x9d8\xc6\xc9\x9d\x90\x94R\xb5\xc9\
sFi\x82\xe6\x06\xfe0)\xe1\x91\xbe\xeb\x83\xf8\xd6\
\xeaq{2\xd3O`\xcd\x14\xbbM&)\x8c1F\
(\xe6\x8c\xd3\x01(\xa5\xa3\x14\x00\x98\xa3\x14\xb8\xa2\x90\
\x09\x8a\xb1\x0d\xf4\xb1p\xdf\xbc_C\xd6\xab\xd1M6\
\xb6\x1c[Z\xa3Z\x0b\x98\xe7\x1f!\xf9\xbf\xbaz\xd4\
\xb5\x888 \x82A\x1d\xc5h\xd9\xdey\xdf\xbb\x93\x1b\
\xfb\x1f\xefV\xd0\x9d\xf4gM:\xdc\xda2\xd5\x14Q\
Z\x9b\x85`k\xb6\x22\x19\x85\xc2\x0c$\xa7\xe6\x1e\x8d\
\xff\x00\xd7\xad\xfa\x8a\xee\xdc]\xdbI\x01\xfe!\xc1\xf4\
=\xab\x1cE/i\x07\x1e\xa65\xa9s\xc1\xa3\x9d\xd1\
\xf5I\xb4MR\xdbQ\x80\xfe\xf2\xdd\xc3c\xd4w\x1f\
\x88\xcd}+\xa1\xebi\x12Gu\x0f\xef-.PH\
\x00\xf4#\xa8\xaf\x97\xc8*Ha\x82\x0e\x08\xaf[\xf8\
]\xe2h\xe7\xd1\x86\x95t\xe1^\xd5\x8a\xc4\xe4\xf0T\
\xf2\x01\xfdk\xe7jF\xfb\x9f5\x8b\x8bV\xa9\x1d\xd1\
\xebz\xd3\xe8\xba\xfe\x8ds\xa7\xde\xca\xafop\x9b\x19\
pr\x0fc\xf5\x06\xbeb\xd4\xb4\xe9\xb4\x9dB\xe3O\
\xb8\xcf\x9bn\xe5\x09\xfe\xf0\xec\x7f\x11^\xfeW\xd4W\
\x9b\xfcX\xd2\x84w\x16Z\xbcc\xfdh0K\xeeG\
\xdd5\x82\xa6\xa2\xb49Uw7fy}\xec^\x5c\
\x9b\x87F\xaa\xf9\xad;\xc8\xfc\xc8\x0f\xa8\xe4V]Z\
\xd4\xeb\x83\xba\x174\xb4\xda(\xb1c\xa9(\xcd\x19\xa0\
\x03\x14R\xd1E\xc0m\x14\xb8\xa3\x14\x00\x95\xbb\xe1\xcb\
|,\x97\x04u\xf9W\xfa\xd6\x15u\xbaT^M\x84\
+\xdc\x8c\x9f\xc6\xb2\xae\xed\x13\xa7\x09\x1b\xce\xfd\x8d+\
\x0b\x19uK\xeb{\x18?\xd6\xce\xe1\x01\xf4\xf5?\x80\
\xafl\xb3\xb3\x83M\xb4\x86\xca\xd9v\xc3\x02\x84Q\xfd\
\x7f\x1a\xf3\xef\x866\x02mR\xea\xfd\x87\xfc{F\x11\
\x0f\xfbM\xd7\xf4\x15\xe8\xb2J\x90\xc6d\x95\xc2 \xee\
k\x9a't\xdd\xdd\x87p{T\x177\x96\xd6\x9f\xeb\
d\xc3\x7ftrk*\xf3Z\x92l\xa5\xb01'\xf7\
\x8f\xdeo\xf0\xac\xdcrORz\x93\xde\xae\xc5\xc6\x8b\
\x7f\x11\xa9>\xbb+q\x04J\x83\xfb\xcd\xc9\xaa\x13^\
]O\xfe\xb2g>\xc3\x81Q\x90Tnn\x14w<\
U\x1b\x9dwJ\xb3\xff\x00_\xa8[\xa1\x1d\x83d\xfe\
\x94\xeckhC}\x0bx\x1d\xf9\xfa\xd2\xed\x1e\x82\xb0\
\xa6\xf1\xd6\x81\x11\xc2\xdc\xc97\xfds\x8c\xd4+\xe3\xfd\
\x0d\x9b\x04]\xa0\xfe\xf1\x8e\x9d\x99\x0f\x13K\xf9\x91\xd1\
\xed\x1e\x82\x9c\x92<G1\xbb!\xf5SY\xf6:\xf6\
\x95\xa9\x10-o\xe1v\xfe\xe3\x1d\xa7\xf25\xa0U\x97\
\xa8\xc5#U%%x\xbb\x9a\x16\xda\xdc\xf1\x90&\x02\
e\xf5\xe8\xc2\xb6-\xae\xa1\xbb\x8f|M\xb8\x0e\xa3\xb8\
\xfa\xd7-O\x82i-\xa5\x12\xc4\xdb\x5c~\xbfZV\
\x22t\x93\xd8\xea\xb0)\x0a\xd4VwIy\x00\x958\
=\x19\x7f\xbaj~i\x1c\xad[q\x98\x22\x90\x80j\
J\x0a\x83@\xacR\xbd\xd3\xe2\xbdL?\xca\xe3\xee\xb8\
\xea?\xc6\xb9\xeb\x9bYme1J\xb8=\x88\xe8\xc3\
\xd4WXV\xa1\xba\xb4\x8e\xf2#\x14\x83\xddXuS\
A\xa5:\x9c\xba=\x8e>\xe2\xda+\xa8\xccW\x11,\
\xa8{5sz\x97\x85\x1e<\xcb\xa7\xb1\x91z\xf9,\
~a\xf4=\xeb\xb0\xb9\xb6\x92\xd6f\x86Q\xf3\x0e\x87\
\xb1\x1e\xb5\x11\x00\xd0\xd5\xce\x96\x93<\xcd\x94\x82Q\xd4\
\xab\x0e\x0a\x91\x82+oG\xf1\x1b\xda\xed\xb7\xbd&H\
:,\x9dZ?\xf1\x15\xd0\xea\x9a%\xb6\xaa\xb9\x93\xf7\
s\x0f\xbb*\x8eG\xd7\xd6\xb8\xddGM\xb9\xd2\xe6\xf2\
\xae\x13\x83\xf7\x5c}\xd7\xfaTY\xa2\x1aq;\x95*\
\xea\xae\x8c\x19Xd0\xe8E\x18\xae?F\xd6\xe4\xd2\
\x9f\xcb|\xc9j\xc7\xe6N\xeb\xee?\xc2\xbb\x18\xa4\x8e\
x\x96X\x98<n2\xac;\xd5\xa9\x5c\xa4\xeeCs\
i\x05\xeayw\x11,\xab\xef\xd4~5\x81{\xe1\x22\
2\xd63g\xfe\x99I\xfd\x0dt\xdbi\x08\xa6\xd2`\
\xd5\xcf<\xb8\xb5\x9e\xd2S\x15\xc4M\x13\x8e\xc7\xbdV\
\xb9\xb7K\x98Z'\x1c\x1f\xd0\xd7q\xe2Ke\xb8\xd2\
\xa4\x90\x81\xbe\x0c:\x1fNy\x15\xc6\xd6mY\x99J\
=\x0e>D1\xbb#uS\x83M\xab\x9a\xb2l\xbf\
\x94\x0e\x87\x07\xf4\xaau\xd2\x9d\xd5\xcf\x22J\xcd\xa0\xa2\
\x8a)\x92\x14QE \x0a(\xa2\x80\x0a(\xa2\x80\x0a\
(\xa2\x90\x09\x8a)h\xeb@\x09E\x14P\x01HE\
-\x14\x00\x98\xa2\x96\x93\x14\x01\xd9|:\xd04\x1dr\
K\xc1\xac\xcc7\xc6\x17\xca\x88\xc9\xb0\x10s\x96\xcf\xb7\
\x15\x85\xe2\x8b=.\xc3Y\x9e\xdfH\xb9k\x8bT\xc0\
\x0c{\x1e\xe0\x1e\xff\x00Z\xc9 \x1e\xb4\xb56\xd6\xe0\
\x14\x94\xb4S\x01))\xd4\x98\xa0\x04\xa2\x8a)\x00Q\
E\x14\x00QE\x14\x00QE\x14\x08(\xc5\x14P\x02\
QKI\x8a\x00(\xa2\x8a\x00(\xa2\x8aC\x0aJZ\
(\x01)\x0d.)\x0d\x0f`\x1dE\x14P\x01E\x14\
S\x10QE.(\x01)h\xa2\x80\x0a(\xa2\x80\x0a\
(\xa2\x81\x85\x14Q@\x05\x14Q@\x05.(\xa5\xa0\
\x04\xc5-\x14S\x00\xa2\x8a)\x80Q\x8a\x5cQ@\x05\
\x14Q@\x05\x14Q@\x05\x14\xa2\x8a\x00(\xa2\x8a\x00\
(\xa2\x8a`\x14QW\xb4\x8d\x0fR\xd7\xa7{}2\
\xd1\xee\xa5D.\xca\xa4d(\xfa\xd0\x05\x1a)\xce\x8d\
\x13\xb2:\xb2:\x9c2\xb0\xc1\x07\xde\x9b@\x1d\xb6\xb1\
\xf0\xa7W\xd2\xbc>\xba\xda\x5cAu\x10\x8de\x928\
\xb3\xb9\x14\x8e\xa3\xd4\x0a\xe2ku<o\xe2\x04\xd0[\
A\x1a\x83\x1d=\x97g\x96Td.s\x80\xddqX\
T\xa2\x9fP\x0a)qF*\x80J\x5cQK@\xae\
&(\xa5\xa2\x80\x0a(\xa2\x80\xb0QIF)\xd8a\
\x9a1KE;\x00QE\x14\xc0(\xa2\x8a\x04\x14Q\
I@\x0bE\x14\x94\xec\x02\xd2f\x8aJ\x00\x5c\xd2Q\
E\x00\x14\xa2\x92\x96\xa2\xa2\xbcJ\x83\xb3,Y\xbe\x1d\
\x93\xfb\xc3\x22\xad\xd6tM\xb6UoCZ5\xc6\xce\
\xfa.\xea\xc4w'\x10=R\x84n\x95\x07\xbd[\xbc\
8\x87\x1e\xa6\xab\xda\x8c\xce\xbe\xd94\xd6\xc4T\xd6i\
\x17\x89\xa3\x9a)jN\x811F\xdaZ(\x02\xed\xb9\
\x0d\x10\xf5\x1c\x1a\x96\xb3\x81*r\xa4\x83\xedR\xad\xd4\
\x8b\xd7\x0c=\xe84R\xee\x5c\xa2\xa0[\xb4?x\x15\
\xa9\x81\x0c2\x08#\xda\x82\x93\xb8\xb9\xa6\xc9\xcco\xfe\
\xe9\xa5\xc5Gr\xfe]\xb4\xad\xe8\xa6\x80{\x1c\xf0\xe8\
(\xa5\x1c-&k\xa6\x8c\x14\xafs\xc7\x9bk`\xcd\
.i3IZ\xfb\x18\xf6'\x9d\x8e\xc8\xa3p\xa6\xd1\
K\xd8D9\xd8\xe2x\xa6\xd2\xe2\x8a\xd2\x10QVD\
\xb9\x5c1F)h\xaa\x15\xc4\xc5-\x14b\x81\x05\x14\
\xb8\xa3\x14\x0cJ1KE\x00\x18\xa2\x8a1@\xc2\x8a\
\x5cQ\x8a\x00J1N\xc5\x18\xa0\x04\xc5\x18\xa7QJ\
\xe0&(\xc5.(\xc5\x17\x00\xa2\x97\x14b\x95\xc0J\
1K\x8a\x5cQp\x13\x14b\x96\x8a@&)qK\
F(\x0b\x09\x8a)qF(\xb8XJ)\xd8\xa3\x14\
\xae11F)\xd8\xa3\x14\x00\xdcR\xe2\x97\x14\xb8\xa0\
\x07\xc3sqn\xae\xb0\xcf,K \xc3\x84r\xa1\x87\
\xbe:\xd4X\xa7b\x8a@&(\xc5-.(\x01\xb8\
\xa5\xc5.(\xc5\x17\x02[X<\xd7\xc9\xfb\xab\xd6\xb4\
8\x03'\x80)\xb0D\x22\x88/~\xa6\xba\xaf\x01\xf8\
e|A\xa9\x99\xee\x936\x16d4\x83\xfez7\xf0\
\xaf\xf55\x1b\xb3\x9er\xea\xcd\xbf\x00x)J\xc5\xad\
\xea\x90\x83\x9f\x9a\xd6\xdd\xc7\xfe>\xc3\xf9\x0a\xf4\x12I\
$\x93\x92iO\xccr@\xfc)+D\xacq\xcaN\
N\xecL\xd1\x9ap\xa4\xa0\x91*H'\x92\xdae\x9a\
&\xda\xeb\xd0\xd3(\xc5\x03Z\x1d\x05\xbf\x89!`\x04\
\xf1\xb4m\xdc\x8eEX:\xed\x80\x19\xf3\x89\xf6\x0ak\
\x98\xc1\xa3\x1e\xd5\x93\xa3\x13u\x89\x9a7.<H\xb8\
\x22\xde\x12\xc7\xfb\xcep+\x1e\xee\xf2\xe2\xf0\x97\x99\xcb\
\x91\xc8A\xc0\xa8\xf0h\xc5T`\xa3\xb1\x12\xab)n\
s\x1a\x8ak\xfa\x93\x98\x96\x03\x04?\xdd\x0e9\xfa\x9a\
e\x9f\x83\x1d\xb0n\xae\x02\xff\x00\xb2\x83\xfa\xd7U\x8a\
\xca\xd7\xb5Ag\x11\xb6\x89\x87\xda$\x18$\x7f\xcb1\
\xfe5\xc7\xfd\x9bNs\xe7\xa8\xdc\x9f\x9b\xff\x00#\xe9\
c\xc5\xb8\xca4V\x1f\x07\x18\xd2\x8f\xf7V\xbf6\xdb\
\xfb\xf79k\xebKQu\x22Z\xee\xf2\x94\xedV'\
$\xe3\xa9\xac\xf6B\x8cT\xf5\x15\xa0\x17\x03\x15^\xed\
8\x0e;pk\x9b4\xcb\xe9\xaa^\xd2\x94l\xd7\xe4\
{\xdc#\xc4\xf8\xa9c\x16\x17\x17Q\xca3\xd9\xbe\x8f\
\xa6\xbd\x9e\xd6\xefa\x96\xaa\x0c\x9fAV\xb1Um\x8e\
%\xc7\xa8\xabx\xae\x8c\x95\xaf\xabi\xdd\x9ew\x1e\xc6\
K4\xbc\xb6qV\xfc\x7f[\x9a\x1aD6\xfa\x82\xdc\
\xe8\xf7\x8b\xbe\xd6\xf50G\xf7Xt#\xde\xbc\xd7T\
\xd3&\xd1\xf5+\x8d>\xe3\x99 m\xbb\xbf\xbc;\x1f\
\xc4W\xa3\xe8\xc0\xff\x00kZ\xe3\xfb\xff\x00\xd2\xb2\xbe\
+\xd8\xacw\xba}\xfa\x8c4\xc8\xd19\xf5+\xc8\xfd\
\x0dz\x15Q\xf1\xd4\x9d\x9d\x8e\x05\xc6@4\xdc\x0a\x94\
\x8c\x83Q\xd7\xad\x97N\xf4\xdc{3fKfv\xdc\
(\xf5\x04U\xfa\xa1l\x09\xb8J\xd1\xc5{\x98g\xee\
\x98T\xdcm\x18\xa5\xc5\x0d\x84\x19b\x00\xf7\xae\x8b\x90\
&(\xc5D\xf7q/L\xb1\xf6\xa8\x9a\xf9\xcf\xddE\
_\xaf5\x93\xad\x15\xd4\xa5\x06\xc3Q\xb67\x10nQ\
\x97\x8f\x91\xee;\x8a\xc5\xadcu1\xfe<}\x05g\
\xcd\x1e\xc7\xe3\xa1\xe4W\x81\x9bAI\xaa\xd0\xf4\x7f\xa7\
\xf9}\xc6\xf4\xee\x95\x98[>\x1ba\xe8z}j\xce\
*\x9f5r7\xde\x81\xbf:\x9c\xbe\xb74]7\xd0\
\xa9.\xa5\x85\xbcu@\xbbA#\xf8\x8dE$\xd2J\
\x0a\xbbeOQ\xda\x92\x8a\xf5%95f\xc8QH\
\xa3,F&\xc7c\xd0\xd3\x08\xcd_t\x12)SU\
\x19\x0a1S\xd4W\x81\x8b\xc3{)sGfk\x19\
\x10\xe0\xfaQ\x8fj\x90\xaei\xb8\xae;\x9b\xc5\xdcn\
=\xa91\xedO\xc5\x18\xa7q\x8c\xc5\x18\xa7\xe2\x8aW\
\x01\x98\x14b\x9fF)\xdc\x06b\x8cS\xa8\xc0\xa0\x06\
b\x8cS\xf0(\xc5\x003\x14b\x9f\xb6\x93m\x007\
\x14b\x9d\x8a1@\x0c\xc5\x18\xa7\xe0\xd1\x83@\x0c\xc5\
\x18\xf4\xe6\x9d\x8a\xea>\x1aj:n\x97\xe2\xfbK\x8d\
TD\xb0\x15eY$\x19\x119\x1f+\x7f\xf5\xead\
\xdcScJ\xee\xc7+\x828#\x04v4b\xbb_\
\x8b\x17\xfaN\xa3\xe2\x9f3Ih$\x0b\x10Y\xe5\x80\
|\xb2I\xfc\x8e=Eq\x98\xa2\x12r\x8av\x09+\
;\x0d\xc5%;\x14b\xaa\xe2\x1bE;\x14S\xb8X\
n(\xc5.(\xc5\x17\x0b\x0d\xc5\x18\xa7b\x8a.!\
\xb8\xa3\x14\xb4S\xb8\x0d\xc5\x18\xa7b\x8cP\x031]\
\xae\x87\xf1F\xfbD\xf0\xa4\xde\x1b\x1ae\x95\xc4\x12#\
\x22\xca\xe3\x0c\xa1\x8f9\xe3\xe6\xae7\x14\x98\xa4\xd2{\
\x80\x91\xa7\xafAR\xd0\xab\x81S[C\xe7J\x01\x1c\
\x0eMt\xd3\x85\xec\x91\xd1\x08\xf4\x1d\x0d\x85\xd5\xc2o\
\x8a\x06e\xf5\xa5:m\xe88\xfb,\x95\xd3\xc3\x18\x86\
%\x8cv\x14\xfa\xf5V\x026\xd5\xb3\xd2X(\xdbV\
sQ\xe8\xb7\xb2u\x88 \xff\x00m\x80\xa9\x07\x87\xee\
\xbf\xbd\x10\xff\x00\x81WAEZ\xc0\xd3[\xdc\xa5\x83\
\x81\xcf\xff\x00\xc2=w\xfd\xf8\xbf:i\xf0\xfd\xe8\xe9\
\xe5\x1f\xf8\x15tT\xb4\xfe\xa5K\xcc>\xa9L\xe6\x1b\
E\xbe_\xf9d\x1b\xe8\xc2\xa2}2\xf1>\xf5\xb4\x9f\
\x80\xcdu\x94\x95/\x01\x0e\x8d\x92\xf0p\xe8\xd9\xc6\xbc\
2'\xde\x8d\xd7\xea\xb4\xcc\xd7jr{\xd4oo\x14\
\x9f~(\xdb\xea\xa2\xb3y\x7fi\x10\xf0]\xa4q\xd4\
WO.\x8dc'\xfc\xb1\xd9\xfe\xe9\xc5V\x93\xc3\x91\
\x1c\xf9s\xba\xfb0\xcdc,\x0dU\xb6\xa6R\xc1\xd4\
[jb$\xd2'\xddr*\xc4w\xec8\x91A\xf7\
\x154\xda\x0d\xe4\x5c\xa0YG\xfb'\x9f\xca\xa8I\x14\
\x90\xb6\xd9\x11\x91\xbd\x08\xac\xbf{K{\xa3&\xa7\x0d\
\xf44\xe3\x91%\x19F\x06\x9d\x8a\xc9V*w) \
\x8e\xe2\xae\xc1x\x1c\x85\x93\x01\xbb\x1e\xc6\xbaib\x14\
\xb4\x96\x8c\xb8TOFX\xc5\x14\xeaJ\xe95\x12\x8a\
\x5c\x0a6\xd0\x02Rb\x97\x14P\x02b\x85b\x8c\x18\
pT\xe4R\xd1L\x0d\x95!\xd40\xe8FiqQ\
Y\x1d\xd6\xb1\xfbqSb\xba\xd3\xba\xb9\xe8E\xdd&\
'4R\xe2\x92\x98\xceoZ\x83\xc9\xbff\x03\xe5\x90\
o\x1f\xd6\xafx6\xec[\xea\xe2\x06?%\xc2\x94?\
Q\xc8\xa3\xc41n\x86\x19\x7f\xba\xc5O\xd0\xd6=\xb4\
\xedks\x14\xeb\xc1\x8d\x83W\x83\x8a\x87-F\x8f\x13\
\x19KYG\xb9\xeb\xd6\xda\xa5\xf5\xa0\x0b\x0d\xcb\x85\x1f\
\xc2\xdf0\x1f\x9df\xf8\xae\xe6\xebX\xd2f\x17\x12o\
0\x8d\xe8\x00\xc0\x04\x1ej\xc0e\x91VE9W\x01\
\x87\xe3L\x9d<\xcbyP\xff\x00\x12\x11\xfaW;I\
\x9f<\xb4w<\xe8\x80\xcb\xeck\x1d\x97k\x11\xe8q\
[\x0a0\x00\xf4\xe2\xb2\xae\x86.\x1c{\xd74\x0fB\
\x99\x1e))sFkCQ(\xa5\xc5\x18\xa4\x01F\
i(\xa2\xc0:\x8am.iX\x05\x03$\x0fZ\xed\
\x22]\xb1\x22\xfa(\x15\xc5\xa9\xf9\x87\xd6\xbbt;\x91\
H\xee+\x9b\x11\xd0\xed\xc1u=\x13\xe1\xcc\x91Xx\
z\xee\xea_\xf9kq\x80\x07V\xc0\xe9Wo/%\
\xbd\x93|\xbc\x01\xf7PtZ\xe7\xfc! }%\xa3\
\xc9\xccr\x9c\x8fL\xd3\xfcE\xe2[_\x0f\xc4\x15\x80\
\x9a\xed\xc6c\x80\x1e\x9e\xed\xe8*\x22\xb4=\x0fv\x9a\
s\x91\xa1{}k\xa6\xdb\x9b\x9b\xc9\xd6\x08\x87\xf17\
\x7f`;\xd7\x17\xaa\xfcC\x9d\xc9\x8fJ\x80B\x9f\xf3\
\xdaQ\x96?E\xed\x5c\xce\xa5\xa9]\xea\xf7&\xe6\xf6\
c,\x9d\x87EA\xe8\x07j\x86\xde\xde{\xbb\x84\xb7\
\xb6\x86I\xe6~\x168\xd7$\xd6\xca\x1d\xcf'\x11\x98\
\xceZS\xd1~$\x97\x9a\x95\xee\xa0\xc5\xaf.\xe6\x9c\
\xff\x00\xb4\xdc~B\xab\x05Q\xd0\x01]\xee\x8d\xf0\xa2\
\xeeuYu\x9b\xb1f:\xf9\x10\xe1\xdf\xf1=\x05u\
\x96?\x0f\xfc3d\x064\xd1p\xc3\xf8\xae\x1c\xb9\xff\
\x00\x0a\xd1E\x9e\x5c\xab+\xdd\xbb\x9e*]\x07\xf1\x0a\
\x03\xa9\xe8\xc0\xd7\xbf\xc7\xa2iQ\x0cG\xa6\xd9\xa8\xf4\
\xf2\x96\x9b.\x83\xa4\xdc.\xd9t\xcb'\x1e\x86 )\
\xf2\x91\xed\x97c\xc0\xc8\x07\xa8\xcdli\x1e+\xd54\
r\x169\xcc\xf0\x0e\xb0\xccr\x0f\xd0\xf5\x15\xe9\x1a\x9f\
\xc3O\x0f\xdf\xa90C&\x9f)\xe8\xf0\xb1*?\xe0\
&\xbc\xef\xc4\xde\x10\xd4|/\x22\x9b\x90\xb3\xda\xb9\xc4\
wQ\x8f\x94\x9fB?\x84\xd4\xb8\xf76\xa5]\xa7x\
;3\xd0t]n\xd3^\xb4\xfbE\xb1\xda\xeb\xc4\xb1\
7\xde\x8c\xff\x00Q\xefW\xf1^?\xa5j\x97\x1a-\
\xf4w\x96\xc7\xe6N\x19{:\xf7S^\xb5ey\x0e\
\xa3g\x0d\xe5\xb3n\x8ae\xdc\xbe\xa3\xd4~\x15\x94\x95\
\x8f\xa1\xc1\xe2\xbd\xb4l\xf7F\xae\x8b1\x8a\xf3\xcb\xcf\
\xcb(\xc1\xfa\x8e\x95\xbf\xc8\xea+\x97\xb3%n\xe1#\
\xb3\x8a\xea\x89\xe6\xa1\x97Ykq\xbc\x1a1N\xc0=\
\xa96\xd21\x13\x14\x98\xa7`\xd1H\x0az\x85\x88\xbe\
\x83oI\x17\x94o\xe9\x5c\xd1R\xa4\xab\x0c08#\
\xd2\xbb\x1e+\x0f]\xb4\x11\xcc\xb7\x0a8\x93\x86\xfa\x8a\
\xa4mF\x7fd\xc9\xc5Esm\x0d\xe4-\x05\xc4b\
H\x9b\xaa\x9f\xe6*|\x1aJv:lp\xba\xce\x87\
.\x92\xfb\xd4\x99mX\xe1d\xee\xbe\xc6\x93F\xd6\x1f\
J\x97ke\xed\x5c\xfc\xe8?\x87\xfd\xa1]\xcc\x91\xa4\
\xa8\xd1\xc8\x81\xd1\x86\x19OB+\x8b\xd7t6\xd2\xa4\
\xf3b\xcb\xda9\xf9I\xea\x87\xd0\xff\x00\x8df\xd5\xb5\
FN6\xd5\x1dr2K\x1a\xc9\x13\x87\x8d\xc6U\x87\
qK\x5c\x86\x81\xad\x1d2_\x22rM\xa3\x9e\x7f\xe9\
\x99\xf5\x1e\xd5\xd9p@ \x82\x0f \x8e\xf5I\xdc\xa4\
\xeedx\x92Q\x0e\x8f0\xcf2\x10\x83\xf3\xae.\xb7\
\xfcYx&\xbcK4?,\x03-\xfe\xf1\xff\x00\xeb\
V\x03\x90\x88\xccz\x01\x93Q-\xcc\xe6\xf59\x9dY\
\xf7\xdf\xcaG@@\xfd*\xa5:W2\xc8\xcez\xb1\
&\x9b])YX\xf1d\xef&\xc2\x93\x14\xb4S$\
LRS\xa8\xa0.6\x8a\x5cQ\x8a,1(\xa2\x8a\
@\x14QE\x00\x14QE+\x00Q\x8a(\xa0\x04\xa2\
\x96\x93\x14\x00QE\x14\x00\x1aLR\xd1@\x09E\x04\
QH\x02\x8a(\xa0\x04\xc5\x18\xa5\xa2\x80\x1bE.)\
)\x00WA\xe1_\x07]\xf8\xa7\xed\x0d\x0c\xa9\x04p\
\x80\x0b\xb8\xc8,{W?[\xbe\x19\xf1~\xa1\xe1v\
\x94Z\x88\xe4\x8a\x5c\x17\x8aA\xc6GCI\xf9\x01O\
]\xd0\xaf<=~l\xefUw\xe3r\xb2\x9c\x87\x1e\
\xa2\xb3\xabO\xc4> \xbb\xf1%\xff\x00\xdb.\xc2+\
\x05\x0a\xa8\x83\x85\x1e\x95\x99M\x00QE\x14\x08(\xa2\
\x8a\x001IKE\x00%\x14Q@\x05\x14QE\x82\
\xe1H\xd4\xb4\x87\xa5&1h\xa2\x8ab\x0a(\xc5-\
\x00\x14QE\x00\x14QE\x00\x14QE\x03\x0a(\xa2\
\x80\x0a(\xa5\xc5\x00%--\x14\xc0(\xa2\x8a\x00)\
\xf2C,%|\xd8\xdd7\x0d\xcb\xb8c#\xd4T}\
Enx\x97\xc41\xeb\xb1\xe9\xb1\xc7\x03D,\xad\xfc\
\xa2X\xe7q\xff\x00\x0a\x04bb\x94QE1\x85\x14\
Q@\x05\x14R\xe2\x98\x09\x8a^\x94QH\x02\x8a(\
\xa6\x01E\x14P\x01E\x14P\x01Z\xde\x17\xf1-\xef\
\x84\xf5h\xf5;\x1d\x8c\xea\x0a\xb4o\xf7]OcY\
Tb\x8b\x5c\x0bz\xbe\xa9q\xad\xeaw:\x95\xd9S\
=\xcb\xef}\xa3\x03>\xc2\xaab\x8aZb\xb8\x98\xa5\
\xa2\x8a\x00(\xa2\x8a\x02\xc1E\x14S\x18QE%\x16\
\x01h\xa2\x8av\x00\xa2\x8a)\x80QE\x14\x08(\xa2\
\x8av\x00\xa2\x8aB@\xeah\x01h\xa4\xcf\x14f\x98\
\x06h4\x94P\x01E.(\xc5 \x12\x8aZ3L\
\x03\x14QIC@\x06\xb4\xd1\xb7\x22\x9fQY\xb8\xab\
\xf6\xa70/\xb7\x15\xc0\xce\xea\x0fR;\xdf\xb8\x83\xde\
\x99d?zO\xb5:\xf8\xf2\x83\xebId>w\xfa\
R\xe87\xadR\xdd-\x14\x01\x93\x8a\x0d\xdbI]\x85\
(R}\xa9\xfc \xf4\x03\xbdmi^\x0d\xd7\xb5\x88\
~\xd1obc\xb7\xc6|\xe9\xd8F\xb8\xf5\xe7\x9a\xde\
4{\x9emLs\xfb:\x18\x9eX\xefI\xe5\xfa\x1a\
\xe8d\xf0m\xe4g\x02\xf2\xd2C\xdc\xaeq\xf9\xd4/\
\xe1MIG\xcb\xe4?\xb0lV\xbe\xc3\xc8\xe6X\xc9\
\xde\xfc\xc6\x19B;P\x0b!\xca\x92\x0d^\xb9\xd2o\
\xec\xf9\x9a\xd6E\x03\xb8\xf9\x87\xe9U8oz\xcaT\
{\x1d4\xf1\xcf\xed+\xfa\x12\xc5u\x93\x898\xff\x00\
j\xa3\xd5\xa4\xd9j\x13\xfez7\xe8)\xa5=*\x95\
\xeb\x96tBxA\xc0\xf4\xcdb\xe2\xd6\xe7o\xd6#\
8>VUn\x94\xda{Sq]t\x17\xbapM\
\xea%.)h\xad\x88\xb8\x94\xb4Q\x83L\x02\x8aP\
)zP\x16\x1b\x83K\xb6\x974\x99\xa4\x02\xe0\x0a)\
)q@\xc4\xcd\x14\xb8\xa5\xc5\x007\x14\xb8\xa5\xc5-\
+\x80\x98\xa3\x14\xb4b\x8b\x80QF)qJ\xe0%\
\x18\xa5\xc5.(\xb8\x09\x8a1KE \x0cQ\x8a\x5c\
Q\x8a\x02\xc2QK\x8a\x5cP\x16\x12\x8cR\xe2\x97\x14\
\x5ccqK\x8a\x5cR\xe2\x90\x0d\xc5.)qE\x17\
\x011F)iqJ\xe0&(\xc5.(\xc5\x17\x1d\
\x84\xa5\x14\xb8\xad\xcf\x04\xe9k\xac\xf8\xabM\xb1\x91w\
$\x92\xe5\x87\xa8\x00\x9f\xe9Q9Y\x5c,f^X\
\xcbf\xb1y\x83\x06E\xdd\x8fOj\xab\x8a\xea\xf5\xfb\
S<nq\xf3\xa3\x12?\xc2\xb9m\xb5\x9d)t\x18\
\xdcR\xd2\xd2\xe2\xb6\x10\xdcQ\x8av\x0d\x1bh\x01\xb8\
\xa9\xad\xa3\x0f0\x07\xa0\xe6\x99\xb4U\x9b\x15\x1b\xd8\xfa\
\x0aLR\xd8\xb4\xc7j\x93\xd6\xbd\xb7\xc2\x9a:\xe8\x9e\
\x1f\xb4\xb4\xc6%e\xf3f=\xcb\xb7?\xa0\xaf \xd1\
\xadE\xf6\xb1clFD\xb3\xaa\x9f\xa6s\xfd+\xde\
d\x1f;z\x03\x8a\x22p\xd6{!\x98\x14b\x96\x8a\
\xb3\x010(\xa5\xa2\x80\x12\x8a\x5cQ@\x09ES\xbe\
\xd5\xed4\xe3\xb6G//\xfc\xf3NO\xe3\xe9X\xb7\
>&\xbc\x94\x91\x02$\x0b\xeb\xf7\x8f\xe7M&\xc2\xc7\
O\xb4\xe38\xe2\xab\xdc_\xdaZ\x0c\xcdq\x1a\xfb\x03\
\x93\xf9\x0a\xe4&\xbd\xba\xb8\xff\x00]q+\xfe<T\
\x1bG\xa5W(\xecn\xdfx\x99\x98\x14\xb2B\x99\xff\
\x00\x96\xaf\xd7\xf0\x15\x84IbY\x98\xb3\x13\x92OS\
F(\xc5RI\x05\x84\xc5#\xa6\xf5+\xebO\xc1\xa3\
\x14\xa5\x15$\xe2\xf6f\xb4\xaa\xca\x94\xe3R\x0e\xcd4\
\xd7\xaa3\x90\x94p}\x0d_\xebU.Sd\xa7\xd0\
\xf3Z\x9aN\x9dq\xaa\x05\x11\x0d\xa88y\x0fE\xff\
\x00\x1a\xf0\xb2\x96\xe8\xd5\xa9\x87\x97O\xeb\xfc\x8f\xd0\xb8\
\xd1G\x19\x83\xc3ft\xf6j\xcf\xe7\xad\xbeM4_\
\xf0\xcd\xa1\x96\xf1\xaeH\xf9!\x18\x07\xfd\xa3X\xdf\x16\
f]\xbaU\xb8?>d\x90\x8fn\x05w\x96\xf6\xb0\
i\xd6a\x01\x11\xc1\x10,\xf2?\x03\xdc\x93^7\xe2\
\xcdlx\x87\x5c\x9e\xf22~\xce\xb8\x8e\x00\x7f\xb8;\
\xfe'\x9a\xf5\xe7+\x9f\x9eRW\x95\xcc\x5cTx\xa9\
\x88\xc0\xa8\xf1^\x9eX\x9f,\x99\xbb'\xb1\x8c\xb4\x8c\
\xfd\x94U\x89.\x22\x8f\xabd\xfa\x0a\xa5\xbd\xb6l\xdc\
B\xfa\x0an+\xda\x8dnX\xda&N\x17wd\xf2\
^H\xdc \x08?3U\xd8\x969bI\xf7\xa5\xc5\
\x18\xac\xe57-\xd9I%\xb0\x98\xa3\x14\xb8\xa3\x15#\
\x13\x14\xc9c\xde\x84\x0e\xa3\x91Rb\x8cT\xce*q\
q\x96\xcce\x0cT\xb6\xed\xb5\xb6\x9e\x86\x96x\xf6>\
GF\xa8\xbd\xc7Z\xf9\xf4\xe5\x87\xab\xe8^\xe8\xbb\x8a\
1H\x8c\x1dC\x0e\xf4\xecW\xd0FJI4f&\
)\x92\xc4$\x5cw\x1d\x0dI\x8a1D\xe0\xa7\x17\x19\
l2\x86\x088=E!Z\xb74;\xc6\xe5\x1f0\
\xfdj\xb6+\xe7\xb1\x14%F\x5c\xafn\x86\x91\x97Q\
\x98\xa4\xc5<\xad\x1bk\x1b\x9b\xa6\x9a\x19\x8a1O\xdb\
F\xda.1\x98\xa3\x14\xed\xb4m\xa5p\x1b\x8a)\xd8\
4`\xd3\x01\xb8\xa2\x9d\x83F\x0d\x17\x0b\x0d\xc5\x18\xa7\
b\x92\x80\xb0\xdcQ\x8av(\xc5\x17\x0b\x0d\xc5\x18\xa7\
b\x8cQp\x1bF3\xda\x97\x14b\x9d\xc0n\x00\x18\
\xc5\x18\xa7Q\x8fj.!\xbbi6\xd3\xf1F(\xb8\
\x0c\xc1\xa3\x1e\xd4\xecQ\x8aw\x01\x98\xa3\x15\xb3u\xe1\
=b\xcf\xc3\xd6\xbe!\x9e\xd3n\x9bt\xc5#\x93p\
\xcf\xa6H\xec\x0e+#\x14\x93L\x06\xe2\x93\x14\xfc\x0a\
6\xd3\x01\x98\xa3\x14\xecQ\x83@\x0c\xc5\x18\xa7b\x8c\
P\x03qJ\xa3&\x97\x14\xe4\x5c\x0a\xb8+\xb2\xa2\xae\
\xc5\xad]\x16\xdc3\x06#\xfd\xa3\xfd+1T\xb3\x05\
\x1dO\x15\xd2i\xb0\x88\xa0$\x0e\xbc\x0f\xa0\xafO\x05\
O\x9a|\xdd\x8fC\x0b\x0ei\xdc\xb7\x8aLR\xd1^\
\xc1\xea\x09\x8a1KE\x00%\x14\xb8\xa2\x80\x12\x8aZ\
J\x00(\xa5\xc5&(\x0b\x05&\x05-\x14\xc2\xc2b\
\xb2\xb5\x07\x13\xceT\x80\xca\x9csZsI\xe4\xc4\xd2\
z\x0e>\xb5\x8d\xc9\xe4\xf5\xac\xaa\xbd,s\xd7\x96\x9c\
\xa5)\xecp\x0bE\xff\x00|\xff\x00\x85S\xc7\xb5l\
\xd5{\x9bQ/\xce\x83\x0f\xdcz\xd7\x9b[\x0f\xf6\xa0\
y\xf3\xa7\xd5\x10\xda\xdc\xe3\x11\xc8x\xec}*\xde+\
,\xafj\xb9iq\xbb\x119\xe7\xf8O\xad\x18z\xff\
\x00bAN}\x19b\x96\x8a+\xb0\xd8(\xa2\x8a`\
&\xdaLS\xa8\xa0\x0d\x1d?\xfe=\x87\xfb\xc6\xac\xd5\
};\x9bs\xfe\xf1\xab8\xae\xa8|(\xef\xa7\xf0\xa1\
(\xa5\xa2\xa8\xb2\x96\xaf\x17\x9b\xa7L;\xa8\x0c?\x03\
\x5c\xc7Z\xec\xa4\x8cI\x1b\xa1\xfe%#\xf4\xae7\x05\
I\x07\xa8\xe2\xbc\xac\xc2>\xf2\x91\xe7cc\xef&z\
?\x87g\xfbV\x87h\xf9\xc9\x0aP\xfe\x07\x15\xa0\xdc\
#g\xd0\xff\x00*\xe7\xfc\x0d?\x99\xa6\xcf\x07\xfc\xf2\
\x93#\xe8k~\xe3p\xb6\x9c\xa8\xc9X\xd9\xbf!^\
q\xf2\xf5cj\x8d\x1et?\xa9\xac\xab\xbf\xf8\xf8\x7f\
\xadj'*\x0f\xa8\xcdeNCL\xe7\xde\xb9\xa0u\
\xd3\xdc\x8b\x14\x94\xecQ\x8a\xd0\xd6\xe3isF(\xc5\
\x03\x0e(\xc5%-\x00\x14\x94\xb9\xa3\x14\x00\x95\xd8\xe9\
\xb3\xf9\xf60\xbes\xf2\xe0\xfe\x15\xc7\xe2\xb7\xfc5q\
\xb9$\xb7=A\xdc?\xada^7\x8d\xce\xac$\xad\
;w:\xad7_\x1a\x0d\x95\xf4\x9bC\xca\xe1|\x95\
=\x0b\xf4\xc9\xfa\x0ek\x92\x9ein\xa7y\xe7\x91\xa4\
\x96C\xb9\xdd\xba\x93S_\x5cy\xf3aO\xc8\x9c\x0f\
\x7fz\xb1\xa0hW^#\xd5#\xd3\xed>RF\xe9\
%#\x88\x90uc\xfd*i\xc6\xc8\xe6\xc6b9\xe5\
d\xf4D\x9e\x1c\xf0\xd5\xf7\x89\xefM\xb5\x98\x09\x1c|\
\xcdp\xc3\xe5\x88\x7fS\xed^\xc3\xa0xwN\xf0\xd5\
\xb7\x91a\x17\xce\xc3\xf7\x93\xbf2J}\xcfa\xec*\
\xe6\x87\xa0G\xa6i\xf1i\xfa]\xab\xf9\x11\xf7\x03\x97\
n\xecOsZm\xa4_\xaa\x966\xad\x81\xe8Fk\
ee\xb9\xe6I\xca{-\x0at`R\xfb\x11F=\
*\xccD\xc5Q\xd4u\x8bm3\x0b)/)\xe4F\
\x9d\x7f\x1fJ\x93T\xbe\x1am\x9b\xcf\xc1s\xf2\xc6\xa7\
\xbbW\x12\xee\xf2;I#\x16w9f=I\xab\x8c\
n\x09\x1d\x02\xf8\xb9w|\xd6Go\xb3\xf3Z\x91\xcd\
\xa7\xeb\xf6\x12\xc2\xe8'\xb6\x94l\x9a'\x1c\x8f\xaf\xf8\
\xd7\x13Z:\x05\xc9\xb6\xd5b\x00\xfc\x92\xfc\x8e=}\
*\xa5\x05a\xd8\xf3o\x10h\xd2x\x7fY\xba\xd3]\
\x8b\x88X\x14s\xfcHyS\xf9WS\xf0\xde\xf9\x9e\
+\xcd=\x8eV2&\x8czg\x83\xfd)>.B\
\xb1\xeb\xd6R\x8f\xbd%\xb7\xcd\xef\x83\xc5c\xf8\x0ev\
\x8b\xc4\xb0\xa0\xe9,n\xac=\xb1\x9f\xe9\x5c\x93G\xa9\
\x80\xa8\xd5X\xbe\xe7\xa9\xd9){\xc8\x17\xfd\xb1]I\
\xe4\x9c\xd6\x06\x87\x17\x99|\x1f\xb4jMt\x1c\x1e\xb5\
\x83=\xda\xef\xde\x13\x14sF\xdfCG\x22\x91\x88Q\
\x9a3F)\x00m\x15KX\x87~\x9d!\xee\x840\
\xab\xb8\xaa\xfa\x91\xc5\x84\xe4\xff\x00v\x9a\x1c~$r\
\xf4\x11\x9aQ\xd2\x97\x15Gp\xc2\xb5\x1c\xb0\xa4\xd1\xb4\
R\xa0x\xdca\x94\xf4\x22\xa6\xc5\x184\x01\xc0kZ\
C\xe9\x17;9ky9\x89\xcf\x7fc\xee*\xe6\x89\
\xe2/\xec\xfbg\xb7\xb9\x05\xd5\x14\x98\x0f\xa1\xfe\xe9\xf6\
\xae\xaa\xfa\xc6-F\xd5\xed\xa7\x1f+tn\xea{\x11\
\x5c\x05\xdd\xa4\xb672[N1$g\x07\xdcv5\
\x9bVz\x19\xb5\xca\xf4 wy]\xa4\x90\xeew%\
\x98\xfa\x9a\xce\xd6\xee|\x8b2\x80\xfc\xd2p>\x9d\xea\
\xfc\xb2$1\xb4\x8e\xdbQy&\xb9]B\xf5\xaf\xae\
\x0c\x9d\x10p\xa3\xd0S\xa7\x1b\xbb\x9c\x98\x8a\x9c\xb1\xb7\
VV\xa2\x8a+\xa4\xf3\x02\x8a(\xa4\x01E\x14P\x01\
E\x14P\x16\x12\x8cR\xd1@\x09IN*\xc0\x02U\
\x80=\x09\x1di)\x00\x94R\xe2\x92\x80\x0a(\xa2\x80\
\x0a(\xa2\x90\x07ZJ\xb44\xbb\xf3i\xf6\xc1ep\
m\xbf\xe7\xa8C\xb7\xf3\xaa\xd4\x5c\x04\xa2\x8cQ@\x05\
\x14Q@\x09\x8a)h\xc5\x00%\x14\x11E+\x00R\
R\xd1@\x0d\xa2\x9dI\x8a\x00J(\xa2\x90\x05\x14Q\
@\x05\x14Q@\x82\x8a(\xa0\x02\x8cQE\x00%\x14\
\xb8\xa4\xa0\x02\x90\xf4\xa5\xa4=)=\x80Z\x5cQE\
0\x0a(\xa2\x80\x0a(\xa2\x80\x0a(\xa2\x81\x85\x14Q\
@\x05\x14\xb8\xa5\xa6\x02b\x96\x8a(\x00\xa2\x8a(\x00\
\xa3\x14b\x96\x98\x05\x14Q@\x05\x14QL\x02\x8a\xd0\
\xd0 \xd3\xae5\x8bXuy\xde\x0b\x17|K\x22u\
\x03\x1c~\xb8\xae\xcb\xe2O\x87|+\xa3i\xd6R\xe8\
s\xa7\xda$b\x0a$\xbb\xf7\xa6>\xf1\xf4\xa9r\xd6\
\xc0y\xf7J(\xa2\x98\x05\x14QL\x02\x8a)q@\
\x09E.)h\x10\x98\xa3\x14\xb4S\x00\xa2\x8a(\x0b\
\x05\x14Q@\xc2\x8a(\xa0\x02\x8a(\xa7`\x0a(\xa2\
\x9d\x80(\xa2\x8a`\x14QE\x02\x0a(\xa2\x98\x05\x14\
RP\x02\xd1E%0\x0c\xd7\xa6\xfc\x1d\xf1G\x82\xfc\
>\xb7\x8b\xe2;T[\xc9\x18\x18\xaee\x8c\xc8\xbb1\
\xf7q\xdb\xeb^e\x8a1S(\xf3+\x01\xb7\xe3[\
\xed#R\xf1E\xfd\xde\x85nm\xf4\xe9$\xccI\xd3\
<r@\xec\x09\xc9\xc5bb\x96\x8aiYX\x04\xc5\
-\x14\x99\xa6\x02\xd2f\x8aJ,\x01E.)i\x80\
\x98\xa5\xa2\x934\x80Z\xb5k*\x22\x14f\x00\xe7\x22\
\xaa\x03N\xeb\x5cu#i3\xa2\x94\xed\xaa'\xbc`\
\xcc\x98 \x8cv\xa7Yu\x93\xe8*\xb6*\xcd\x97Y\
>\x82\xb35\x83\xe6\x9d\xcbT\xe4\x1c\xd3qNN\x1a\
\x9c\x1f\xbc\x8dk\xab\xd3\x95\xbb\x1d\x1f\x80\xb4\xebmS\
\xc5\x96p]\xa2\xc9\x12\x87\x97ctb\xa3 \x1a\xf4\
\xbf\x17\x5c\xc8c\xb7\x83q\xd9&Y\x80\xef\x8e\x83\xe9\
^C\xa3j\x8f\xa2j\xd6\xba\x92\x02~\xcf&\xe6Q\
\xfcJx#\xf2\xafe\xd7-\xd3X\xd3!\xbb\xb1\x22\
e\x03\xcd\x8c\xaf\xf1\xa1\xeb\x8a\xf4)\xbdO\x9c\xac\x9d\
\xd39LP\x08'\x03\x9f\xa0\xadM\x0fJ:\x85\xce\
\xe9\xe3o\xb3\xc7\xcbdcq\xec+\xac\x8a\x08\xa1\x1b\
b\x8a4\x1e\x81Ej\xe7c+\x9c\x10Y\x07D\x93\
\xfe\xf95\x9b\xa8h\x967\xf92G\xe4\xcb\xff\x00=\
\x10`\xfe#\xbdz\x9f\xe3L\x92(\xa5\x18\x92(\xdc\
z\x15\x06\xa5\xca\xfb\xa0R\xb6\xc7\x83jzE\xce\x96\
\xd9\x90\x09!'\xe5\x95z\x1f\xaf\xa5e\xdc\xdb\x09\xd7\
+\xc4\x83\xa1\xf5\xaf}\xba\xf0\xde\x97v\xac\xafm\xb5\
_\x86U<\x1f\xc2\xbc\xa7\xc6\xbe\x16\xff\x00\x84_S\
D\x81\x9d\xec\xaeAh\x19\xba\xae:\xa9>\xd5\x84\xe0\
\x99\xd3J\xab\xbf\x99\xc2\xb7^i\x00\xcf\x00d\x9a\xb7\
\x7f\x0e\xd9\x03\x8e\x03u\xfa\xd6\x97\x82uM?C\xf1\
N\x9f\xa8\xeap\xf9\xd6\x90I\xb9\xc63\xb7\x8e\x1b\x1d\
\xf0y\xc5R\xf7a\xa6\xa7b|\xce\xe6\x16\x0eq\x8c\
R\x85\xad\xbf\x19\xea\x96\x1a\xd7\x8a5\x0dCL\x84\xc3\
i<\x9b\x91H\xc6x\x198\xed\x93\x93\x8fz\xc5\xcd\
Td\xda\xbb\x1bVa\x8a3IK\x8a`&h\xa5\
\xc5.(\x011F)qK@\x09\x8a1KF)\
\x5c\x02\x8a\x5cQ\x8aW\x011K\x8a\x5cQ\x8a\x00L\
R\xe2\x8aZ@&(\xa5\xc5\x18\xa0,%.)q\
K\x8a.1\xb8\xa5\xc5.)qJ\xe07\x14\xb8\xa5\
\xc5\x14\x5c\x04\xc5.)qF)\x5cv\x13\x14b\x97\
\x14\xb8\xa0\x04\xc5\x18\xa5\xc5.(\x01\xb8\xa5\xc5.\x05\
.(\x01\xb8\xa3\x14\xecR\xed\xa4\x03p)qK\x8a\
\x5cQp\x1a\x01\xae\xab\xe1l\xab\x07\x8f\xf4vc\xf7\
\xa5d\xfcYH\xfe\xb5\xccm5gL\xbe\x93I\xd4\
\xad5\x08\xbe\xfd\xac\xcb*\xfe\x075\x9dMb3\xb6\
\xd7\xec\x8d\xad\xfd\xd4\x04`\xa4\x8d\xfc\xeb\x07N\xf0\x9c\
\x9a\xf4\xf7v\xd6\x12\x01|\x89\xe7\xc1n\xfc\x0b\x84\x1f\
|\x03\xd9\x87_z\xf4O\x88\x16QI\x7f\x1e\xa9l\
w[_\xc6\xb3#z\x82\x01\xfe\xb5\xc3\xa5\xcd\xce\x93\
\xa8[\xea6\x5c\x5c\xdaH&\x8b\xdf\xd5~\x84dW\
-\xc6s\x93i\x1a\x85\xb9\xc4\xb6s)\xf6\x5c\xff\x00\
*\xa89\xafm\xd7ma\xb8\xb7\xb6\xf1\x1e\x92H\xb0\
\xbeQ.\x17\xfeY?q\xf9\xe6\xb8\xbdo\xc3\x11\xea\
\xfb\xael\x11b\xbf<\xb4#\x84\xb8\xf7^\xca\xde\xdd\
\xebX\xd5kqX\xe1\xb0iqNedb\xac\xa5\
YN\x19X`\x83\xe8i+t\xef\xaa\x0b\x09\x8a\xb5\
b9q\xf4\xaa\xf55\xa1\xdb.=hd\xc9ho\
xrQo\xe2\x1d6V8\x02\xe1s\xf8\xf1^\xcf\
\xab\xea\x11\xe9i\xbd\xd4\xc8\xce\xc4\x22\x03\x8c\xd7\x84\x02\
\xc8C\xa1\xc3\xa9\x0c\xbfQ\xcd{\x1d\xdc\x83\xc4\xba\x05\
\x96\xabk\xf3\x9d\x9b\x99\x07\xe4\xc3\xea\x08\xa7\x07\xa9\xc3\
Yl\xc9\xad|Mm+\x85\xb8\x89\xad\xf3\xd1\xb3\xb8\
~5\xb0\xbb]C\xa9\x0c\xa7\xa3\x0eA\xae\x08`\x8c\
\x8e\x95=\xad\xed\xcd\x91\xcd\xbc\xcd\x18=GP\x7f\x0a\
\xd9\xc7\xb1\x8d\x8e\xdf\x02\x97i\xf4\xaeD\xeb\xfa\x9b\x0c\
}\xa0\x0f\xa2\x0a\x89o\xb5+\xa7\xdb\x1d\xc5\xc4\x8d\xe8\
\x95<\x8c,vDb\xb3\xf5\xcb\xe9,,wC\xc4\
\x926\xc0\xdf\xdd\xf7\xa94x\xaf\x22\xb4\xc5\xf3\x96\x90\
\xb6T\x13\x92\xa3\xd0\x9a\xb3qm\x0d\xdc-\x0c\xe8\x1e\
6\xea*vb8LrI$\x93\xc9'\xa9\xa3\x1e\
\xb5\xd4\x8f\x0bY3p\xd3\x91\xe9\x9a\x86\xea/\x0c\xe8\
\xa37\xd7\x10FGi$,\x7f!Zs\xa1\xees\
\x83\x04\xe0r}\x075j\x0d.\xfa\xe7\x1eU\xac\x84\
z\x9e\x05K7\xc4\x7f\x0eXelm\xa6\xb8#\xa7\
\x97\x1e\xc0\x7f\x13Y7\x9f\x16o$\xc8\xb3\xd2\xe1\x8b\
\xdei\x0b\x9f\xd2\xa5\xd4E\xa8I\xf47\xe1\xf0\xb5\xec\
\x98\xf3\x1e(\xfd\x87\xccj\xda\xf8F4\x1b\xa6\xbb|\
\x0e\xa7h_\xe7^uw\xe3\xef\x12^d\x1dG\xc9\
S\xfc0\xc6\x17\xf5\xack\x9b\xeb\xcb\xd3\x9b\xab\xbb\x89\
\xc9\xfe\xfc\x84\xd4:\x8c\xa5I\xf5g\xaa][\xf8g\
O\x19\xbb\xd5\xd1q\xd4y\x99?\x90\xac\x9b\x8f\x14\xf8\
2\xdb\x22%\xbb\xbd?\xec\x02\x01\xfcMy\xc8E\x07\
!@>\xb8\xa7sR\xea2\x95%\xd4\xeb\xae\xfcS\
\xa7j\xb3Emi\xa4\xb5\x98\xc9\xfd\xebK\xb8\xb7\xb6\
)\xb7^'\xd64;d\x87O\xb9XbrI%\
\x03\x10\x7f\x1a\xe5\x11\x8a0e8 \xe4V\xe5\xf9\x17\
\x9a_\x9c\xbdF\x1b\xe9\xeb^N!:x\xa8V]\
tg\xdb\xe5U\x163&\xc4`%\xbc=\xf8\xfan\
\xff\x00\xaf3?Q\xd7u]]v_\xea\x13\xdc'\
]\x84\xe1\x7f!TqFG\xaei\xa4\x93^\xf5,\
\x1dZ\x8fk/3\xe34B1\xcf\x02\x9b\x8av\xda\
1^\xe5*q\xa7\x15\x08\x88n\x05\x18\xa7b\x8cV\
\x97\x10\xdc{\x0a1\xec)\xc0R\xe0Qp\x19\xf8\x0a\
8\xf4\xa7\xe2\x93\x14\x5c\x06\xf1F\x07\xa5;\x14b\x8b\
\x81\x1c\x89\xbd\x0a\xfeUS\x1e\xa2\xaf\xe2\xab\xdc\xc7\xb5\
\xb7\x01\xc1\xaf70\xa3u\xed\x17M\xca\x8b\x1bl\xf8\
b\xa7\xbdX\xc7\xb5S\x19\x07#\xa8\xab\xa8\xc1\xd40\
\xefO/\xadx\xbao\xa0I\x09\x81G\x14\xfcRb\
\xbd\x1b\x926\xa1\x9e\x1f\xe3Q\xf5\x15c\x14\xb8\xac\xab\
R\x8dX\xf2\xc8i\xd8\xce\xc5\x18\xab\x13\xc3\xb7\xe7Q\
\xf2\xf7\x1e\x95\x0d|\xfdZR\xa7.Y\x1a\xc6V\x1b\
\x8a1N\xc5.=\xab+\x9b\xa7q\x98\xa3\x14\xfcR\
m\x14\x5ccqF)\xdbh\xdbE\xc0f(\xc5?\
m\x1bh\xb8\x0c\xc5\x18\xa7m\xa3\x06\x8b\x80\xdc{Q\
\x81N\xc5\x18\xa6!\x98\x14m\xa7b\x8cP\x03v\xd2\
m\xa7\xe2\x8cP1\x984`\xd3\xf1I\x8a\x042\x8a\
~(\xc50\x19\x8a1N\xc0\xa3h\xa0\x0dy\xfca\
\xad\xddxr/\x0eMy\xbfK\x89\x83$E\x06F\
\x0e@\xdd\xd7\x00\xf3X\xd8\xa5\xdbF\x0d$\xad\xb0\x09\
\x8aM\xb4\xec\x1aJaa6\xd2`\xd3\xa8\xa2\xe07\
\x1e\xd4\x98\xa7\xd1\x8aw\x10\xcd\xb9\xa7\xe2\x94\x0e\xf4b\
\xb7\xa6\xb4\xb9\xb4\x16\x97,X\xc4^B\xde\x9c\x0f\xa9\
\xae\x9a8\xfc\xb8\xd5\x07\xf0\x8cVV\x95m\x87\x8dO\
o\x9d\xabg\x15\xee\xe1)\xf2@\xf5\xb0\xb0\xb4n3\
\x14b\x9d\x8a1]GX\xdcPE;\x14b\x80\x1b\
Fih\xc50\x12\x8cR\xe2\x92\x80\x0cRb\x96\x8a\
\x00LQKH\xcc\x11K7A\xc9\xa0\x0a\x1a\x94\xb9\
+\x10\xed\xf35R\xa7\xc8\xe6Wgn\xacsM\xc5\
sI\xdd\xdc\xf3\xe7.i\x5cnA$ddu\xf6\
\xa5\xaa\xf6gy\x99\xbdZ\xac\xe2\xb3\x84\xb9\xa3r\x22\
\xee\xaeT\xbb\xb6\xf3\x07\x98\x83\xe7\x1dG\xadQ\xad\x8c\
U;\xdb}\xbf\xbdQ\xc1\xfb\xd5\xcd\x88\xa3\xf6\xd1\x95\
HuD\x96\xb7\x1er\xedo\xbe?Z\x9b\x15\x94\xac\
\xc8\xc1\x94\xe0\x8e\x95\xa7\x0c\xa2h\xc3\x0e\x0fB=\x0d\
^\x1e\xb72\xe5{\x8e\x9c\xaf\xa3\x1d\x8a1N\xc5!\
\xae\x93A\xb4R\xe2\x8cS\x03GM\xff\x00\x8fs\xfe\
\xf5Z\xaa\xfap\xff\x00G\xff\x00\x81\x1a\xb3\x8a\xe9\x87\
\xc2\x8e\xfa\x7f\x0a\x12\x8cR\xe2\x92\xac\xb0\xc6\x0ek\x92\
\xd4!\xf2o\xa7OG5\xd6\xd7;\xafG\xb3P-\
\xd9\xd0\x1a\xe1\xc7\xc6\xf4\xd3\xec\xce<do\x04\xcd?\
\x02LV\xfe\xe2\x01\x93\xe6G\x90\x07r+\xba\xf1$\
-\xa2x2\xf2Y\x86\xdb\xbb\xe2\xb0 =QI\xe7\
\xf3\x15\xc6|.\x9cA\xe3{\x0ep$\x0e\x87\xf1S\
]\x0f\xc5}P\x5cj\x96\xbaR6E\xa2\x19%\xff\
\x00}\xba\x0f\xca\xbc:\x92\xb6\x87\xcdbc\xfb\xe3\x82\
b\x11\x09\xec\x05c\x91\x92O\xadi_\xbe\xc8\x08\xee\
\xdcVnk8lkMiq0i3N\xa3\x15\
e\xd8J(\xdbI\xcd\x00\x18\x14b\x974P\x03M\
\x18\xa7Rb\x80\xb8\x99\xabziu\x9f|lW\x00\
\x82~\xb5V\xaf\xe9\xcb\x88\x99\xbdML\xb6\x14\xa4\xd2\
\xba,\x9f\x94f\xbe\x84\xf8[\xe0$\xd14\x18\xee/\
\xa3\x06\xea\xec\x09e_\xfd\x04\x1f`+\xc6|\x0f\xa4\
.\xbb\xe2\xdd2\xc6E\xdd\x11\x97\xcc\x90z\xaa\xf3_\
U\x05\xda\x00\x03\x81\xc0\xac'&\xb62\x84T\x9e\xa3\
T\x04P\xaa\x02\xa8\xec)x\xa5\xaa\xd7\xf7\xd0\xe9\xf0\
\x99d9=\x15GV5\x82W\xd1\x1b\xb6\x92\xbb9\
\xdf\x11B\x91j9A\x8d\xea\x19\xbe\xb5\x9b\x8ex\xa9\
n'\x92\xeav\x9aS\x97o\xc8{U;\xfb\xa1c\
g-\xc1\xea\x8b\xf2\xfb\x9e\xd5\xdd\x05d\x91\xe4\xcd\xa9\
I\xb4s\x1e$\xbd77\xfeJ\x9c\xc7o\xf2\x8fv\
\xefYY\xa5%\x89%\x8eI9'\xde\x8a\xe8J\xc2\
\x0cU\xad\x1e\x136\xabj\x8b\xc9\xdf\x9f\xca\xaa\xe2\xb5\
\xf4\xc9b\xd0\xb4\xab\xcf\x10\xdd\x80#\x85\x08\x88\x1f\xe2\
=?SD\x9d\x90\x1cO\xc4\xedAo\xbcY,H\
r\xb6q\xac9\xf7<\x9a\x83\xe1\xfc\x1eo\x88D\xbf\
\xc3\x0c.\xc4\xfag\x81\x5c\xfc\xf3\xcbu<\x973\x9d\
\xd3J\xe6G>\xa4\xd7\xa5|)\xf0\xfbIg-\xfc\
\xaaB\x5c0\xe4\xff\x00q{~'\xf9W\x1c\xde\x87\
\xad\x81\xa7\xfb\xc8\xf6Z\x9e\x81\xa2\xdby\x16\x9ec\x0c\
<\xa7w\xd0v\xab\xf4\x10;\x0c}(\xaes\xd6\x93\
\xbb\xb8b\x8c\xd1K\x9a. \xebF\x05\x18\x14P\x01\
\x8a\xce\xd7%\xf2\xac\xbc\xbe\xf20\x1f\x80\xad\x10\x09\xae\
sU\xbc\x17w_!\xccq\xfc\xaa}}M4\x8d\
)F\xf2)ph\xc6)qF)\x9d\x82b\x8aZ\
3@\x09\xc1\xac\x7f\x12\xe8\xff\x00\xda6\x9e|+\xfe\
\x93\x00\xc8\xc7\xf1\xafq[8\x14\x0c\x83\x91I\xab\x89\
\xab\x9e[$i<L\x8c2\xac0k\x91\xbc\xb6k\
K\x87\x85\xbb\x1e\x0f\xa8\xafJ\xf16\x964\xfb\xef:\
%\xc4\x17\x19e\x1d\x95\xbb\x8f\xeb\x5c\x96\xbfe\xe7[\
\xf9\xe8>x\xfa\xfb\x8a)\xcb\x95\xd9\x9c\x18\xaaW\x8d\
\xd6\xe8\xe7(\xa2\x8a\xe9<\xc0\xa2\x8a)X\x02\x8a(\
\xa4\x01E\x14R\x00\xa9\xec'\x8a\xd6\xf6\xdey\xa0[\
\x88\xa3\x91Y\xe2n\x8e\x01\xe4T\x14P\xd5\xc0\xf5\x0f\
\x1d\xfc@\xf0\xd6\xbb\xe1\x86\xb0\xd3\xed\x8c\x97\x12\xb2\xec\
V\x8bg\xd9\xb0G9\xc7<q^_E\x15\x10\x82\
\x82\xb2*RrwaE\x14U\xd8\x911E-\x14\
\x80m\x14\xb8\xa2\x81\x1bI\xe3M~=\x11tH\xf5\
\x19\x12\xc1A_-@\xe5O8'\xd2\xb1(\xa2\x95\
\x90\xc2\x8e\xb4Q@\x09E-\x18\xa6\x02QE\x14\x00\
Ru\xa5\xa2\x90\x09\x8a)M% \x0a(\xa2\x80\x0a\
CKE\x006\x8a\x5cPh\xb0\x09E\x14R\x00\xa2\
\x8a(\x00\xa2\x8a(\x10QE\x14\x00\x98\xa4=)\xd4\
\x8d\xd2\x87\xb0\x0bE\x14P\x01E\x14P0\xa2\x8a(\
\x00\xa2\x8aP)\x80Q\x8aZ(\x00\xa2\x8a(\x00\xa2\
\x8a\xe8\xfc;\xf0\xff\x00\x5c\xf15\xb1\xba\xb3\x864\xb7\
\xc9\x0b$\xad\xb41\xf6\xa5\xb6\xe0s\x98\xa5\x15%\xcd\
\xbc\xb6w\x12\xdb\xce\x85%\x89\x8a2\x9e\xc4Tu@\
\x14QE\x16\x00\xa2\x8a\x5cS\x01\x00\xa5\xa2\x8a@\x14\
\x00\x07AE\x14\xc0(\xa2\x96\x81\x5cJ\x5cR\xd1@\
\x09KE\x14\xc0(\xa2\x8a\x06\x14QE\x00\x14QE\
\x00z_\x82\xfe\x11\xdbx\x9f\xc3\xb0\xea\x93\xea\xb2E\
-\xc9m\x89\x12\x06X\xf0q\xf3s\xd6\xbc\xee\xfa\xd4\
\xd8\xde\xdcZ\x19\x12S\x0c\x8d\x1e\xf4\xfb\xad\x83\x8c\x8a\
\x96\xd3X\xd4\xac-\xa5\xb5\xb4\xbf\xb9\x82\x09H2G\
\x1c\x84+\x1fz\xa7Q\x08\xc96\xdb)\xb4\xd2\xb2\x0a\
(\xa2\xb5H\x90\xa2\x8a)\x80QE\x14\x0a\xe1E\x14\
P\x01E\x14S\x00\xa2\x8a(\x01(\xc5-\x14\x00Q\
E\x14\x00QE&i\xd8\x05\xa4\xcd\x14\x94\xc0)h\
\xc5-\x00&)h\xa4\xcd\x00-&i(\xa2\xc0\x14\
R\xd1\x8a`\x14R\xd2P\x17\x14U\x9b#\x89H\xf5\
\x15Xu\xa9\x22\x7f.En\xc0\xf3\x5cU\xa3ih\
tQ\x96\xcc\xd1\xa2\x97\x14b\xb1;\xc9\x14\xe4f\xba\
\xdf\x04x\xe9\xfc6E\x8d\xf0yt\xc6l\x829k\
s\xdc\x8fQ\xea+\x8f\x07\x07\x8a\x99\xe3h\xcf==\
k\xa6\x9dK\xfa\x9e>+\x0a\xe3\xaa^\xe9\xf4$\x17\
0\xde\xdb\xc7sm2O\x04\x83)\x22\x1c\xabS\xeb\
\xc2\xb4\x0f\x12\xea~\x1b\x98\xbe\x9f>#c\x99 q\
\x98\xdf\xea;\x1fq^\x8b\xa3\xfcO\xd1\xaf\xc2\xa6\xa0\
\x8f\xa6\xccx;\xb2\xf1\x9f\xf8\x10\xe4~5\xbah\xf3\
eI\xad\x8fE\xd0\xb4\xb8o\xfc\xc9n2\xc8\x84\x00\
\xa0\xe3&\xb6\x1bA\xd3\x88\xc7\xd9\xc0\xf7\x0ck\x07\xc3\
:\xed\x96XEu\x04\xd0K\x82\x1e7\x07\x07\xe9\xd6\
\xba\xd4\xda\xea\x19X0=\x08\xaez\xaeJG^\x1e\
0q\xb5\xb50/|5\xb5K\xdaHI\x1f\xf2\xcd\
\xff\x00\xa1\xaf9\xf8\x9db\xb3xR\xe2I\x17l\xb6\
r\xa3\xaez\x82N\x08\xafc\x9ahm\x97|\xd2$\
K\xfd\xe7`\x07\xeb^\x1b\xf1\x8f\xc6:~\xa7p\xda\
>\x95*\xdc.\xe5k\xa9\xa39L\x8e\x8a\x0f\x7fz\
\xaau\x1b\xd1\x8a\xad\x15\x16\xa5\x13\xc9\xb5\x01\xfb\x8c\xfa\
\x1a\xcd\xad-@\xe2\x10\xbe\xa6\xb3\xb1[\xc3chl\
&)@\xa5\xc5\x15E\x80\xa3\x14\xb4b\x95\xc0(\xa3\
\x14\xb8\xa0\x04\xc5.)qE \x13\x14\xb8\xa2\x97\x14\
\x00\x94R\xe2\x97\x14\x82\xc2Q\x8av(\xc5\x17\x18\x98\
\xa3\x14\xb8\xa5\xc5+\x80\x98\xa3\x14\xb4\xb8\xa5p\x13\x14\
\x01S$\x04\xf2\xdc\x0a\x99QS\xa0\xaez\x98\x98\xc7\
E\xa9\xd3O\x0d)j\xf4+\xac.\xdd\xb1\xf5\xa7\x8b\
oV\xfc\xaaz\x0e\x07S\x5c\xb2\xc4\xcd\xed\xa1\xd3\x1c\
4\x16\xfa\x91\x08\x10z\x9ax\x89\x07E\xab\x10\xd9\xdc\
\x5c\x7f\xa9\xb7\x91\xfe\x82\xae\xc7\xe1\xddE\xfa\xc6\x88?\
\xdaqXK\x10\xd7\xc5#\xa2\x18k\xfc1\xfc\x0c\xb0\
\x80v\x14\xbbG\xa0\xae\x8a\xd7\xc1\xed>\x04\xda\x9d\xbc\
\x0d\xe8P\x9f\xd6\xb5\x17\xe1\xab\x95\x07\xfbY\x08=\x08\
\x8b#\xf9\xd7%L\xc2\x8c\x1d\xa7/\xc1\xff\x00\x91\xd1\
\x1c\x1dG\xb4\x7f#\x89\xda=\x05\x1b\x01\xec+\xb6?\
\x0dd\xc7\xcb\xaa\xae}\xe2\xff\x00\xeb\xd4\x12|8\xd4\
\x17\xfd]\xf5\xb4\x9e\xc5J\xd4,\xcf\x0e\xf6\x9f\xe6\x0f\
\x07U}\x9f\xc8\xe3\xccH{R\x1bu\xed\x9a\xe8n\
|\x13\xae\xdbd\xfd\x90L\xa3\xbcN\x0f\xe9Y\x17\x16\
\xb3\xd9\xb6\xdb\x98%\x85\xbd\x1dH\xae\xbaX\xb5?\xe1\
\xce\xff\x003\x9e\xa6\x1d/\x8e6)\x98\x18t\xe6\x98\
Q\x87Q\x8a\xb7Hy\xeb]q\xc5Io\xa9\xcd,\
,_\xc3\xa1Wm\x18\xab\x0d\x12\x9e\x9c\x1a\x89\x90\xaf\
Q]0\xad\x19\xecr\xce\x8c\xa1\xb8\xda)qK\x8a\
\xd4\xc8m\x18\xa7m\xa3\x02\x80=K\xe1\xfe\xa8\x9e*\
\xf0\xcc\x9e\x16\xb8q\xfd\xa1`\x0c\xb6;\xba\xcb\x1fV\
O\xa8\xfeG\xda\xb0o\xedY\x18\xa9\x042\x9e3\xeb\
\xe9\x5c\x9d\x95\xed\xce\x9bw\x0d\xe5\x9c\xcd\x05\xc4\x0c\x1e\
9\x17\xaa\x91^\x9f-\xd5\xaf\x8d\xf4\xb6\xd6\xeccX\
\xaf\xa2\x00j\x16\x8b\xfc\x0d\xff\x00=\x17\xd5O\xe9\x5c\
\xb2\x8d\x98\xca\x1e\x0c\xf1l>\x1eit\xbdT\x17\xd0\
\xef[,q\x9f\xb2\xc8\x7f\x8b\x1f\xdd=\xebW\x5c\xd1\
[G\xb9\x0a\x18Ik(\xdd\x04\xaar\x18u\xeb\x5c\
\x85\xdd\xae7er\x0f\x0c\x0fz\xd3\xf0\xd7\x89\x93I\
\xb6\xfe\xc5\xd6\x8b\xcf\xa1H\x7fw/W\xb1oQ\xdc\
\xae{T\x01[\xc76\x10\x5ch\x96z\xc2\xc6>\xd8\
'k{\x99\x07\xf1\x8c|\x84\x8f_z\xe1\xc6\x0fJ\
\xf5\x1f\x10h\x8e\xb6\xef\xa6\xcf.\xfbi\xcaM\x1c\xb1\
\x9c\xac\xca9\x0c\xa6\xb0\xbcc\xe1\xc4\x9bU\xd3e\xd1\
\xed\xe3Hu\x08\x95<\xb4\xe1b\x910\x1b>\x9d\x8d\
\x5c'\xca\x07\x19\x8aQ\x95 \x8e\xa2\xac\xea6M\xa7\
j\x176O\x22H\xd6\xf2\x18\xd9\xd3\xa3\x11\xe9Pb\
\xba\x14\xae\xae\x22\xfcl$@\xc2\xba\x9f\x04x\xc0\xf8\
n\xe1\xad\xae\xf76\x9d;nlrao\xef\x01\xdc\
z\x8a\xe3 \x97\xcan~\xe9\xebWA\x0c29\x14\
&s\xd4\x87G\xb1\xec\xf7\x9a\x1d\xb6\xa9\x1a\xdfi\xd3\
E\x89F\xe0\xcas\x1c\x9fOCY\x83\xc3\xda\x96\xed\
\xbeB\xfdw\x8cW\x9eh\xda\xfe\xa9\xa0H_N\xba\
h\x95\x8eZ&\x1b\xa3o\xa85\xd4\xaf\xc5{\xd1\x08\
V\xd2-\xdao\xef\x89HS\xef\x8a\xd1T9]&\
\xb6:\xdb/\x0b\xc3\x1e\x1e\xf2C3\x7fqxQ\xf8\
\xf7\xad\x98\xe1\x8e\xd6,\x22\xa4\x11\x0f\xa2\x8f\xce\xbc\x9e\
\xf3\xe27\x88\xae\xb2#\xb8\x86\xd1}!\x8cd~&\
\xb0//\xefu\x06\xdfyyqpO\xfc\xf4rG\
\xe5I\xce\xe3T[\xdc\xf5\xfdC\xc6>\x1f\xd32\xb3\
\xeaQ\xbb\x8f\xf9g\x0827\xe9\x5c\xd6\xa3\xf1]\x06\
WM\xd3\x0b\x1e\xd2\x5c>\x07\xfd\xf2+\xcfB\x85\x18\
\x00\x01J\x17w\x00\x12}\xaay\x9b\xd1\x16\xa9En\
lj~1\xd7upV\xe3Pt\x88\xff\x00\xcb(\
\x07\x96\xbf\xa75\x89\xb4gv2\xc7\xb9\xe4\x9a\xb0\xb6\
\xb27Q\xb4{\xd4\xabf\x83\xef\x12~\x9cWe,\
\xbb\x11Wh\xdb\xd7A\xf3F%:z\xc4\xed\xf7P\
\x9a\xbe\xb1\xaa}\xd5\x02\x9d\xcdzT\xf2?\xf9\xf9?\
\xbb\xfa\xfd\x09u{\x14\x05\xac\xa7\xf8q\xf8\xd3\xc5\x9b\
\x9e\xac\xa2\xaeb\x8cWTr|:\xde\xef\xe7\xfeD\
\xba\x8c\xaa,\x87w?\x80\xa74\x10D\xbb\x9f8\xf7\
=i\xd3\xdc,<\x0f\x99\xfd=*\x8b\xbbH\xdb\x98\
\xe4\xd5K\x0b\x86\xa5\xa4`\x9b\xfb\xff\x001\xc7\x9a[\
\xb1\xd2H\x1f\x84@\x8b\xe9\xdc\xd6\x96\x8d(\x929l\
\xdc\xf0\xc0\x95\xfe\xb5\x95RA3[\xcc\x92\xafU9\
\xae\x0c~\x11b(J\x9ct{\xafU\xb1\xebd\xf8\
\xef\xa9b\xa1Y\xfc;?4\xf4dl\x9b\x18\xa9\xea\
\x0e)1Vu\x00\xbfjgO\xb8\xf8a\xf8\xd5z\
\xe8\xa3S\xdaS\x8c\xfb\xa3\x93\x13G\xd8\xd6\x955\xd1\
\xb4&)qE\x18\xadL,\x18\xa3\x14b\x8cP\x16\
\x0cQF(\xc5\x01`\xa2\x8cQ\x8a\x02\xc1E\x18\xa5\
\xc5\x01a)\xae\x81\xd4\xaf\xad?\x14b\x93I\xab0\
(\x10A\xc1\xea*[g\xc3m=\x0fJu\xcc\x5c\
\x87\x1d\xf85\x060r\x0f5\xe0>l5oO\xc5\
\x1an\x8b\xd4RF\xdeb\x06\xfc\xe9q^\xf4d\xa4\
\x94\x91\x9d\x82\x8a1F*\x82\xc1\x8a\xab4>_+\
\xf7\x7f\x95Z\xc5\x18\xf5\xe6\xb0\xafB5\xa3g\xb8\xd6\
\x85\x0aQR\xcd\x01O\x99~\xef\xf2\xa8\xb1^\x05Z\
r\xa7.Ynk\x19X1F)\xc3\x9a1Y\x1b\
\xa7q\xb8\x14`S\xb1F(\x18\xdcQ\xb6\x9d\x8a1\
@\x86m\xa3m;\x14b\x80\x1b\x83F\x0d;\x14b\
\x80\xb0\xccQ\x8a~(\xa6\x16#\xc0\xa3\x02\x9f\x8a0\
(\xb8Xf\xdaM\xb5&\x05\x1bh\xb8\x11\xe0\xd1\x83\
O\xdbF\x0d\x17\x02<Q\x8a~(\xc5;\x80\xccQ\
\x8av\x05\x1bh\xb8\x86b\x8cS\xb6\xd1\x83N\xe07\
\x14\x98\xa7\xe2\x93\x14\x5c\x06\xed\xa4\xc1\xa7\xe2\x80)\xad\
]\x86\x95\xc4\xe9R\xdbG\xe6\xcc\xa3\x1c\x0eM3\x15\
v\xca=\x91\x17=[\xa7\xd2\xbb\xe8C\x9aI\x1dP\
\x8d\xdd\x8dm6<+\xc9\xeap*\xe52\xde?*\
\x04^\xf8\xc9\xa91^\xecU\x91\xecB6\x8aBQ\
\x8a\x5cQTX\x98\xa3\x14QL\x04\xa3\x8aZ(\x01\
1I\x8av(\xc5\x007\x14b\x97\x14P\x03qT\
\xf5\x19v\xc6\x22\x1d[\x93\xf4\xab\xdd:\xf0+\x1ay\
\x0c\xf2\xb4\x87\xa1\xe9\xf4\xa8\xa9++\x18\xd6\x95\xa3n\
\xe4F\x99+l\x89\xdb\xd0T\xb5^\xf4\xe2\x0c\x7fx\
\xe2\xb9j;E\xb3\x8aN\xca\xe4v\x1cF\xff\x00Z\
\xb3W4\x18\x87\xd8\x09 \x1d\xcez\x8a\xb3>\x9f\x1c\
\x80\x94\xf9\x1f\xdb\xa1\xaa\xa1M\xfb(\xb4iN\x83p\
M\x19T\x10\x08 \x8c\x83\xd4S\xe4\x8d\xa2r\x8e\xb8\
aM\xc52\x1afe\xc4^L\xa5G#\xa8\xa9\xf4\
\xfe\x92\x0f\xa5%\xf8\xfd\xe2\x9fj[\x01\xf3I\xf4\x15\
\xc1\x05\xcb^\xc8\xe7\x8a\xb4\xcbX\xa3\x14\xb4W\xa0t\
\x09\x8aB)\xd8\xa3\x14\x01\xa5\xa7\x7f\xc7\xa8\xf7&\xac\
\xe2\xa0\xb1\x18\xb4O|\xd4\xf5\xd5\x1d\x91\xdf\x05\xee\xa1\
1E-\x15E\x0d\xc5b\xf8\x8e>m\xe4\xfa\xadn\
b\xb2\xfcB\x99\xb2F\xfe\xeb\xff\x00:\xe7\xc5+\xd2\
\x91\x86!^\x9b(xgS]\x1b\xc4\x16:\x8c\x8a\
\xcc\xb6\xf2o*:\x9e\x0f\x15=\xfd\xec\xda\x8d\xfd\xc5\
\xed\xc3n\x96\xe2C#\x1f\xafA\xf9VBp\xea}\
\xea\xdd\xdc\xdeLd\x8f\xbcx\x15\xf3\x95wG\xce\xe2\
#\xef&Q\xbe\x97\xcc\x9b\x03\xa2\xf0*\xb6)\xc6\x93\
\x14-\x01++\x09\x8aJv))\x8c3E\x18\xa3\
\x14\x00b\x93\x14\xb9\xa2\x81\x0d\xcd-.)1@\x05\
iX\x8f\xf4q\xf55\x9bZ6\x0d\x981\xe8jg\
\xb1\x13\xd8\xef~\x12\x1f/\xc5m8\x19h\xad\xd9\x94\
~\x22\xbe\x8a\xb6\xd4-\xae\xa2\x12G2s\xd4\x13\x82\
+\xe6\x7f\x86\xf7\xcbe\xe2\xfbUr\x02\xdc#\xc1\xcf\
\xa9\x1c~\xa2\xbd\x90\x81\x9eEf\xe9\xa9#\x99\xd6t\
\xe4u7\xfa\xfd\xb5\xa0)\x16'\x97\xd0\x1e\x07\xd4\xd7\
5sq-\xe4\xa6Y\x9c\xb3\x9f\xc8\x0fAQ\x8c\x0a\
P2x\xaa\x855\x1d\x8cjV\x94\xf7\x1b\x83\x5c\xe7\
\x8a\xef7<VH~\xef\xcf'\xd7\xb0\xad-[\x5c\
\x8bNS\x1cEe\xb9\xec\xa3\x90\x9e\xe7\xfc+\x90y\
\x1eY\x1aI\x18\xbb\xb1\xcb1\xeekx.\xa6he\
\x14\xee\xa4\x0cd\x9e\x00\x1dMi\xae\x97k\xa6Y\x9d\
K_\x9dl\xed\x17\xa4g\xefH}09\xfc\x05[\
i\x0cn\x8b\xa2I\xaaI\xe6I\x94\xb5_\xbc\xe7\x8d\
\xde\xc3\xfa\x9a\xe4\xfe!x\xb2-r\xe6=3Na\
\xfd\x9bf~\xf2\xf4\x99\xfdG\xb0\xedQ\xf8\xab\xc7\xf7\
z\xecma\xa7\xa1\xb0\xd2\xf1\xb7\xcb^\x1eQ\xfe\xd1\
\xec=\x85s\x9av\x9du\xaa\xde\xc3aa\x01\x9a\xe6\
c\x84E\xfeg\xd0\x0a\xe7\x9c\xeeoN\x93\xbd\xde\xe5\
\xdf\x0cxv\xe7\xc5:\xc4Zm\xbeUO\xcf4\xb8\
\xe2(\xc7S\xfd\x05}\x05eem\xa7ZEgk\
\x1f\x97\x04*\x15\x17\xd8VO\x84<)k\xe1\x1d/\
\xec\xb1\x11-\xd4\xb8k\x9b\x8c\x7f\xacoA\xfe\xc8\xed\
[\xb5\xcb)\x5c\xf6\xf0\xf4}\x9cu\xdd\x89\xb7\xd0\xd2\
\x154\xecQ\x9a\x83\xa0gJ\x5c\xd3\xa8\xda\x0d\x007\
\x03\xb56I\x12\x14/+\xaa(\xeeMG{r\x96\
P\x19_\xe6=\x15\x7f\xbck\x99\xb8\x9e[\xa9L\xb3\
6\xe6?\x90\xfaSH\xd2\x9d7-M\x1dGX\xf3\
\xd4\xc3m\x95\x8c\xf0\xcez\xb7\xd3\xd2\xb2\xe9\xb2I\x1c\
1\x99eu\x8e5\xea\xccp\x05s\xba\x97\x8c\x11s\
\x1e\x9d\x18s\xff\x00=\xa4\x1c~\x02\x9bi\x1d)(\
+\x1d.8\xcfA\xefL2\xc48\xf3\xa2\xff\x00\xbe\
\xc5p\x91[j\xda\xeb<\xe8&\xb9\xc1\xc1r\xd8_\
\xa0\xa7\x9f\x0a\xea\xc3\xfe\x5c\xd7\xfe\xfe\x0a\x9eg\xd1\x07\
3\xecwC\xe6\x19R\x18z\x83\x9a\x5c\xd7\x044\xcd\
kNo28.b#\xf8\xa3l\x8f\xd2\xb7\xb4\x1f\
\x11\xb5\xe4\xc2\xc6\xfcl\xb9?q\xc8\xdb\xe6{\x11\xd8\
\xd3R\x1a\x91\xbf\x81G4b\x8a\xa2\x8az\xbe\x9e\xba\
\x9e\x9f-\xb7\xf1\x91\xba3\xe8\xc3\xa5y\xe1]\xc0\xab\
\xae:\x82\x0dz~q\xc8\xed\x5cw\x8c\xb4\x9f\xec\xbd\
]dA\x88o#\x13\xa7\xd7\xa3\x0f\xcf\xf9\xd4Mu\
3\x99\xe6:\x85\xa1\xb3\xbbx\xbf\x879_\xa5W\xae\
\x8b\xc4v\xbb\xed\xd6\xe0\x0ec8?C\x5c\xedt\xd3\
\x974nx\x95\xe9\xf2M\xa0\xa2\x8a*\x8c\x82\x8a(\
\xa0\x02\x8a(\xa5a\x85\x14QJ\xc0\x14QE \x0a\
(\xa2\x80\x0a(\xa2\x80\x0aJZ(\xb0\x84\xc5%:\
\x8aAa\xb4R\xe2\x8a\x00J(\xa2\x81\x86))i\
\xf1\xc6\xd2\xb6\xd5\x19\xa0M\xdbVGEK%\xb4\x91\
\xf5\x5c\x8fQQ\x80X\x80\x07&\x80ROT \x19\
8\x1c\x9a\xb1\x1d\x93\xbf,v\x8a\xb3ol!\x19<\
\xb7sZ\x9af\x8by\xaa\x9d\xd0\xa0X\xb3\x83+\xf0\
\xa3\xfci\xa8\x9c\xd2\xae\xdb\xb4\x0c\x85\xb2\x8dz\xe5\xa9\
\xff\x00g\x88\x7f\x00\xae\xde\xd7\xc2V0\x00g2\x5c\
\xb7\xd7j\xfeB\xacI\xe1\xcd)\xc6>\xc8\x17\xddX\
\x83W\xec\xd9\x16\x9b\xdd\x9e|\xd6\xb17\xf0\xe3\xe9U\
f\xb5h\xb9\x1f2\xfa\xfaWsw\xe0\xe8\x98\x13i\
p\xc8{$\x83#\xf3\xaer\xf6\xc6\xe3O\xb8kk\
\xa8\x8cr\x01\x9c\x1e\x84\x1e\x84\x1e\xe2\xa2Q\xb0)\xce\
\x1b\x98t\x95f{VV,\x83*\x7fJ\xaeF:\
\xd4\x9dq\x92\x92\xba\x1bE-\x18\xa4P\x94QE \
\x0a(\xa2\x80\x0a(\xa2\x81\x05#t\xa5\xa4n\x94=\
\x80Z(\xa2\x81\x85\x14Q@\x05.))i\x80\xb4\
QE\x00\x14Q@\x14\x00Q\x8a\x5cQL\x04\xc5w\
\x9e\x16\xf8\xabs\xe1\xbd\x1a=1\xb4\xe8\xee\x849\xf2\
\xdc\xbe\xdc\x02s\x82+\x84\xa2\x93W\x02\xde\xab\xa9\xdc\
k:\x95\xc6\xa3tT\xcfp\xfb\xdbh\xc0\xaa\x94Q\
T\x01F)qE\x00\x14QE\x00\x14QK@\xae\
%\x14\xb8\xa5\xa0\x04\xc5-\x14\x94\xc0Z(\xa2\x80\x0a\
(\xa2\x81\x85\x14Q@\x05\x14QL\x02\x8a(\xa6\x90\
\x05\x14QLW\x0a(\xa2\x80\x0a(\xa2\x9d\x80(\xa2\
\x8a\x00(\xa2\x8a\x00(\xa2\x8a\x00(\xa2\x8a\x00(\xa2\
\x90\xf4\xa6\x03\xb6\xb6\xdd\xfb[i8\xdd\x8e3\xf5\xa6\
\xe6\xbd\x97O\xf8\x89\xe0\x8b\xcf\x85\xef\xe1\xcdB\xdc\xda\
^Glc\x08!\xdd\xbaL\xe4:\xb0\xef\x9fZ\xf1\
\x91\x9c{\xd4\xc2M\xee\x01E.)j\xc0LR\xd1\
I\x9a\x00ZL\xd2QE\x80(\xa5\xc5\x18\xa6\x01\x8a\
\x05\x14\xb4\x08JZ(\xa0\x02\x8a1K\x8a\x00LS\
\xa9(\x06\xb2\xad\x0ee\xa1P\x95\x99z\xd2m\xe9\xb0\
\xfd\xe5\xfdEOY\xa3 \x82\x0e\x08\xe8j\xec7J\
\xff\x00+\x9d\xad\xfa\x1a\xe1=\x0au4\xb3&\xc5_\
\x8b\x12\xc2\x0bs\xc6\x08\xaaUb\xceNL~\xbc\x8a\
W:c\xd9\x8e{lr\x9f\x91\xa8YJ\xf0\xc3\x1f\
Z\xbbK\x8c\xf5\xadcU\xad\xceZ\xb8\x08KX\xe8\
PO\xdd\xb6\xe8\xd9\x91\xbdT\xe2\xadG\xa9j1\x7f\
\xab\xd4oS\xe93\x0as\xc5\x10R\xcc\x02\xa8\xeaO\
\x18\xac\x8b\x8b\xf2e>@\xc4c\x80O\x7fz\xd3\xda\
\xa3\x86\xa6\x0ap\xea\x8d\x09\xa6\x9e\xe7\xfe>.'\x9b\
\xfe\xbaHMG\xf2\xc6\xbd\x95Eg\x1b\xe9\xff\x00\xbc\
?*\x89\xe5\x92_\xbe\xc4\xd6\xb0\x5c\xca\xe6\x0e\x9bN\
\xcc}\xdc\xfe|\x9c}\xd1\xc0\xa8h\xc5.+CD\
\xac%\x18\xa5\xc5.)\x8cJ\x5cQE+\x80QK\
\x8a\x5cR\xb8XJ1K\x8aZ.11F)\xd8\
\xa3\x14\x80LR\xe2\x8a\x5cR\xb8\xec&(\xa5\xc5.\
(\x011F)\xd84\xa0d\xe0ri\x0c@\xa4\x9c\
\x0a\xb1\x1c\x01y<\x9atq\x88\xc7\xbdH\xaa\xceB\
\xa8,\xc7\x80\x07S^}|G7\xbb\x1d\x8e\xfa8\
~]e\xb8\xdcT\x90A-\xcb\xf9pF\xd2?\xa2\
\x8a\xd9\xb0\xf0\xcb\xbe$\xbe>Z\xff\x00\xcf%<\x9f\
\xa9\xed[\xf0[\xc7m\x1f\x97\x04k\x1a\x0e\xcb^m\
LTc\xa4u=ZX9\xcbYh\x8e~\xd7\xc3\
\x126\x1a\xeea\x18\xfe\xe2r\x7f:\xd7\xb6\xd2l\xad\
9\x8e\xddK\x7fy\xf95si\xf4\xa2\xb8\xe5Zr\
\xdd\x9d\xd0\xa1\x08l\x84\xc9\xe9F)h\xc5fj&\
*kk\xb9\xed\x0ea\x90\xa8\xee\xa7\x90\x7f\x0a\x8b\x14\
\xb4\x9aMY\x85\xcd\xeb-b\x1b\x92\x12P!\x90\xf4\
\xc9\xf9[\xf1\xad\x0cW#\x8c\xd6\x85\x86\xae\xf6\xb8\x8e\
l\xc9\x0f\xafu\xff\x00\x1a\xf3\xab\xe0~\xd5?\xb8\xd6\
5;\x9b\xdd)$D\x99\x0aJ\x8b\x22\x9e\xcc2)\
ct\x95\x04\x91\xb0dn\x84S\xb1^n\xa9\x9an\
s\xda\x8f\x81\xf4\x8b\xfc\xb4Q\xb5\x9c\xa7\xf8\xa2\xe9\xf8\
\xafJ\xe4uo\x05\xea\x9aXi\x11E\xdc\x03\xfeZ\
D9\x1fU\xeb^\x9f\x8aQ\x91\xc88\xae\xfa\x19\x95\
zZ^\xeb\xcc\xe4\xab\x83\xa7=\x95\x99\xe2C\x1f\x95\
.3\xda\xbdG[\xf0\x96\x9f\xad\x03&\xdf\xb3\x5c\xf6\
\x9a1\xd7\xea;\xd7\x9f\xeb\x1a\x1d\xf6\x870\x8e\xee?\
\x91\xbe\xe4\xab\xca?\xf8W\xbf\x84\xc7\xd3\xaf\xa2\xd2]\
\xbf\xc8\xf2\xeb\xe1gK}Ws)\xe1\xee\xbf\x95G\
\x8a\xb5\x8ak\xc6\x1b\xd8\xd7\xb1K\x13m$y\x95p\
\xc9\xeb\x12\xbe)qN\xdb\x83\x8cQ\x8a\xeb\xbd\xf68\
\xada\xb8\xab\xda6\xb1}\xe1\xfdF-CO\x97\xcb\
\x9e>9\xe5]OUa\xdc\x1a\xa9\x8a]\xb4\x9a\xba\
\xb3\x03\xd3\x13\xfb;\xc5\xb6/\xa9h\xe9\xe4\xdcF7\
]i\xf9\xcbC\xfe\xd2\xff\x00y~\x9d+\x9d\xb9\xb2\
*N\x00\xe7\xa8=\x0dsVww:u\xd4wv\
S\xbd\xbd\xc4G)\x22\x1eG\xff\x00Z\xbd\x07L\xd4\
-|cn\xcf\x14i\x06\xab\x1a\xee\x9e\xd5zL;\
\xbc\x7f\xd5k\x9eQh,ghZ\xfa\xe9\x10\xff\x00\
ej\x82I\xb4Wl\xab\x0ed\xb1s\xfcK\xea\xbe\
\xa2\xb6\xee\xac\xe4\xb0\x95>t\x91$\x02Hg\x8c\xe5\
%^\xcc+\x0e\xea\xc7\xf1\x07\xa1\xf5\xa5\xd1\xb5\x83\xa1\
+X\xdfD\xf7\x1a<\x8d\xb9\xa3_\xbfl\xdf\xf3\xd2\
?\xea*B\xc4\xb3h\x1am\xde\xb9s\xa8\xdd\xc5$\
\xd0\x5c1cn\xad\xb4\xa9#\x92\x0f\xaey\x15\xcd\xf8\
\x87\xc3\xb2\xe83\xa3\xac\x9fh\xb0\x9c\x9f\xb3\xdc\x81\x8d\
\xdf\xec\xb0\xec\xc3\xd2\xbb\xcb\xbb3l\x91O\x1c\xa9s\
g8\xdd\x05\xcc\x7fvA\xfd\x0f\xb5D\xad\x1bC-\
\xad\xcc\x22\xe2\xd2q\x89a'\x1b\xbd\x08=\x98z\xd3\
N\xc3<\xcb\x15$r\xb4g\x8e\x9e\x95\xa7\xe2\x0f\x0f\
I\xa1J\x92F\xe6\xe3O\x9c\x9f\x22\xe3\x18\xe7\xba\xb0\
\xec\xc3\xf5\xac\xaa\xde2\xb8\x9a\xb9q'G\x1dp}\
\x0d;z\x7f}\x7f:\xa3\x8aiZ\xb3\x19B\xdb\x1a\
\xcbm+\x7f\x0e>\xb5*\xd9\x1f\xe2\x7f\xca\xa7\x85\xfc\
\xc8c\x7fU\x14\xfcW\xd4\xd1\xcap\xe9);\xcb\xd5\
\xff\x00\x91\xc6\xeaH\x85mb^\xd9>\xf5(P\xbd\
\x00\x1fJ\x5cQ\x8a\xf4i\xd0\xa7O\xe0\x8aD6\xde\
\xe2b\x8cR\xe2\x8cV\x82\x12\x8av(\xc5\x00%U\
\xb8\xbb\xdb\xf2F~n\xed\xe9M\xb8\xba\xdf\x94\x8c\xe1\
{\x9fZ\xad\x8a\xe5\xab_\xa4Mc\x0e\xacL~4\
S\xa8\xc5r\x9a\x8d\xa2\x9d\x8a(\x00,X\x00z\x0e\
\x056\x9d\x8a1I$\xb6\x06\xdb\xdcLQ\x8a\x5cQ\
\x8a\x00LQ\x8a\x5cQ\x8a\x00LQ\x8a\x5cQ\x8a\x00\
LQ\x8a\x5cQ\x8a\x00LQ\x8a\x5cQ\x8a.\x16\x13\
\x14b\x97\x14b\x80\x1aT0*z\x1a\xa6\xc9\xb1\x8a\
\x9e\xa2\xafb\xa2\xb8\x8fp\xde:\x8e\xbfJ\xe1\xc7\xd1\
\xe7\x87:\xdd~C\x89\x0c\x0f\xb1\xf0O\x06\xadb\xa9\
\xe0U\x98\xe5_/.\xc0\x15\xeb\x9a\xc7\x01\x88I{\
9?B\x9c[\xd8~(\xc5W\x92\xfe\x14\xfb\xb9s\
\xedU\xdfP\x91\xbe\xe8\x0b\xfa\xd6\xf53\x1a\x10\xfbW\
\xf4:i\xe0+O\xa5\xbdM\x0cS\x1aH\xd3\xef8\
\x15\x96\xf3I'\xderi\x95\xc3<\xe7\xf9#\xf7\x9d\
\xb0\xca\x7f\x9e_q\xa6\xd7\x90\xaf\xf1n\xfa\x0a\xa8\xf3\
\xa6\xef\x90\x1cz\x1a\xafEpW\xc7\xd4\xad\xa4\x92:\
a\x96Q\x8e\xf7d\xbey\xec\xb4}\xa1\xbd\x05EE\
r\xfbIw7\x8e\x0e\x8cv\x89/\xda\x1f\xda\x8f\xb4\
?\xb5EE.yw/\xea\xd4\xbf\x95\x12\xfd\xa1\xbd\
\x05(\xb8\xf5Z\x86\x8a~\xd2]\xc9xJO\xec\x96\
\x04\xe8z\xe4S\xc3\xa3taU(\xaaUY\x8c\xb0\
\x14\xde\xce\xc5\xdcQ\x8a\xa6\x1d\x97\xa15*\xdc\xb0\xfb\
\xc0\x1a\xb5Uu9\xa7\x80\x9a\xf8]\xc9\xf1I\x8aD\
\x99\x1f\xbe\x0f\xa1\xa91Z)'\xb1\xc7(J.\xd2\
V\x19F)\xd8\xa3\x14\xc9\x1bF)\xd8\xa3\x14\x00\xcc\
Q\x8av(\xc5\x007\x14S\xb1I\x8a\x00n(\xc0\
\xa7b\x8a\x00f\xda6\xd3\xb1F)\x85\x86\xe0\xd2b\
\x9f\x8a(\x15\x88\xf0(\xc5?\x02\x93\x15\xb5%\xad\xcb\
\x82\xea\x22\xa1v\x0a:\x93\x8a\xd7\x86 \xd2$c\xa6\
@\xaav1e\xcc\x87\xf8x\x15\xa7b\xb9\xbaS\xe8\
\x09\xaf_\x09\x0d/\xdc\xed\xa1\x0f\xc4\xd2=h\xc5.\
(\xc5zg\xaa7\x14b\x9d\x8aLP\x02QKE\
0\x1b\x8a1K\x8a1@\x09\x8a1K\x8a(\x011\
E-\x14\xc0\xa9\xa8M\xe5\xc3\xb0}\xe7\xfeU\x99S\
\x5c\xcb\xe7\xcc\xcd\xfc=\x07\xd2\xa2\xc5sNWg\x0d\
IsJ\xe2U=A\xb9E\xf4\xe4\xd5\xdcVm\xe3\
o\x9d\x80\xed\xc0\xae\x5cL\xad\x0b\x18Uv\x89\xd0\xe9\
\x11\xec\xd3`\x1d\xc8'\xf5\xabt\x90G\xe5\xc1\x12\x7f\
u@\xa7\xe2\xbd\x0ak\x96)\x1e\x9c\x15\xa2\x91OP\
\x88<\x1b\xf1\xf3'\xf2\xac\xccV\xd5\xc8\xcd\xbc\x9f\xee\
\xd68\xe9QSs\x9a\xba\xf7\xaeg\xdf\xff\x00\xadQ\
\xe8)\xdax\xff\x00X~\x95\x1d\xdbn\xb8\x7fn*\
{\x05\xfd\xdb\x1fS^l\x1f5{\xfa\x9cQ\xd6e\
\x8cQ\x8a\x5cQ\x8a\xee6\x13\x14R\xd2\x1e\x86\x805\
\xad\x17m\xacc\xda\xa5\xa6\xc01\x04c\xfd\x91O\xc5\
u\xad\x8fF;!1IN\xc5\x18\xa61\xb5KZ\
]\xdad\xbe\xc4\x1f\xd6\xaf`\xd5]Ms\xa7\x5c\x0f\
\xf6\x7f\xadEezr^L\xce\xaa\xbc\x1f\xa1\xca\xe7\
\x04\x1a\x8e\xe2S<\x85\x8f\x03\xb0\xf4\xa9;T\x06\xbe\
n}\x0f\x9f\xaa\xb6cqE:\x92\xb32\x1b\x8a)\
\xd8\xa4\xa6\x03qA\xa7b\x93\x14\x00\xd3F)h\xc5\
0\x13\xa5\x19\xa2\x8cP\x01Vl$\xd9)C\xd1\xbf\
\x9dV\xe4P\x0e\x0e{\xd2j\xe2j\xea\xc6\xe2;\xc5\
\x22K\x13\x94\x91\x1820\xea\x08\xe4\x1a\xf6\xff\x00\x09\
\xf8\xa2\xdb\xc5zx\x95J\xa5\xf4@\x0b\x98;\xa9\xfe\
\xf0\xf5\x07\xadxE\xad\xc0\x9d0O\xce:\xd5\xbbk\
\x99\xec\xae\x12\xe6\xd6i \x9e?\xbb\x22\x1c\x11Y\xa7\
frT\xa7}\x0fv\xbf\xd4n,\x89\xc6\x9b,\xc8\
::\xb0\xc1\xfe\xa2\xb9\xdb\xdf\x10\xdf]\x02\x9b\xc5\xbc\
}\xd58?\x89\xac=+\xe2\xde\xa1n\xa2=R\xc6\
;\xccu\x96&\xf2\xdc\xfdGC[K\xf1K\xc3w\
 \x1b\x9bK\xb4>\x8d\x10o\xe5Z\xc6q9\xdd9\
.\x85\x04R\xed\xb5\x15\x9d\x8fe\x19&\xb5l|3\
}xA\x91E\xba\x1e\xed\xcb\x1f\xc2\xa0\x97\xe2\xaf\x87\
\xed#?c\xb3\xba\x95\xcfE\x08\x10~&\xb9\x1d\x7f\
\xe26\xb5\xad\xab\xc1\x0b.\x9dj\xdc\x18\xe19v\x1e\
\xed\xd7\xf2\xa6\xea\xf6\x05NL\xeb\xb5\x9f\x13\xe8~\x0b\
\xdd\x05\x94k\xa8\xea\xa0`\x8d\xdf,g\xfd\xa3\xd0}\
\x05y\xa6\xb1\xac\xea\x1a\xfd\xe1\xbb\xd4\xae\x1ay\x7f\x84\
tT\x1e\x8a;U,*)9\x00z\xd7_\xe1/\
\x86\xda\xa7\x896]\x5c\xee\xd3\xf4\xd3\xcf\x9a\xe3\xe7\x94\
z\x22\xff\x00SX\xca}Y\xd5J\x8d\xdd\xa2\xb59\
\xfd\x13B\xd4<G~,t\xdbs4\xbd]\x8f\x0b\
\x18\xf5c\xda\xbd\xc3\xc2\x1e\x0d\xb1\xf0\x85\x99H\x0f\x9f\
y(\xfd\xfd\xd3\x0c\x17\xf6\x03\xb2\xd6\x96\x8f\xa2\xd8x\
~\xc5lt\xdba\x04\x03\x93\xdd\x9c\xfa\xb1\xeej\xee\
k\x09N\xe7\xabC\x0e\xa9\xea\xf7\x0aL\x0av)1\
Ru\x09\x82(\xfa\xd2\xf2)s@\x09@\xe6\x97\x02\
\xa9\xea\xf7+e\xa6M;\xc8\xb1\xae6\xefc\x803\
H\x12\xbb\xb1\x89\xa9]\x9b\xdb\xa2\xcb\x93\x1a|\xa8?\
\xad`j\xfe\x22\xb5\xd2\xb3\x12\x8f\xb4\x5c\xff\x00\xcf5\
</\xd4\xd6F\xb3\xe2\xa6\x985\xbe\x9aY\x22\xe8\xd3\
\xff\x00\x13}=\x05s\xa3\xae\x00$\x93\xd3\xa9&\x93\
\x97c\xae\xe9+\x22\xc6\xa1\xa9]jry\x97r\xee\
\x03\xa2\x0e\x15~\x82\xb44?\x0d\xc9\xa9\xe2\xe2\xe7t\
V\x9d\xbb4\xbfOA\xefZ\x1a'\x85q\xb6\xe7R\
L\x9e\xa9o\xfd[\xfc+\xa7\xc7\xff\x00XzP\xa3\
\xd5\x8dF\xfa\xb28\xa2H\x22X\xa1E\x8e4\x18U\
^\x82\x9d\x9aZ>\xb5\xa1a\x93\xebQ\xcdo\x0d\xc6\
\x0c\xd1$\x85NA#\x90}\x8dI\x8a0h\x18Q\
E\x14\x00\x84dqL\xf8\x99\xa6\x87\xf0\xfd\x9d\xd8\x1f\
5\x9b\x85?\xee\xb0\xc7\xf3\xc5\x5c\xd3\xe0\xfbE\xec1\
\xf6\xdd\x93\xf4\x15\xa7\xe2\xfbqw\xe1}R2?\xe5\
\x89a\xf5\x07529\xebKT\x8f\x10\xbb\x87\xcf\xb6\
\x96\x22>\xf2\x9a\xe2\xc8\xc1\xc5w \xf0\x0dq\x97\x91\
\xf9WR\xa7\xa3\x1a\xba\x0ftp\xe3c\xb3!\xa2\x8a\
+\xa0\xe0\x0a(\xa2\x80\x0a(\xa2\x90\x06h4Q@\
\x06(\xa3\xad\x18\xa40\xa2\x8a)\x00QE\x14\x00Q\
E\x14\x80(\xa2\x8a\x04\x14QE!\x89\x8a)h\x00\
\xb1\x00\x0c\x93@\x85\x8a6\x95\xc2\xaf_\xe5Zp[\
\xed\xdb\x14J\xce\xecp\x02\x8c\x964\xd8!\x10G\xee\
z\x9a\xf5\xef\x87\xde\x0b\x1a5\xb2j\xd7\xf1\x8f\xed\x09\
\x971\xa3\x7f\xcb\xba\x1f\xfd\x98\x8f\xca\x9e\xc7$\xa4\xea\
\xca\xcbc\x88\x7f\x87^'KAs\xfd\x9d\xbb#&\
1\x22\xef\x03\xdcW=sc-\xa4\xdb.m\xa4\x82\
U\xed\x22\x10k\xe8\xa2\x089\xfdk\xcd>+kf\
\xee\xf2\xdfB\x83\x0e\xd0\x90\xf3\x1cr\x5c\xfd\xd5\xcf\xb0\
\xfet&\xc2t\xd2WG\x07dmR\xea6\xbcG\
x\x01\xcb*u5\xde\xd8_\xd9\xea\x11\x0f\xb1H\xa5\
Pc\xcb\x03\x05\x07\xd2\xb2\xb5\x1f\x09\xdb&\x9a\xad\x13\
\x88\xae \x8f29\xfb\xb2z\xe7\xd2\xb9\xdd\x19\xe6\x8f\
U\xb5h\x09\x12\x17\x03\xea;\x8a\xd1^$F\xf0v\
g\xa0R\x11R0\x1b\x8f\xa54\x8cV\x86\xc3\x08\xa3\
P\xd0\xd3\xc4\x9a\x14\xd0\x85\x1fn\xb3\xcb\xdb\xbfr:\
\x94>\xc6\x9ckS\xc3\x8eR\xf9\xc7\xf7\x93\xf9\x1a\x99\
\xad\x06\xb5\xd0\xf1\xccg\x820}*\x09!IA\xc8\
\xc1\x1d\xeb{\xc5\xd6\x0b\xa7\xf8\x97P\xb6A\x84\x12\xee\
Q\xec\xdc\xff\x00Z\xd8\xb6\xf0\xeax\xa3\xc3p]\xda\
\xa6\xcdN\x00cb\x07\x13`\xf0\x1b\xd0\xe3\xbdc\xb9\
\x8c%\xca\xecy\xec\xb14M\x83\xf8\x1aeh\xcf\x11\
ude*\xeaH \xf5\x04v\xac\xea\x97\xa1\xd9\x19\
\x5cCIN\xa4\xc5\x05\x09E)\x14\x94\x80(\xa2\x8a\
@\x14\x8d\xd2\x96\x91\xbaP\xf6\x10\xb4QE1\x85/\
J1K@\x09KE\x14\x00QE-\x00\x14QE\
0\x0a(\xa2\x80\x0a(\xa5\xc50\x12\x96\x8a(\x00\xa2\
\x8a(\x00\xa5\xa0\x0aZ\x05a1KE\x14\x0c(\xa2\
\x8ab\x0a\xe9\xadu\xbf\x0a\xa7\x85\xa6\xb1\xb8\xf0\xdb6\
\xaf\xb3lw\xa2s\x82\xd9\xfb\xc4v\xe3\xb5s4R\
j\xe3\x0a(\xa2\xa8\x02\x8a(\xa2\xc0\x14b\x8cQ\x9a\
`\x14\x99\x07\xbd(\xc6FrFFq\xe9^\xa3\xe3\
\xe9\xfe\x1e\x5c\xf8N\xdd\xf4O!5 \x10@\xb0+\
\x06\xc7\xf1\x093\xfdy\xa8\x94\xf9ZV\xdc\xa5\x1b\xa6\
\xcf.\xa2\x8a+B\x02\x8a(\xa6\x01E\x14P\x01E\
\x14P\x01E\x14P\x01E\x14P\x01E\x14S\x00\xa2\
\x934\x94\xc0\x5c\xd2R\xe2\x8a\x001KE\x14\x00R\
f\x8a(\xb0\x09E.(\xa7`\x0cQKE1\x09\
KE\x14\x80(\xa3\x14\xb4\x08LR\xd1I\x9a\x00Z\
L\xd2\xe2\x94\x0cS\x18\xd03N\xc5\x14\x99\xa4\x03\xb3\
\x8a^\xb4\xccR\xf4\xac'EKTi\x19\xd8\x95&\
\x92>\x15\x8e=*t\xbdu \x95\x04\x8e\x84UP\
M.\xea\xc1\xd1\x92\xe8m\x1a\xd6\xd9\x9a\xa3Z_\xf9\
\xf7?\xf7\xd51\xf5\xa9\x0f\xfa\xb8U}\xd8\xe6\xb3r\
(\xcdO\xb2\x97cG\x89\x97rY\xeef\xb9?\xbd\
r\xc3\xd3\xb0\xa8\xb3E\x18\xadaC\xf9\x8eyU\xb8\
b\x8a\x5cQ];\x19\x06(\xa5\xa3\x14\x05\x82\x8cR\
\xe2\x97\x14\xae1\xb8\xa5\xc5.)qJ\xe0&(\xc5\
-.(\xb8XLQN\xc5\x00R\x18\x98\xa5\xc5.\
)q@\x0d\xc5.)@\xa9\xe1\xb4y\x06O\xca\xbe\
\xb4\xae\x0d\xdbr\xbe*X\xed\xe5\x93\xee\xaf\x1e\xa6\xaf\
\xc7m\x1c]\x17'\xd4\xd4\xb8\xa5\xccf\xeav)-\
\x81\xfe'\xc7\xd0T\xd1\xdaG\x1fL\x93\xefS\xe3\x1d\
h\xdc\xbe\xa2\xa5\xeb\xa3%T\x92wLh\x89\x7f\xba\
)\xca6\x1d\xcb\xf2\x9fQ\xc5'\x98\x9d7\x0a\x968\
&\x9b\xfdU\xbc\xf2\x7f\xbb\x195*)t\x13\x9c\x9e\
\xecn\xe6\xfe\xfb\x7f\xdfF\x80\xce:;\x8f\xf8\x11\xab\
K\xa4\xeaL24\xeb\xc2?\xeb\x8bS\x1e\xc2\xf6/\
\xf5\x96WK\xf5\x89\xbf\xc2\x9d\x89\xbf\x98\xc4\xba\xb8\x8f\
\xee\xcf \xfcj\xc4z\xcd\xf4\x7f\xf2\xd88\xf4e\x15\
M\x81\x8f\xef\xab\xa7\xfb\xcaE\x01\x95\xba\x10k9R\
\xa7/\x8a+\xee6\x86\x22\xac>\x195\xf3f\xbc^\
!\x7f\xf9kn\xa7\xddN*\xec:\xcd\x9c\xd8\x06C\
\x11\xf4q\x5c\xe6)q\x5c\xb52\xfa2\xd9[\xd0\xed\
\xa5\x9b\xe2a\xbb\xbf\xaf\xfc\x03\xafB\x1cnF\x0c=\
A\xcd.+\x91\x8aY m\xd1;!\xf5SZ6\
\xfa\xf5\xc4x\x13\x22\xcc=z\x1a\xe1\xab\x96N:\xc1\
\xdf\xf0=J9\xd5)iQr\xfe+\xfc\xcd\xdd\xb4\
\xb8\xaa\xf6\xba\x95\xad\xde\x02I\xb5\xff\x00\xb8\xdc\x1a\xb2\
F+\xcf\x9c%\x07i+3\xd7\xa7R5\x174\x1d\
\xd1b\xc6\xfaK\x092\xbf4m\xf7\x93\xd7\xdc{\xd7\
G\x0c\xd1\xdcD\xb2\xc4\xdb\x91\xbb\xd7)V\xb4\xfb\xe7\
\xb1\x97wX\x9b\xef\xaf\xf5\xae\x1cV\x15T\x5c\xd1\xdf\
\xf36\x84\xad\xb9\xd2\xd1\x8aDu\x91\x15\xd0\xeeV\x19\
\x04w\xa7b\xbcfn&*;\x8bhn\xe0{{\
\x88\xd6X\x9ca\x91\x87\x06\xa5\xc5\x18\xa1;;\xa15\
}\x19\xe7\x1e&\xf0|\xba>\xeb\xbb=\xd3Yw\x1d\
Z\x1f\xaf\xa8\xf7\xaes\x8a\xf6\xac\x0e\x84\x02\x0f\x04\x1e\
\x86\xb8/\x16\xf8G\xec;\xf5\x1d:2m\xba\xcb\x08\
\xe7\xca\xf7\x1e\xdf\xca\xbe\x87/\xcc\xf9\xedJ\xb6\xfd\x1f\
\x7fS\xc9\xc5`\xf9=\xf8lr,\xa1\x85DA\x07\
\x06\xac\x0eE5\x93p\xf7\xaf\xa2\xa3[\x95\xd9\xecx\
\xd5\xa8\xf3.e\xb9\x0e(\xc5;\x14b\xbb\xaep\x09\
\x8a|2\xcdm<s\xc1#\xc54grH\x87\x05\
O\xa8\xa4\xc5.)=t`z\x16\x8d\xac\xc1\xe3\x08\
\xccN\xa9\x0e\xb4\xa3/\x10\xe1/\x00\xfe%\xec\x1c\x0e\
\xa3\xbdT\xba\xb2\x18'\x07\x1f\xa8>\xf5\xc4)tu\
\x927d\x91\x0e\xe5e8*}A\xae\xf3H\xf1\x12\
x\x8d\x04W{SWQ\xc9\xe8\xb7\x83\xd7\xd08\x1f\
\x9da(\xd8\x0c\xfb\x0dB\xf7\xc3\xee\xebl\xabqg\
)\xfd\xf5\x94\xbf\xea\xe5\xf7\x07\xf8[\xdcV\xfd\x9f\xd9\
5\x8bg\xbb\xd2$y\x04c3ZI\xfe\xba\xdf\xea\
?\x88{\x8a\xce\xbc\xb5Q\xc8\x1f+v\xf4\xac\x89U\
\xac\xaeR\xf2\x09\xe4\xb5\x9e\x1f\x99.#8d\xff\x00\
\x1a\x80:eh\xde) \x9a%\xb8\xb5\x9cbX[\
\xa3\x8f\xafb;\x1a\xe2\xb5\xfd\x04\xe8\x93#\xc5/\x9f\
e>|\x99\x0f\x0c1\xd5Xv#\xf5\xae\xe3\xcd\x9e\
\xe6\xda\xdek\xd8c\x86\xfaE\xdd:\xc66\xaf\xb3\x11\
\xfc$\x8eH\xa4\x8fF\xb0\xd4\xec\xbf\xb5u\xd7\xf24\
8\x0e\xe5#\x89.\xdb\xa7\xcb\xdc.\x7f:i\xd8\x0f\
3\x18=1HF\x0d_\xd6\xae \x9fS\x96Kk\
$\xb2\xb6\xe0C\x0a\x83\xc2v'<\x92j\xbd\xe5\x9c\
\xf6W\x06\x0b\xa8^\x19\x80\x0ccq\x86\x00\x8c\x8c\x8f\
\xa5o\x09\xdc\x8a\x8bCKLm\xd6h?\xbaJ\xd5\
\xaa\xcf\xd1\xdf\x89c\xfa0\xad,W\xdbe\xf59\xf0\
\xf0~V\xfb\xb4<\xe9\xabI\x8d\xa3\x14\xec\x1a6\x9a\
\xec n)qK\xb6\x94\x80\x06I\xc0\x14\xae\x03N\
\x00\xc98\x02\xa8\xdc\xdcy\xbf\x22d'\xf3\xa5\xb8\x9f\
\xce;W!\x07\xebP\xe0W\x1dj\xd7\xf7c\xb1\xb4\
!mX\xdcQN\xc0\xf4\xa5\xc7\xb5s\xdc\xd0f(\
\xc1\xa7\xe2\x8c\x1a@3\x06\x97\x06\x9d\x8a\x5cP\x036\
\x9a6\xd3\xf1F(\xb8\x0c\xdbF\xda~(\xc0\xa2\xe0\
7h\xa3h\xa7\xe0Q\x81@\x0c\xc0\xa3\x02\x9f\x81F\
\x05\x003\x02\x8c\x0a}\x14\x00\xcc\x0a0)\xf4b\x90\
\x0c\xc0\xa3\x02\x9ex\xe4\x9a\xa9>\xa3\x14|'\xce\xdf\
\xa5gV\xb4)+\xcd\xd8\xd2\x95)\xd4v\x82\xb9c\
\x02\xab\xcdy\x04Y\x04\xee>\x82\xb3\xe6\xbb\x96\x7f\xbc\
\xd8\x1e\x83\xa5C^E|\xd9\xedI|\xd9\xebQ\xca\
\x96\xf5_\xc9\x13=\xc31;F\xd1P\x92OS\x9a\
(\xaf\x19\xc9\xbd\xcfR\x9d\x18SV\x82\xb0QE\x14\
\x8d\x02\x8a(\xa0\x02\x8a\x06O@M8D\xe7\xf8M\
\x16li7\xb0\xda*O\xb3\xc9\xe8?:_\xb37\
\xf7\x85W$\xbb\x15\xc9.\xc4TT\xbffo\xef\x0a\
>\xcc\xdf\xde\x14rK\xb0{9v\x22\xa2\xa5\xfb3\
z\x83H`\x93\xd0~trK\xb0rK\xb1\x1d\x14\
\xe3\x13\x8f\xe14\xd3\x91\xd4\x11R\xd3D\xb4\xd6\xe1E\
\x14P \xa7\xa4\xae\x9d\x0f\x1e\x94\xca(N\xc2\x94T\
\x95\xa4\x8bq\xdc\xa3p\xc3i\xa9\xb1\x9ek:\x9f\x1c\
\xcd\x1fC\xc7\xa5k\x1a\xbd\xce\x0a\xd8\x04\xf5\xa6^\xc5\
&)\xb1N\x92\xf1\xd1\xbd*]\xb5\xaa\x92g\x9b:\
r\x83\xb4\x90\xccQ\x8av(\xc5;\x93a\x98\xa3\x14\
\xfcRb\x98\x86b\x8cS\xf1F(\x02<{Q\x8a\
~(\xc5\x17\x01\x98\xa4\xc5?\x14b\x98\x11\x91IO\
\xc5Im\x1f\x992\x83\xd0rk\xb2\x9c6\x8a7\x8c\
z\x17 \x8b\xca\x89W\xbfSWt\xf1\xfe\x90\x7f\xdd\
5\x5c\x8atn\xd1H\xb2/U\xfdk\xd9\x85\xa3c\
\xb6\x0dE\xa3_\x14b\x99\x0d\xc4s\x8f\x94\x80{\xa9\
\xea*R1]i\xdc\xefM=P\xccQ\x8au\x14\
\xee1\xb4\x94\xfcRb\x81\x0d\xc5\x18\xa7m\xa4\xdbL\
cqE;\x06\x92\x8b\x80\x95^\xfa_*\x02\x07\xde\
~\x05Y$\x00I8\x03\x92k&\xe6cq)\x7f\
\xe1\xe8\xa3\xda\xa2r\xb22\xab;D\x83\x14b\x96\x8c\
W9\xc64\xf0\x09\xf4\xe6\xb3\xad\xd0\xcfw\x12\x7f}\
\xc5^\xba; o~)\xba\x1c^e\xfa\xb7h\xd4\
\xb5r\xd6\x5c\xf5#\x036\xb9\xa7\x18\x9d\x09\xeah\xa5\
\xc5&+\xd6=R+\x8f\xf5\x12\x7f\xbak\x1b\xa0\xcf\
\xa75\xb5p?q'\xfb\xa6\xb0\xee\x1be\xbb\x9fl\
W=gmN\x5cC\xb3L\xcbo\x98\x96\xf59\xad\
\x0b5\xc5\xba\xfb\x92j\x81\x1cV\xa4I\xb2$_j\
\xf3p\xaa\xf2l\xe0\xa4\xb5\xb8\xb4b\x97\x14Wy\xd0\
6\x90\x8c\x83N\xa0\x8e)\xdc\x0d\x94\x18\x8d\x07\xb0\xa5\
\xc5*\x8f\x95~\x82\x8cWa\xe8\x89E.(\xa0\x04\
\xaa\xfa\x80\xcd\x85\xc7\xfb\x86\xac\xe2\xa0\xbf\xff\x00\x8f\x1b\
\x8f\xf7\x0dMO\x85\xfa\x13?\x85\x9c\x80\xfb\xa3\xe9P\
w\xab\x03\xee\x8f\xa5Bk\xe6*t>z\xa7A\xb8\
\xa4\xa7b\x8cT\x5c\xc8m\x14\xb8\xa4\xa7p\x13\x14\x98\
\xa7\x1aJ\x04%&)\xd4b\x98\x0d\xa4\xc5:\x93\x14\
\x5c\x04\xa3\x14\xb8\xa2\x98\x08\xac\xc8\xc1\x94\xe0\x8a\xbd\x0e\
\xa0\xa4\x01(\xc1\xf5\x15F\x82)5r\x5cS6\x16\
Tq\x95`\x7f\x1avEbc\x15{J\xd4\x0d\x95\
\xc0\xf39\x89\xf8`y\xc7\xbdD\xa3et(\xd2M\
\xd9\xbb\x17@\xdc@PI=\x00\x19&\xbaM\x0b\xe1\
\xdf\x88\xb5\xed\xae\x96f\xd2\xd8\xff\x00\xcb{\x9f\x94~\
\x03\xa9\xa6\xdb\x5c=\xb4\xd1]Z\xb8\x8eX\xc8x\xe4\
P8>\xb5\xec~\x16\xf1D^(\xb12\xb1\x09}\
\x08\x02\xe2,\xf4\xf4a\xec\x7fJ\xe6\xf6\xd7;V\x01\
GY;\x99>\x1a\xf8c\xa2\xe8\x0c\x97\x17\x03\xfbJ\
\xf5y\x12\xcc\xb8D?\xec\xa7\xf8\xd7^\xc4\x93\x93\xcd\
\x18\xc5\x15-\xdfs\xa20\x8cU\xa2\x84\xa3\x02\x96\x8c\
Qr\x86\xe2\x8c\x1av)(\x01)x\xdaX\xe0(\
\xe4\xb1\xe0\x0a\xc2\xf17\x8c,|4\xbeS\x8f\xb4\xdf\
0\xca\xdb!\xc6\x07\xab\x1e\xc2\xbc\xcf\x5c\xf1>\xab\xe2\
\x16\x22\xf2\xe0\xac\x1dE\xbc_*\x0f\xf1\xfci7b\
\xe3\x06\xce\xfb\x5c\xf8\x89\xa5i{\xa1\xb1\xff\x00\x89\x8d\
\xc8\xe3\x08q\x1a\x9fv\xef\xf8W\x9d\xeb^ \xd4\xbc\
A0\x93P\xb8.\xaa~HTb4\xfa\x0f\xeak\
?\x01G`\x05k\xe9>\x1b\xbb\xd4\xb6\xcb(6\xd6\
\xc7\xf8\xd8|\xcd\xf4\x1f\xd6\xa6\xed\x9a\xc6\x0b\xa1\x9bi\
iq\x7f8\x82\xda#$\x87\xb7`=I\xed]\xa6\
\x8b\xe1\xeb}$\x09\x5c\x89\xee\xbb\xc9\x8e\x13\xd9G\xf5\
\xad\x0b\x1d>\x0d>\x01\x0d\xac[\x13\xb9\xeaX\xfa\x93\
S\xec>\x86\xadF\xc6\xf1\x85\x84\xc5&)pE\x15\
E\x09F)h\xc5\x00&(\xa5\xc5%0\x0a0\x0d\
\x15f\xc2\xc5\xaf\xe7\x11\x8c\x84\x1c\xbbz\x0a\x04\xdd\x95\
\xd9\xa5\xa0\xda\x14\x8d\xee\x98r\xff\x00*};\x9ao\
\x8b\xee\xc5\x8f\x85\xf5)\x8fS\x16\xc5\xcfr\xc7\x15\xb0\
\xaa#P\x88\x00U\x18\x03\xd0W\x15\xf1SQ\x11i\
vzr\x9f\x9a\xe6O1\x87\xa2\xafO\xd4\xd4\xb6q\
7\xcd+\x9eh\x06\x00\x15\xc7\xea\xa7:\x84\xf8\xfe\xf5\
u\xec\xc1\x14\xb3p\x14d\xd7\x134\x86Y^C\xfc\
D\x9a\xba\x0bV\xcc1\xb2\xd1!\x94QEt\x1ex\
QE\x14\x00QE\x14\x00QE\x14X\x02\x8a(\xa4\
\x01\xd6\x8cQFiXaE\x04Q@\x05\x14QH\
\x02\x8a(\xa4\x01E\x14P\x01Wl\xa0\xc0\xf3Xr\
zU{h\x0c\xd2s\xf7G&\xb74\xcd6\xe3W\
\xbf\xb7\xd3\xec\xd3t\xf3\xb6\xc4\x1e\x9e\xa7\xe8\x074\xd2\
\xear\xd7\xa8\xfe\x04u_\x0d<,5\x9dI\xb5+\
\xb8\xf7YY\x11\x80G\x12\xcb\xd8~\x1dk\xd7\x18\x12\
I<\x93\xd6\xa1\xd24{}\x07L\xb7\xd3m\x07\xee\
\xa0\x5cn\xee\xecz\xb1\xfa\x9a\xb4\xcbR\x5c#\xca\xac\
P\xd4\xf5\x18t\x8d:\xe7P\xb8\xff\x00Wn\x85\xc8\
\xf5=\x87\xe2k\xc6\xfc7\x14\xda\xd6\xb9>\xa9vw\
21\x95\xc9\xee\xed\xd0~\x1f\xd2\xba\xbf\x8b\xda\xe6\xc8\
\xedt8\x9b\x96\xfd\xfd\xc0\x1e\x9f\xc0?\xadW\xf0\xf6\
\x98t\xed.\x18\xc8\xc4\xb2\xfe\xf2O\xa9\xe8?*\xba\
q\xbb\xb9\x13w\x95\xbb\x14<a{\xf6m5m\x94\
\xfc\xf7-\x83\xfe\xe8\xebX\xde\x0e\xb5\xf3\xb5F\x9c\x8f\
\x96\xdd3\xf8\x9e\x05W\xf15\xf8\xbf\xd5\xe5*\xd9\x8a\
\x1f\xdd\xa7\xe1\xd4\xfeu\xd1\xf8B\xcf\xec\xfaI\x9d\x86\
\x1a\xe5\xb7\x7f\xc0G\x02\xafy\x19/z~\x86\xbe\x05\
&\xd3R\x15\xf4\xa6\xd6\x86\xc3\x08\xad\x0f\x0f\x8f\xf8\x98\
\x8f\xf7\x1a\xa9\x11\x9a\xd1\xf0\xf2gQ\xe3\xb2\x1a\x99l\
\xc6\xb78\x0f\x88\xa0\x0f\x17^c\xfb\xb1\xe7\xfe\xf9\x15\
\xd9|\x1d\x91N\x91}\x1e@u\xb8\x07\xf0\xc5p\xfe\
<\x98M\xe2\xfdH\x8e\x8a\xe1?%\x15c\xc32M\
mdd\x8aW\x8c\x99\x09\x05M`\xa1\xcc\xac`\xa7\
\xcb6\xc6\xfcI\xd3\xa1\xd3\xfcY;@F\xcb\x95\x13\
\x10:+t5\xc3L1#\x0fz\xeb\xbca\xa86\
\xa1\xa9Bd\x0a\x1e(B\xb6\xde\xf5\xc9\x5cs3\xfd\
i5m\x0e\x9ar\xbe\xa4tPE\x15&\xc2Q\xd6\
\x96\x8a\x00m\x14\xb4\x94\x00R7JZF\xe9I\xec\
\x02\xd2\xe2\x80)i\x80QE\x14\x00P(\x14\xb4\xc0\
(\xa2\x8a\x00(\xa2\x8a`\x14QK@\x06(\xa2\x8a\
\x00(\xa2\x96\x80\x0a)UK\x1c\x01\x93V\xa3\xb4\x1d\
\x5c\xfe\x02\x9aW\x22u\x14w*\xd1Z\x0b\x12/D\
\x14\xa6$a\xca\x8a\xaeC\x1f\xac\xae\xc6u\x15j[\
A\x8c\xc7\xf9US\xc5&\xacm\x09\xa9\xea\x82\x8a(\
\xa4XQE\x14\xc0(\xa2\x80)\x80b\x8a3E\x00\
\x14QE1\x05%-\x14\xc0(\xa2\x8a\x00(\xa2\x8a\
\x00(\xa2\x8a\x00(\xa2\x8a`\x14QE\x16\x00\xa2\x92\
\x8c\xd3\xb0\x06i(\xa5\xc5\x00\x18\xa2\x96\x8a\x00(\xa4\
\xcd\x19\xa2\xc0\x19\xa2\x8a1L\x03\x14R\xd1LBR\
\xd1E \x0a+\xbe\xf0/\xc2[\x9f\x1cxz\xff\x00\
Y\x8bV\xb6\xb4[R\xca\xb12\xee,\xc0g\xe69\
\xf9Ep#\x91R\xa4\x9b\xb2\x00\xc5-\x14\x99\xab\x10\
\xb4\x99\xa5\x02\x97\x14\x0c@)q\x8a3I\x9a@.\
i3K\x8aP(\x18\x80f\x8cR\xd2\xd0\x02b\x8a\
Z1@\x05\x18\xa5\xa5\xc5 \x12\x97\x14Q@\x05-\
\x18\xa5\xc5+\x85\x84\xa2\x97\x14\xb8\xa5q\x89\x8a\x5cR\
\xe2\x8a@\x18\xa3\x14\xb8\xa5\xc5\x03\x13\x14b\x9d\x8a1\
H\x04\xc5-.)q@\x0d\xc5-.)qJ\xe0\
&)UI \x01\x92iB\x92q\xde\xb4-\xed\xc4\
#'\x96?\xa5&\xc9\x94\xac2\x0b@\x98g\x19o\
OJ\xb3\x8aZ\xb9\xa4\xe8\xf7\xda\xed\xe0\xb4\xd3\xad\xcc\
\xd2\xf5c\x9c*\x0fV=\xaaL\x1b\xbe\xac\xa4HQ\
\x92p+\xa3\xd0<\x03\xac\xeb\xa1f1\x8b\x1bF\xff\
\x00\x96\xf3\x8eH\xff\x00ez\x9a\xef<5\xf0\xfbM\
\xd0v\x5c\xddm\xd4/\xc7>c\xaf\xc9\x19\xff\x00e\
\x7f\xa9\xafH\xd3t\x00\xea\xb3\xdf|\xccy\x11\xf6\x1f\
Z\x1bQ\xd5\x99\xa99\xbb@\xf3\x9d\x1f\xe1\x9e\x85h\
\x06\xfbY\xb59\x87W\x97;\x7f\xef\x91\xc5o\xaf\x82\
\xec\x80\x1b|=n\x07o\xdd\x0a\xf4\x14\x8d#P\xa8\
\xa1@\xe8\x00\xa7VN\xb7dk\xf5k\xef#\x82O\
\x0f\xc7h2\x9a<1\x81\xdc@\xbf\xe1OV1\x9d\
\xaa<\xbcv\x0b\xb6\xbb\xba\x86\xe2\xce\x0b\xb5\xdb4J\
\xe3\xdcsMW\xee\x89\x96\x13\xb38\xbf2O\xef\x9f\
\xce\x83+\xf4\xdeM]\xd5\xb4\xa6\xd3\xa4\x05Ih_\
\xee\x93\xd4\x1fCT6\xd6\xe9\xa6\xae\x8eIE\xc5\xd9\
\x88\xe9\x1c\x83\x12E\x1b\x8f\xf6\x90\x1a\xce\xbb\xf0\xd6\x87\
|\x0f\xdat\x9bG'\xb8M\xa7\xf4\xad=\xb4`S\
\x15\xecr\x17\xbf\x0b\xf4\x1b\x9c\x9bW\xba\xb2c\xdd_\
x\xfc\x8ds\x9a\x8f\xc2\xbd^\xd8\x16\xb0\xb9\x82\xf9\x7f\
\xba\x7fv\xff\x00\xaf\x15\xeax\xa2\xa6\xc8\xb5RH\xf0\
+\xfd:\xf7J\x93\xca\xbf\xb4\x9a\xd5\xbf\xe9\xa2\xe0\x1f\
\xc7\xa5W\xc5}\x09,iq\x11\x8ax\xd2h\xcfT\
\x91w\x03\xf9\xd7#\xac\xfc1\xd2o\xf7I\xa6\xbbi\
\xb3\x1f\xe1\x1f<G\xf0=?\x0a\x97\x13X\xd5Os\
\xcav\xe6\xaf\xdaj\xd7\x16\xb8V>t\x7f\xddn\xa3\
\xe8j\xc6\xb9\xe1m[\xc3\xcd\x9b\xebc\xe4g\xe5\xb8\
\x88\xee\x8c\xfe=\xbf\x1a\xca\xfat\xacjS\x8c\xd7,\
\xd5\xce\xaa5\xe7I\xf3\xd3v:\x9bK\xe8/W\xf7\
M\xf3wC\xd4T\xf5\xc8\xa9e`\xcaJ\xb0\xe8A\
\xe4V\xce\x9f\xad\x07\x22+\xb2\x03v\x93\xb1\xfa\xd7\x8f\
\x89\xcb\xe5\x0fz\x9e\xab\xf1>\x8f\x05\x9b\xc6\xa7\xb9[\
G\xdf\xa3\xff\x00/\xc8\xe9\xb4{\xff\x00\xb3\xc9\xf6y\
\x0f\xee\x9c\xf0O\xf0\x9f\xfe\xbdo`\xd7\x22W\xd6\xba\
-\x22\xf7\xedPyns,|\x1f\xf6\x87c_5\
\x8e\xa1\xff\x00/#\xf3=\xear\xe8]\xc1\xa3m:\
\x8cW\x9aj&\xda0=\x01\xcf\x04\x1e\xf4\xb8\xa3\x14\
\x01\xe7\x1e0\xf0\xc7\xf6D\xc6\xf6\xd1\x7f\xd0\xa5<\xa8\
\xff\x00\x96-\xe9\xf45\xceb\xbd\x9e{x\xae\xa1\x92\
\x09\xd0I\x14\x8b\xb5\x94\xf7\x15\xe5Z\xfe\x89&\x85\xa8\
\xb5\xb3\x12\xd17\xcd\x0c\x87\xf8\x97\xfcE}6Y\x8e\
\xf6\xab\xd9\xcf\xe2_\x8a<\x5cf\x1b\xd9\xbex\xec\xcc\
\xb7\x5c\xf3L\xc5M\x8aa\x5c\x1a\xfa\x1a\x15/\xee\xb3\
\xc5\xc4R\xb7\xbc\x86\xe2\x8cS\xb0iv\x9a\xe9\xb9\xcb\
a\xb8\xa3\x18 \x82U\x81\xc8#\xa84\xfd\x94m\xe3\
\x8e\xb4\x9b\x03j\xcf\xc4r\xce\x047\xcf\xf3\x8f\xbb&\
>\xf7\xd7\xdf\xde\xb5\xf4kAtN\xb1t\xab\xf6H\
\x98\x8btn\x938\xea\xc7\xfd\x95\xfdMT\x96\xf3\xc1\
RxU\xe0\x8fF\xbe\x8f^\xda\xa1gi\x8b#6\
~f\xf4\x03\x19\xe3\x15\x9d\xe1\x8b\x9d:\xd3T\x07Z\
\x96s\xa7\x22\x17x\x10\x92&a\xf7W\x1e\x99\xac$\
\xac#\xba]6\xdem)u\xadf\xe9\xad\xf4\xd6r\
\xef\x13\x0f\xde]\xaflz\x02\x7fJ\xc2\xd5uk\xdf\
\x17_F\xcf\x12\xc3\x04\x7f\xea-\xc7\xdd\x85GBj\
\xbd\xee\xbfw\xe3mP\xc9*\x85\x11\xff\x00\xa8\xb6\x1f\
v%\xf5\xae\x87C\xd0me\xb4\x93Q\xd4n~\xc7\
\xa0Z\x9d\xf7\x17G\x86\xbaa\xd1\x13\xbe3\xe9\xd6\xa4\
\x03@\xd1\xec4\xdbg\xf1W\x88a\xd9\xa5\xe9\xcd\xfe\
\x89\x04\x8b\xfb\xcb\xc9\xbb\x1czg\xa0\xfck\xce\xf5k\
\xe9\xf5}F\xe7S\xba\xff\x00]w+JG\xa6O\
\x03\xf0\x1cWI\xe2\xdf\x10^\xf8\xce\xe5o\x0c\x06\xdb\
I\xb5\xf9m-}\x17\xbb\x1fRk\x9e\xba]\xd0\x93\
\xe9\xcdDk.t\x91\xa3\xa4\xf9\x1bdZl\xa2\x1b\
\xa1\xb8\xe1X\x10Mm`\xd7>\xa7k\x03\xe8kV\
\xde\xe8\xc66>J\xf6=\xc5}\x86O\x88J\x9b\xa7\
.\x8f\xf3<\xca\xb0\xbe\xa8\xb7\x8a\x5cR+\xa3\x8c\xab\
\xa9\x14\xc9.b\x8f\xf8\xb7\x1fA^\xdb\x9cR\xbbf\
\x092C\x802N\x00\xeaj\x8d\xc4\xfeq\xda\xbc \
\xfdi\xb3N\xf3}\xee\x17\xfb\xa2\xa3\xae:\xb5\xf9\xb4\
\x8e\xc6\xd1\x85\xb5bb\x96\x96\x8cW9v\x12\x8a\x5c\
Q\x8a\x02\xc2QK\x8a1@\xec%\x14\xb8\xa3\x14\x00\
\x94R\xd2\xd0\x03h\xc5:\x8cP\x03h\xa7`\xd1\x83\
@\x09F)ph\xc1\xa0\x04\xc5\x18\xa5\xc1\xa6M4\
v\xeb\xbaF\x03\xd0w52\x92\x8a\xbc\x9e\x83\x8c\x5c\
\x9d\x96\xe3\xb1Un/\xe2\x83\x81\xf3\xb7\xa0\xaaW:\
\x8c\x93eS\xe4On\xa6\xaaW\x8f\x89\xcd>\xcd\x1f\
\xbc\xf5\xf0\xf9g\xda\xab\xf7\x13Ow-\xc1\xf9\x9b\x0b\
\xfd\xd1\xd2\xa1\xa2\x8a\xf1\xa79M\xf3I\xdd\x9e\xbc!\
\x18+EY\x05\x14QRPQSAi=\xc7\xfa\
\xb8\xce\xdf\xef\x1e\x05Z6\x10\xda\xa837\x9b!\xe8\
\x83\x81\xf8\xd5\xc6\x0d\x9a\xc6\x94\xa4\xafm\x0c\xf0\x09\xe8\
3R,\x0ez\xe0}j\xc8\xc7`\x07\xd2\x8a\xb5M\
u-Q]H\x85\xb2\x8e\xa4\x9ax\x8d\x17\xa2\x8au\
\x15j)\x1a(%\xb2\x0e\x9d(\xa2\x8ae\x05\x14Q\
@\x05\x14Q@\x05\x14Q@\x05\x07\x9a(\xa0\x06\x18\
Q\xbf\x87\x1fJ\x8d\xad\x8f\xf0\xb6}\x8dOE'\x14\
\xc8p\x8b)\xb2\xb2}\xe0E%]\xeb\xc1\xa8\x9e\xdd\
O\xdd\xf9O\xe9Y\xba}\x8c\xa5I\xf4+\xd1J\xc8\
\xc8p\xc2\x92\xb22\xd8*\xcc\x17ep\xb2r=}\
*\xb5\x14\xd3h\xca\xa5(\xd4V\x91\xac0\xc3#\x90\
h\xda+>\x0b\x86\x84\xe3\xaa\xf7\x15\xa2\x8e\xb2(e\
9\x06\xb6\x8c\xaex\xf5\xf0\xf2\xa4\xfc\x86\xed\x14m\xa7\
\xe2\x8cU\x18\x11\xed\xa4\xdbRb\x8cS\xb8\x88\xf1I\
\x8a\x97\x14\x9bh\xb8\x11\xe2\x91\x87\x15&\xdac\x0ek\
Jj\xf2**\xec\x8f\x15v\xca=\xb1\x97#\x96\xfe\
UUc,\xc1GRqZa6(Q\xd0\x0cW\
\xab\x85\x8d\xe5\xcd\xd8\xea\xa5\x1dn\x18\xa4\xc5.(\xae\
\xe3k\x09\x8a\x91.f\x8f\xee\xc8q\xe8y\xa6QM\
;\x0d6\xb6,.\xa3(\xfb\xca\x8d\xfaT\x83R\xf5\
\x87\xf25N\x8cU\xf3\xcb\xb9j\xac\xd7R\xef\xf6\x92\
\x7f\xcf6\xfc\xe9\x7f\xb4\xa3\xff\x00\x9eoT1F(\
\xf6\x92\x1f\xb6\x91{\xfbJ?\xee=\x1f\xdaQ\xff\x00\
\xcf7\xaa8\xa4\xc5?i \xf6\xd2/\xff\x00iG\
\xff\x00<\xdf\xf3\xa6\xb6\xa6\xbd\xa2o\xc4\xd5,QG\
\xb4\x90{i\x12\x5c]Iq\xc3|\xab\xfd\xd1Pb\
\x9dF*[\xbe\xe6m\xdfV7\x14\x98\xa7b\x8cP\
\x22\x9e\xa0\xdc\x22}M^\xf0\xec8\x8ei\x8f\xf1\x10\
\xa3\xf0\xac\xdb\xd6\xdd;z(\xc5t:\x5c\x1eE\x84\
+\x8eH\xdc\x7f\x1a\xe7\xa0\xb9\xf1\x0e]\xbf\xe1\x83\x0f\
\x1ej\xb7\xecX\xa3\x14\xeaLW\xa7s\xd1\x22\xb8\x1f\
\xb8\x93\xfd\xd3\x5c\xed\xf3b%_\xef\x1a\xe8\xee\x07\xfa\
<\x9f\xee\xd73~\xd9\x91W\xfb\xa2\xb8\xf1\xb2\xb4\x0e\
,c\xb2+*\xee`=N+T\x8cV}\xaa\xef\
\xb8OnkJ\xb9\xb0\x8bF\xcejKF\xc6QN\
\xa3\x15\xd6j6\x90\xd3\xb1HE\x00m\x01\xf2\x8f\xa5\
.(\x1ft}\x05-v\x1e\x88\xda)qF(\x01\
*\xb6\xa3\xc5\x85\xc1\xff\x00b\xac\xd5]X\xed\xd3g\
>\xc0~\xb55]\xa1/FEO\x81\xfa\x1c\x98\x18\
\x1f\x85FjlqQ\xe2\xbef\xa7C\xe7\xeat\x19\
\x8aJ~)1Y\x99\x8d\xc5&)\xd8\xa3\x14\x08a\
\xa3\x14\xeaLP\x03M\x18\xa7b\x93\x14\xee\x02Rb\
\x97\x14u\xa6+\x0d\xc5\x14\xb4S\x01\xb8\xa4\xc5;\x14\
Qp\x12\x93\x14\xb8\xa2\x9d\xc0\xdb\xd0u@\xa4ZN\
\xdc\x1f\xf5l{{WQ\xa7j\x17ZE\xf4W\xb6\
R\xf9s\xc4x=\x98w\x07\xd4\x1a\xf3\xbek\xa4\xd1\
5\x8f<\x0bk\x86\xfd\xe0\xfb\xac\x7f\x8b\xff\x00\xaf\x5c\
\xb5\xe9}\xa8\x9d\xf8j\xff\x00bG\xd0>\x1d\xf1\x0d\
\xaf\x89,>\xd3n6H\x98\x13@O17\xf5\x07\
\xb1\xad@Exn\x97\xaa^h\xb7\xa9{c)\x8e\
U\xe0\x8e\xce\xbd\xc1\x1d\xc5z\x9e\x89\xe2\xfbmZ\xd1\
gx\xcav}\xbc\xecoB+\x04\xeeu:o\xa1\
\xbfF)\xb0\xcd\x15\xc2\xee\x86E\x90{\x1ay\x14\xcc\
\xc4\xc5fx\x93W:\x0e\x87u\xa8 \x0d,`,\
@\xf4\xdeN\x07\xf8\xd6\xa7J\xe7\xbc\x7fnn|#\
z\x14d\xc4R_\xc074\x0d-O\x22\x96I'\
\x95\xe6\x9aF\x92Y\x18\xb3\xbb\x1c\x96>\xb5oO\xd1\
\xaf\xb5B\x0d\xbcX\x8f\xbc\xaf\xc2\x8f\xf1\xaaq\x94\x0e\
\x86@L{\x86\xe0;\x8c\xf3^\xa3mn\xd7-\x1c\
\x16\xa80@\xd8\x07\x00-Lcs\xaa+\xb9\x87\xa6\
xb\xcfO+$\xdf\xe9S\x8e\x8c\xc3\xe5S\xec+\
j]\x03V\xd4\xb9\x86\xf6[$=\x0e\xc5\xfe\xbc\xd7\
Ie\xa5\xc3d\x03`I/w#\xa7\xd2\xaeg=\
j\xf4\xd9\x19\xca\xb2\xda'\x9e_\xfc9\xd6\xccfK\
}s\xedR\x7f\xcf9\x09L\xfe=+\x93\xd4l5\
\xdd\x0d\xf1}\x1d\xed\xb7\xa3\xee%O\xe28\xafo\xc5\
\x07\xe6R\x8c\x03)\xea\xac2\x0d+\x19\xaa\x8f\xa9\xe2\
\x16\xde%\xd5m\xf0E\xd7\x9a\xbe\x92(j\xdc\xd3\xfc\
cm1\x09{\x11\xb6o\xef\xaf\xcc\x9f\xe2+\xab\xd6\
\xbe\x1eh\xfa\xae\xe9m\x94\xe9\xd7'\x9d\xf1\x0c\xa3\x1f\
u\xe9\xf9W\x9e\xeb\xde\x15\xd5<:\xc5\xaf \x0fo\
\xfc71r\x87\xeb\xe9\xf8\xd2\xbbF\xb1\xa9s\xb7F\
Y\x11]\x19]\x1b\x90\xcar\x0d.+\xcf\xb4\xadb\
\xe7H\x93t\x0d\xbe\x16\xe5\xe1c\xf2\xb7\xd3\xd0\xd7s\
a}\x06\xa7l\xb76\xcd\x95<2\x9e\xa8}\x0d\x5c\
d\x99\xb2\x95\xcb\x1d(\xa34\xa0\x16 ($\x93\x80\
\x07z\xa2\x87An\xf7S,1.]\xbfOz\xe9\
\xed,\xe3\xb2\x80E\x1f=\xd9\xbb\xb1\xf5\xa8\xf4\xdd<\
XC\x83\x833\xfd\xf3\xe9\xedW\x00$\x809\xcdI\
\xc9V\xa73\xb2\xd8\x8eY\xa3\xb6\x86I\xe7q\x1c1\
)ws\xd1@\xaf\x12\xf1\x1e\xb9'\x88\xf5y\xaf\xdc\
\x15\x8c\xfc\x90\xc6\x7f\x81\x07O\xcf\xadu_\x12|P\
.d:\x0d\x9b\xe6(\xcen\xddO\xdfn\xa1>\x83\
\xbdy\xdd\xfd\xf4V\x10\x19$\xe4\x9f\xba\xbd\xd8\xd4\xbd\
]\x90\xa3h\xaefR\xd7\xef|\x8bo!O\xcf/\
_a\x5c\xd5Kss%\xdc\xcd,\xa7,\xdf\xa5E\
]t\xe1\xca\xacyu\xaa\xfbI\x5c(\xa2\x8a\xd0\xc8\
(\xa2\x8aV\x00\xa2\x8a)\x00QE\x14\x00QE\x14\
\x00QE\x14X\x00R\xd2QH.\x18\xa2\x8e\xb4b\
\x90\xc2\x8a(\xa4\x01J\xaaX\x809&\x92\xafXA\
\x81\xe6\xb0\xff\x00v\x8b\x11Rj\x11\xb9<\x11\x08\x22\
\x0b\xdf\xa95\xec_\x0b<&t\xcd8\xebwi\xb6\
\xee\xf1q\x0a\xb7X\xe2\xf5\xfa\xb7\xf2\xae+\xe1\xf7\x84\
\xcf\x8au\xa1\xf6\x85?\xd9\xf6\x98\x92\xe0\xff\x00{\xfb\
\xa9\xf8\xff\x00*\xf7B\xa3\xf8@\x00p\x00\xe8\x07a\
C\xecr\xd1\x8b~\xfb!#\x15[P\xbf\xb7\xd2\xac\
g\xbf\xbbm\xb0[\xa1w>\xbe\x83\xf15{i$\
\x0crk\xc8\xfe+\xf8\xa8^\xdd\x8d\x06\xceL\xdb\xda\
\xb6\xeb\x86^\x92I\xd9~\x83\xf9\xd4\x9bN\x5c\xaa\xe7\
=a\xe7\xf8\xbb\xc4\xf2\xdf\xde\x02C?\x9d(\xec\xaa\
>\xea\xff\x00!]N\xb9\x7f\xfd\x99\xa6Os\x90$\
\xc6\xc4\xff\x00x\xf1QxcJ\xfe\xcb\xd3\x17z\xe2\
y\xff\x00y'\xb0\xec+\x9f\xf1\xb6\xa3\xe7\xdf%\x8a\
\x1f\x92\xdb\x97\xf7s\xfe\x02\xba\x12\xe5\x89\x85\xf9cw\
\xb9\xcf\xda\xdb=\xed\xccV\xc9\xcb\xca\xc1\x7f\xc6\xbd:\
8\x12\x08\x92\x18\xc6\x125\x0a\x07\xb0\xaeS\xc1\x1aw\
\x99q.\xa0\xeb\xf2\xc46G\xee\xc7\xa9\xfc\xab\xaf+\
D\x16\x97\x0aJ\xca\xe4eH\xa4\xebRc\x14\x84\x03\
VjDEk\xf8]\x01\xbf\x95\xcfD\x8f'\xe9\x9a\
\xcb+V\xe0\xba\xfe\xcb\xd0u\x9dC81A\xb5~\
\xa7\x81\xfc\xea*|,i\x9eS\xab]\xfd\xb3S\xbc\
\xba<\xf9\x93;~\x19\xae\xbaK+]\x0f\xc2\xb6W\
\xb3\xcc\x22\x99\xa3\xdc\x22<\x99\x98\x9e0+\x87\x03\xe5\
\xe7\x9a//&\xb9q5\xdc\xef+\x81\xb4\x17=\x00\
\xec=+$\xecsB<\xccl\xf3\xbc\xf2\xbc\xf2\x9c\
\xbb\x9d\xcck)\xdbs\x13\xeajY\xee\x0c\xbf*\xf0\
\xbf\xce\xa1\xa8gt#`\xa44\xb4R,J(\xc5\
\x14\x00R\x11KE\x00&)\xad\xd2\x9dH\xdd)=\
\x80u\x14P\x05\x00\x14\xb8\xa0\x0a)\x80QE\x14\x00\
QE\x14\xc0(\xc5.(\xa0\x02\x8a(\xa0\x02\x8a*\
{X\xf7\xcb\xcfA\xcd\x02n\xca\xe4\x90\xda\x0cn\x93\
\xaf\xa5N#\x8f;B\x8e;c\xa5nx[\xc3s\
x\x9bQ0+\x98m\xe2\x1b\xa7\x98\x0c\x95\x1d\x80\xf7\
5\xab\xe3\x99l4\x9f/\xc3\xbaM\xbaC\x14@I\
r\xc3\x97\x91\x8f*\x0b\x1fN\xb5j',\xea\xebc\
\x8eX\xd1\x09*\xa0\x13W\xf4\xcd\x22\xefV\x90\xad\xb2\
\x0d\x8b\xf7\xa4n\x15h\xd24\xb95k\xd5\xb7C\xb5\
>\xf4\x8f\xfd\xd5\xafB\xb7\xb7\x8a\xd6\x14\x82\x04\x09\x12\
\x0c*\x8a\xe8\xa7N\xfe\x87\x97\x8b\xc5\xfb=\x16\xac\xc2\
\xb6\xf0]\x92(\xfbD\xf3L\xdd\xf6\xfc\xa2\x9f?\x82\
\xf4\xf9\x13\x10\xcb</\xd8\x93\xb8~U\xd0\x05=\x81\
\xa7ym\xd4\xf0=\xcdn\xa9\xc7\xb1\xe5\xbc][\xdf\
\x98\xf3}SH\xba\xd2&\x11\xdc\x00U\xbe\xe4\x8b\xf7\
_\xfc\x0dc\xdeE\x8f\xde\x0f\xc6\xbdWS\xb3\xb7\xd4\
,\xa5\xb4\x9aH\xc6\xf1\x95%\x87\xca\xdd\x8dy\xac\xb1\
\x1c<n9\x19S\xf5\xaez\x94\xecz\xf8\x1cS\x9e\
\xafu\xb9\x97E8\xc6\xc0\xe3i\xa6\x90GQ\x5c\xe7\
\xb6\x9aaF(\x14t\xa61i(\xa2\x80\x0a(\xa2\
\x98\x82\x8a(\xa6\x01E\x15-\xad\xac\xf7\xd7\x11\xdbZ\
\xc2\xf3O)\xda\x91\xa0\xcb1\xf4\x14\x01\x15\x15\xa1\xae\
x{U\xf0\xdd\xd8\xb4\xd5\xac\xa4\xb4\x99\x94:\xab\xff\
\x00\x10=\xc1\x15\x9fBwW@\x14QE;\x00Q\
E\x14\x00QE%0\x16\x934Q\x8a\x00J\x5cR\
\xd1@\x05\x14\x94f\x80\x0aJ^\xb4b\x98\x05\x14R\
\xd3\x10QEX\xb6\xb42\xfc\xcd\xc2\xff\x00:\x99I\
E]\x82\xd4\x81\x11\xa48U$\xd5\x94\xb0s\xf7\x98\
-]DX\xc6\xd5\x00\x0ar\xab9\xc2)c\xe8\x05\
r\xcb\x10\xde\xc6\x8a\x08\xaa\xbazwf4\xf1g\x10\
\xfe\x1c\xd5\xf4\xd3\xae\x9f\xfeY\xed\xf7cR\x8d&~\
\xef\x18\xfck'VO\xa9\x5c\xa5\x18\xb7\xc1\x14\x91E\
,\xb1\xc7&7\xa29\x01\xbe\xb5\x09\xb2\x88\xf4\x18\xad\
_\xec\x89\xbf\xe7\xa4t\x87H\xb8\x1d\x0cg\xf1\xa4\xaa\
Iu\x0e_#\x1d\xb4\xe1\xfc.G\xd4TMe\x22\
r\x00o\xa5k\xc9eq\x10\xcbDq\xea9\xa82\
3\x8e\xfe\x95j\xbc\xd0\xb9\x11\x92\xc0\xa9\xc1\x04\x1am\
l<k \xc3(?Z\xa75\x89_\x9a?\x98z\
V\xf0\xaf\x17\xa3\xd0\x97\x16T\x034\xa0b\x97\x184\
WA!E\x14\xb8\xa5p\x12\x97\x14b\x97\x14\x80J\
\x5cQKH\x04\xa5\xa3\x14\xa0Qq\x89\x8a\x5cR\xe2\
\x97\x14\xae\x02b\x8cR\xd2\xe2\x90\x09\x8aZ\x5cQ\x8a\
.;\x09\x8a\x5cR\xe2\x97\x14\x80J\x5cR\xe2\x8cQ\
p\x12\x97\x14\xb84\xbbi\x5c\x04\xc5.\xdaZ\x5cR\
\x18\x98\xa2\x97\x15$1y\xb2\x01\xdb\xbd!=\x09\xed\
 \xc0\xf3\x18rzU\xae\xb4\xa0`q]\x17\x82|\
(|O\xa97\x9f\xb9t\xfbl5\xc3\x0e\xaeOD\
\x1fZ[\x9c\xd2\x97V7\xc2~\x0b\xbc\xf1D\x9eq\
cm\xa7\xa1\xc3\xdc\x11\x92\xdf\xec\xa0\xee}\xeb\xd74\
\xbd*\xcbD\xb2[->\x01\x04+\xd4\x0eY\xcf\xab\
\x1e\xe6\xad\xc7\x14p\xc4\x90\xc3\x1a\xc7\x14cjF\xa3\
\x01G\xa0\xa7b\xad+\x1c\x92\x9b\x91{B\xb5\x177\
\xe0\xb0\xca\xc47c\xd4\xf6\xae\xaf\x06\xb9\xdf\x0dJ\xa9\
y$g\x83\x22\x8c{\xe2\xbaNk\x96\xb3\xf7\x8e\xdc\
2\x5c\x82m\xa3\x02\x97\x06\x8c\x0a\xc8\xe9\x13\x8fJ)\
x\xa2\x803\xf5\xc8\x84\xbad\xd9\xea\xb8a\xf9\xd7'\
\x8a\xe9\xbcEx\xb1Z}\x9c\x1f\xdeK\xdb\xd0\x0a\xe6\
\xb9\xf4\xae\xaa?\x09\xe7\xe2m\xcf\xa0b\x8a6\x93K\
\xb3\xde\xb5\xb9\xce%&i\xfbE\x18\x14\x80m.)\
\xd4P1\xa5r\xa5\x19C+\x0c\x15a\x90~\xa2\xb8\
\xcf\x11|3\xb3\xbf\xdfq\xa3\xb2\xd9\x5c\x9eL'\xfd\
T\x87\xff\x00e5\xda\xd1\x8a\x1a\xb8\xe3&\xb6<\x06\
\xfa\xc2\xefK\xbb{K\xebw\xb7\xb8N\xa8\xdf\xcc\x1e\
\xe2\xa0\xafv\xd6\xf4+\x0f\x10\xd9\xfd\x97P\x8bp\x1f\
\xea\xe5^\x1e#\xea\x0f\xf4\xaf \xf1\x1f\x86o<1\
x \xba\xc4\x90\xc9\xfe\xa6\xe1G\xcb(\xfe\x87\xda\xa1\
\xab\x1d0\x9f1\x16\x97\xaa\x9blA9&\x1e\xcd\xdd\
?\xfa\xd5\xd2Z\xdc\xb5\xac\xe9<|\xe3\xd3\xa3\x0a\xe2\
\xf1Z\xda6\xa0bak1\xfd\xdb}\xc6?\xc2}\
>\x95\xe4c\xf0Ji\xce\x0b\xd5w>\x87+\xcc\x5c\
Z\xa3U\xe9\xd1\xf6\xf2=!\x1ddEt9V\x19\
\x06\x96\xb34+\x82\xd1\xbd\xb3\x9eS\xe6_\xa7z\xd5\
\xc5|5j~\xcen'\xd6E\xdd\x5cm\x18\xa7b\
\x8cVC\x13\x15\x97\xe2=\x115\xdd5\xe0\xe0N\x9f\
<,{7\xa7\xe3Z\xb8\xa2\xae\x9dIS\x92\x9cw\
D\xce\x0aqq\x91\xe2\xc5\x0a1GR\xac\xa4\xab)\
\xea\x08\xa0\x8c\x8e\x95\xd6\xf8\xf7F\x16\xd7i\xa9\xc2\xb8\
\x8e\xe0\xed\x94\x0f\xe1q\xdf\xf1\xaeS\x15\xf6xlB\
\xab\x05V'\xceV\xa4\xe3'\x09\x11\xe2\x8cS\xca\xd1\
\xb4W\xaf\x19)+\x9eD\xe1\xca\xec\xc6\xe2\x8cS\xb1\
K\x8aw$n\x0d\x1b3\xd7\x14\xecR\xed\xa0f\x87\
\x87\x1bI\x83Sk\x8dji\x96\xd2(\xcb\x18!\xc8\
{\x93\xda<\xf6\x1e\xa6\xaf\xeb^-\x97\xc5\x9a\x84\x1f\
\xda(\xb6\xbae\xbf\x16\xd61\x7f\xaa\x87\xd3>\xbfZ\
\xe7\xfc\xb1\x9c\xd2\xe0V5)\xb9&\xae8\xbb;\xb3\
\xad\xfc\x061\xc6:b\xb1\xf5;\x0f)Y\xe3\x1f\xba\
n\xa3\xfb\xa6\xa3\xd3u6\xb6\xc43\xe4\xc3\xd8\xf7O\
\xfe\xb5n\x80\xac\xbc\xe1\x91\x87\xe0ExMO\x0f=\
OV\xf1\xad\x03\x89\xab\x88w\x22\x9fQQ]\xc1\xe4\
]K\x17@\xac@\xfaT\x96\xf81\xe3\xd0\xd7\xda\xe5\
\x95\x17>\x9dQ\xf3\xd3\x8d\x9d\x98\xfc\x0a1O\xc0\xa3\
\x1e\xd5\xed\x19\x8d\xa3\x14\xecR\xe2\x8b\x80\xcc\x1a\x5c\x1a\
v(\xc5\x17\x01\xbbh\xdbN\xc5\x18\xa0\x06\xed\xa3\x02\
\x9d\x8a(\x010(\xc0\xa5\xfc)qE\xc0n=\xa8\
\xa7`\xd1\x83@\x09F)ph\xc5 \x13\x14b\x97\
\x14\xb8\xa0\x06\xe2\x8cP\xec\x91!w`\xaa;\xd6=\
\xee\xa4\xd3\x12\x91eS\xd7\xb9\xae|F*\x14\x15\xe5\
\xbfc\xa3\x0f\x85\x9dgh\xed\xdc\xb3y\xa9,9H\
\xb0\xcf\xeb\xd8VT\x92<\xacY\xd8\xb14\xda+\xe7\
q\x18\xaa\x95\xdf\xbd\xb7c\xe8p\xf8XQ^\xee\xfd\
\xc2\x8a('\x15\xcct\x05\x1dH\x03\x92z\x01\xde\xb5\
4\xdf\x0f]_\x81#\xff\x00\xa3\xc2\x7f\x8d\x87'\xe8\
+h[Y\xe8\xcb\xb2\xd60\xd7\x04s+\xf2Ee\
\xedS\x97$5\x7f\xd6\xe7\xa5C,\xab8{Z\x9e\
\xec{\xbd\xdf\xa2\xff\x00\x869\xe8\xf4\x8b\x96#\xcd\x02\
\x10y\xf9\xba\xfeUz\x0d:\xde\x0c\x1d\xbb\xdb\xfb\xcd\
\xfe\x15h\x92I$\x92OR{\xd477\x02\x05\xc0\
\xe5\xcfA\xe9^\x84i\xa8\xadw5T)S\xd6\xdf\
x\x5c\xdc\x88\x17\x03\x97=\x07\xa5g\x12X\x96c\x92\
z\x9a\x09,K1\xc9=\xe9(n\xe63\x9b\x93\x0a\
(\xa2\x91\x01E\x14P\x01E\x14P\x01E\x14P\x01\
E\x14P\x01E\x14P\x01E\x14P\x01E\x14P\x01\
E\x14P\x00@#\x04dzT\x12[\xe3\x94\xfc\xaa\
z)8\xa7\xb92\x8a\x96\xe5**\xcc\xb0\x899\x1c\
7\xadWe*p\xc3\x06\xb0\x94Z9\xa5\x07\x11*\
[y\xda\x07\xc8\xe5OQQQR\x99\x9c\xa2\xa4\xac\
\xcd\x94u\x91C)\xc84\xb8\xac\xcb[\x93\x03\xf3\xf7\
\x0fQZ\xa3\x0c\x01\x1c\x83\xde\xb6\x8c\xaex\xb8\x8a\x0e\
\x94\xbc\x86\xed\xa4\xc5<\x8a6\xd5\x18\x0c\xc1\xa3\x14\xec\
Q\x8a.!\x87\xa5By\xa9\xa4\xe9Q\x91]4V\
\x974\x8a'\xb2\x8bt\x85\xfb/\xf3\xab\xb84\xcbX\
\xfc\xb8\x17\xd4\xf2j\x5cW\xb3F<\xb0G\x5c\x15\x90\
\xccR`S\xe8\xc5lX\xcc{\xd1\x8av\xd1F\xda\
\x00f(\xc5;\x06\x8cS\x01\xb8\xa4\xc5;\x14b\x8b\
\x86\x83h\xc5;\x07\xd2\x92\x9d\xc2\xc3qF)\xd8\xa4\
\xc5\x01a)1N\xa3\x14\x00\xdcR\x13\x81\x93\xd0s\
N\xc5Cx\xfb #\xbbqJR\xe5M\x89\xbb+\
\x94b\x8c\xdc\xdc\x22\x0e\xb26+\xae\xc0Q\x81\xd0q\
X\x1a\x0c\x1ee\xe9\x90\x8e\x22\x5c\xfe&\xba\x0cR\xc0\
B\xd0r}M\xb0p\xb4\x5c\xbb\x89\xd6\x93\x14\xecR\
Wq\xd6Ep?q'\xfb\xb5\xc9\xdc\x1d\xf39\xf7\
\xc5u\xb7Gm\xb4\xad\xe8\xa4\xd7#\xd7\x9fZ\xf3\xb3\
\x09|(\xe0\xc6\xee\x91=\x82\xe6GoAWj\x0b\
\x14\xc4%\xbf\xbcj\xc6)\xe1\xd5\xa0\x8c\xa9\xabDJ\
LR\xe2\x8a\xdc\xb11HG\x06\x9dE\x00k\xc7\xf3\
D\x87\xd5E.\x0dGd\xdb\xed\x93\xd4pj|W\
ZwG\xa1\x17t\x98\xca)\xd8\xf6\xa4\xdbL\xa1*\
\x86\xb8v\xe9\xb2\x0fVQ\xfa\xd5\xd0\xea\xce\xc8\xa7%\
:\xd6\x7f\x88\x0e\xdb$_\xefI\xfc\xab\x1cC\xb5)\
?#\x1a\xcf\xf7rg:G\x15\x16*b8\xa6b\
\xben\xae\xe7\x83P\x8f\x14b\x9f\x8aLVw3\x19\
\x8aLS\xf1I\x8a`6\x93\x14\xecQ\x8a\x00e\x18\
\xa7Rb\x98Xi\x14\x98\xa7\xd2b\x98\x86b\x8av\
)\x08\xcd\x00&))\xc4RS\x15\x84\xc5%:\x9d\
\x142N\xe1#B\xec{\x0a.\x16\x22\xc5X\xb3\xb2\
\xb8\xbc\x90\x08\x10\x92\x0f\xde\xe8\x07\xe3[6>\x1bU\
\xc3\xdd\xb6O\xfc\xf3_\xeakj8\xd2$\x08\x8a\x15\
G@+\x09\xe2\x12\xd2'e,#z\xcfB;e\
\x968\x11gq$\x80r\xc0c5\xd3x-f7\
\xd7,\xb9\xf2|\xb0$\xff\x00{\xb7\xe3Xv\xd6\xd3\
^\xcc \xb7\x8c\xcb+t\x03\xfa\x9e\xd5\xdfi:b\
iV)l\xa43\xfd\xe9\x1c\x7f\x13W4uw=\
HD\xb6\xb9F\xdc\xacU\xbdA\xc5\x5c\x8fX\xbe\x88\
c\xcd\x0e?\xda\x19\xaa\x98\xa3\x15\xa1\xab\x8a{\x9a\x1f\
\xf0\x90]\xff\x00r\x1f\xca\xa2\xbb\xd5./\xed\xa6\xb5\
\x90D#\x99\x0a0\x0b\xd8\x8a\xa7F(\xb1>\xce=\
\x8f1\x96\x06\x85\xde\x19\x06\x19\x09F\xfc+\xd5~\x1d\
O\xf6\xbd\x0b\xcendC\xe4\xb1\xfaW\x07\xe2\xdb?\
\xb3j\xbez\x8f\x92\xe5w\x7f\xc0\x87\x06\xb6>\x18\xea\
\xff\x00c\xd5\xe5\xd3$lGz\xb9L\xf6\x91G\xf5\
\x15\x9a\xd1\xd8\xc6j\xc9\xa3\xd3(\xa7}i0*\xce\
q1F)qE\x00%\x04\x06R\x8c\x03+p\xca\
\xc3 \xfdE.h\xc5\x00y\xef\x8d\xbc\x07\x05\xb5\xb4\
\x9a\xb6\x8d\x1f\x96\xb1\xfc\xd3\xda\x8eF?\xbc\xbe\x9e\xe2\
\xb8\xcd\x1fU}&\xf1n\x10\xee\x85\xf8\x95\x07F_\
_\xa8\xafu\x18\x07\x90\x19O\x04\x1e\xe2\xbcK\xc5\x1a\
8\xd0\xb5\xeb\xbb\x05\x1f\xb9\x0d\xbe/\xf7\x1b\x91\xf9r\
*Z\xb6\xa8\xda\x9c\x9e\xc7v\xac\xae\xa1\x94\xeeV\x00\
\x83\xea+[A\xb3\x12H\xd7L8C\xb5>\xbd\xcd\
r\x9e\x17\xb97:$\x00\xf2\xd1\x13\x1f\xeb\xc7\xf3\xaf\
B\xb4\xb6\x16\xb6\xb1\xc2:\xa8\xe7\xeb\xde\xae\xfa\x1aU\
\x95\xa3\xa7RL\x1a\xe6<s\xe2\xc1\xe1\xdb?\xb2Z\
\xb0\xfe\xd2\xb8_\x93\xfe\x98\xafw>\xfe\x95\xa3\xe2\x7f\
\x12\xdb\xf8b\xc3\xed\x12\x01-\xcc\x99\x16\xf0\x7f|\xfa\
\x9f@+\xc6/\xef\xe6\xbb\xb8\x9e\xfe\xfao2i\x0e\
\xf9$o\xf3\xd2\xa5\xb3\x08\xc6\xfa\xb2\xad\xcd\xccvp\
4\xd2\xb1\xc0\xe7'\xab\x1f\xf1\xaeF\xfa\xf6K\xf9\xcc\
\xb2\x1f\xf7W\xb2\x8a\x97T\xd4\x9bP\x9f#\x88\x97\xee\
\xaf\xf5\xaaU\xd3J\x97*\xbb\xdc\xe0\xc4W\xe7v[\
\x09Fii1[\x1c\xc2\xd1I\xd2\x8a\x00Z(\xa2\
\x80\x0a(\xa2\x80\x0a(\xa2\x90\x05\x14Q@\x05\x15\xea\
\xba_\xc2\x9d\x0e\x7f\x872x\x8a\xebWo\xb5\xb5\xb9\
\x9dY\x18yq0<!\x19\xc9'\xa5yH\xe4V\
p\xa8\xa7{t*Qkqh\xa2\x8a\xb2l\x14Q\
E\x16\x01i\x08\xa2\x96\xa6\xc3\x1d\x12\x07\x91U\x8e\x01\
=k\x5c.\xd5\x01F\x00\xe2\xb1\xaa\xf5\xb5\xf0\xc0I\
x?\xde\xa6\x8e\x5cM9J\xcd\x1fGx\x16\xc3J\
\xb2\xf0\xbd\xacz5\xccwp\x91\xbei\xd3\xab\xc8z\
\xee\x1dF:c\xda\xb7\x0a\x91_6\xe9:\xce\xa1\xa2\
\x5c\x8b\xbd.\xf2Ki{\x94<7\xd4t5\xe8\xfa\
\x17\xc6\x85;b\xd7\xf4\xf3\xefqk\xdf\xea\x9f\xe1S\
f\x89\x85h\xbd\x1e\x87G\xf1\x03\xc5\x83\xc2\xba/\xee\
\x18\x7fh\xdd\x82\x96\xeb\xfd\xc1\xfcO\xf8v\xaf\x22\xf0\
\xa6\x92u]O\xcc\x9b-\x04\x07\xcc\x94\x9f\xe2n\xc3\
\xf14\xcf\x12k\x97~,\xd7e\xbe\x91N\xe9XG\
\x04@\xf0\x888U\x15\xddh\xba0\xd1\xb4\xe8\xed@\
\x06O\xbf+\xf6-\xfe\x02\xae\x9c.\xc8r\xf6\x92\xf2\
A\xaa\xdf\xae\x97c5\xec\x98;\x07\xca?\xbc\xc7\xa0\
\xaf1\x02k\xdb\x9c\x0c\xc9<\xcf\xff\x00}15\xb7\
\xe2\xddquK\xc1on\xd9\xb5\xb7$\x02?\x8d\xbb\
\x9f\xe9W\xbc\x11\xa3\xefv\xd5%^\x17)\x06{\x9e\
\xe7\xf0\xe9U/y\xd9\x13'\xcf+\x1d\x1e\x9d\xa7\xa6\
\x99c\x0d\x9cx\x221\xf3\x1f\xef1\xeajr*B\
\xb4\x95\xad\x8d\xc6SJ\xd4\x84f\x9aF(\x18\xc2+\
;\xc6\xd7\x9fb\xf0\x84\x16\x80\xe1\xf5\x0b\x82\xc7\xfd\xc4\
\xff\x00\xeb\xd6\x99\x04\xf0\xa3$\xf0\x07\xbdq\xff\x00\x11\
/\x84\xfa\xf0\xb0\x8c\xe6-:!\x00\xff\x00\x7f\xab~\
\xa7\xf4\xac\xaav\x22n\xd1l\xe4n\xa51DH\xea\
x\x15\x9a\xcc\xcer\xc4\x93Vo\xdf2\x04\x1d\x16\xaa\
\xd6,\xd6\x84-\x1b\x89E-!\x14\x8d\xc2\x8a(\xa0\
\x02\x93\x14\xb4R\x011E-&(\x00\xa6\xbf\xdd4\
\xeak\xfd\xd3I\xec\x03\x85-\x14S\x00\xa2\x8a(\x00\
\xa2\x8a)\x80R\xd1E\x00\x14QE\x00\x14\xb4b\x96\
\x80\x12\xad\xd9\x0e\x18\xd5Z\xb3b\xdf3/\xaf4\xd1\
\x13\xd8\xf4/\x03j\xe7D\xd2n&\xf2\xd2H\xdd\xcb\
\xb8<\x1f\x94q\xcdq\xb7wr_]Mw1\xcc\
\x939\x91\x8f\xd6\xad[j>N\x93wds\x99J\
\x94?\xce\xaa\xda\xdb\x9b\xbb\xa8m\xd7\xac\xae\x16\xb6Z\
\xa5c\xcf\x9e\x8d\xb6v\x9e\x13\xd3\xbe\xc7\xa5\xac\xcc1\
-\xc9\xde\xdf\xee\xf6\x15\xa7\x7fpl\xac..@\x04\
\xc4\x85\x80=\xcdY\x08\xa8\x02'\xddP\x14}\x05g\
\xf8\x8c\xed\xd0\xaf\x0f\xfb\x00~\xa2\xbb-\xcb\x1d\x0f\x9d\
\xe6\xf6\xb5n\xfa\xb3\x87\x9b[\xd4\xee>io\xa5\xe7\
\x9c)\xda?J\xaa\xd7\x12\xca~i\xe4o\xab\x9a\xd2\
\xf0\xbd\xbc\x17Z\xd4\x10\xdc\xc4\xb2\xc6\xca\xdf#t'\
\x15\xd0x\xc2\xde\x1b}\x165\x82\x18\xa2\x1er\xfd\xd5\
\x02\xb9\xd4[\x5c\xcd\x9e\xb4\xabF\x9dEIGs\x99\
\xb0\xf0\xf6\xab\xaa\x80\xd6z}\xc4\xe8z8\xfb\xa7\xf1\
5\xac\x9f\x0e\xbcH\xe3?d\x85=\x9ae\xcf\xf3\xae\
\xe7\xe1\xec\x9eo\x84,\x86~\xe3H\xbf\xf8\xf5ta\
i\xa8#\xcc\xc4f\x95aRP\x8aZ;\x1e!\xab\
x\x7fU\xd0\xca\xff\x00hY\xbc(\xe7\x0b&C#\
\x1f\xa8\xac\xb9\xe1\x12\xa1\x1f\xc4:\x1a\xfa\x02\xf2\xce\xdf\
Q\xb4\x96\xce\xee1%\xbc\xc3k\xa9\xfec\xdcW\x88\
k:T\xba\x1e\xabs\xa7Lr\xd06\x03\x7fyO\
 \xfeT\xa5\x1b\x1d\xb8\x0c\x7f\xb6\xd1\xe9$s\x94T\
\xb7Q\xf9s\x1ct<\x8a\x8a\xb1\xb1\xf4q\x972\xb8\
QE\x14\x0c(\xa2\x8a\x00(\xa2\x8a`\x15\xa1\xe1\xed\
v\xef\xc3:\xcd\xb6\xafa\xb3\xed6\xc4\x94\x0e2\xa7\
 \x82\x0f\xe0k>\x8aM&\xac\xc1;\x1b~,\xf1\
\x96\xad\xe3K\xe8\xee\xf5Y\x10\x98\x97dQ\xc6\xbbR\
1\xd4\xe2\xb1(\xa2\x88\xc5EY\x03m\xea\xc2\x8a(\
\xaa\x00\xa2\x934P\x01\x9a(\xc5-\x00%-\x14\x99\
\xa0\x05\xa4&\x8c\xd1\xd6\x98\x09KF)i\x80\x94\xb4\
Q@\x8b\xdaV\x83\xaa\xeb\x8d*\xe9zu\xcd\xe9\x85\
wI\xe4\xc6[`\xf7\xaaL\xac\x8cU\x81V\x07\x04\
\x1e\xa0\xd7\xa1\xfc/\xf8\xb6~\x1d\xda^\xd9\xc9\xa5-\
\xf4W\x0e%VW\xd8\xea\xc0c\x04\xe0\xe4\x7f*\xe3\
o\xef%\xf1\x06\xb1w\xa9N\x88\x8ds+J\xea\x83\
\x00\x12z\x0a\xcb\x99\xa6\xf9\xb6\x0b\x15\xadm|\xc3\xbd\
\xc7\xca:{\xd6\x80\x1c\x80\x06O@\x05\x22\x8e\x8a\xa3\
\xd8\x01[V6\x22\xd9w\xbe\x0c\xa7\xff\x00\x1d\xf6\x15\
\xc7R\xa3\x93\xb9\xb4bW\xb6\xd2\xb2\x03\x5c\x1f\xf8\x00\
\xfe\xa6\xb4#E\x8dv\xa2\x85\x1e\x82\x9dKY\x5c\xd1\
$\x84\xc5\x1c\x0e\xb5$0\xcbq*\xc3\x0a\x17\x91\xba\
(\xae\xa7L\xd0a\xb1\x02I\xb6\xcdq\xeaG\xca\x9f\
A\xfdi7`\xb9\x87g\xa1\xde\xde\x00\xe21\x0cg\
\xf8\xe4\xe3?\x85jC\xe1[u\xe6y\xe4\x94\xfa(\
\xda+s\xa9\xcd\x18\xa8\xe6b\xb9J-\x17O\x87\xee\
\xda\xa9\xff\x00x\x93E\xde\x8b\xa6\xdfE\xe5\x5cYD\
\xcb\xd8\xa8\xda\xc3\xe8E^\xc5\x18\xa5p8=k\xc1\
\x176J\xd3\xe9\xcc\xd7p\x8eLd~\xf1G\xf5\xae\
`\x1c\xd7\xb1\xf49\x1c\x1a\xe7\xbcK\xe1H\xf5ek\
\xbb%X\xef\x87%G\x0b7\xd7\xd0\xfb\xd5\xc6}\xc5\
c\xcd\xee-Va\x95\xe1\xff\x00\x9dg\x95*Ha\
\x82+a\x91\x91\xd9\x1dJ2\x9c2\xb0\xc1\x07\xd2\xa1\
\xb9\xb6\x12\xae\xe5\x1f8\xfdk\xaa\x95[h\xf63\x94\
z\x99\xb8\xa5\xc5.1\xc5\x18\xae\xc2\x04\xa5\xa5\xc5\x18\
\xa40\xa3\x14\xb8\xa5\xc5 \x13\x14\xb8\xa5\xc5\x00R\x01\
)qK\x8aP)\x5cb\x01K\x8a\x5c\x01V&\xd3\
\xafm\xed\xe3\xba\x9e\xce\xe2+yx\x8eW\x8c\x85\x7f\
\xa1\xa0\x0a\xd8\xa5\xc5.)@\xcd+\x80\x98\xa5\xc5(\
Z\x5cP\x02\x05\xa5\xc0\xa5\xc5\x14\x86\x18\xa3\x14\xa0R\
\xe2\x8b\x80\x94c\xd6\x97\x04\xd3\xb6\xd2\xb8\x0d\xc5]\xb2\
\x8f\x08\x5c\xf7\xe2\xaa\xe2\xb4!]\xb1(\xf6\xa4\xd9\x9d\
M\x871\xda\xa4\xf5=\xab\xdc|#\xa2\x8d\x07\xc3\xd6\
\xb6\x84bf_:c\xea\xed\xcf\xe80+\xc8|9\
a\xfd\xa9\xe2\x0d>\xcf\x19\x12L\x0b\x0fa\xc9\xfeU\
\xee\xd2\xba\xae\xf9\x18\xedE\xc9$\xf6\x14\xe2qV{\
!(\xaa\xba~\xa7k\xa9\xef\x16\xee\xd9NJ\xb0\xc1\
\xc7\xad\x5c\xda*\xccB7h\x9dd\x8d\x8a\xba\x9c\x82\
;WGa\xe2\x18'P\x978\x86N\x99\xfe\x13\xfe\
\x15\xce\xe0QQ8)niN\xac\xa1\xb1\xdb\xac\x89\
 \xca:\xb0\xf5\x06\x94\xb2\xa8\xc9e\x03\xeb\x5c8\x18\
\xe9\x91\xf48\xa0\x8c\xf5$\xfdMc\xec<\xce\x8f\xad\
\xf9\x1d|\xda\x9d\x94\x1f~\xe13\xe89\xac\xcb\xaf\x12\
.\x0a\xda\xc4I\xfe\xfb\xff\x00\x85a\x85\x03\xa7\x14\xb8\
\xabTb\xb73\x96&om\x05\x96G\x9aC$\xac\
]\xdb\xa94\xdaZ+C\x9cJ1KE\x03\xb0b\
\x8cQF(\x01)sK\x8a(\xb8\x0d\xe6\x97\x06\x9d\
F\x0d+\x80\xdd\xb5_R\xd3-5\x8b\x19,/\xa2\
\xf3`\x93\xa8\xee\xa7\xb3\x03\xd8\x8a\xb5\x83K\xb6\x80\xb9\
\xe1\x9e \xd0n|9\xa9=\x8d\xc1\xde1\xba\x19@\
\xc0\x95=~\xbe\xb5\x9d\x8a\xf6\xaf\x17xu<I\xa3\
\xbd\xba\x80.\xe1\xcc\x96\xcf\xe8\xdd\xd7\xe8Ex\xbe\x08\
\xc8e*\xc0\xe0\xa9\xea\x0fqY\xb5c\xae\x12\xe6G\
O\xe1\xddL\xb7\x97#\x9c\xc9\x09\xda\xfe\xea{\xd7m\
\xf4\xe4W\x97\xe9\x13y7\xc8\x0f\xdd\x93\xe4?\xd2\xbd\
+N\x9b\xcf\xb1\x85\xcf\x5cm?\x85|V{\x86T\
\xea)\xc7g\xfd\x7f\x99\xf7\x19F%\xd6\xa3\xefn\xb4\
&\xc1\xa3\x06\x9dEx'\xaa&\xda1N\xc5&3\
@\x8a\xba\x9e\x9d\x1e\xab\xa7\xcfe/\xdd\x95p\x0f\xf7\
[\xb1\xfc\xeb\xc8\xe5\x86Ky^\x19Wl\x91\xb1V\
\x1e\x84W\xb3\xe2\xb8\x0f\x1f\xe9_f\xd4c\xd4\x10a\
.\x86\x1f\x1d\x9c\x7f\x88\xafc'\xc4r\xcd\xd2{=\
\xbdO;0\xa5x\xaa\x8b\xa1\xca\xe2\x8c\x0a\x5cU\xfb\
M\x22K\xeb_>\xd9\xd1\x9dN\xd6\x8d\xb8#\xe8k\
\xe8\x9c\x94ug\x96\xa0\xe4\xec\x95\xcc\xfc{R\xe0\xd4\
\xb3\xdbMj\xdb'\x89\xe3?\xed\x0a\x8f\x15\xackI\
l\xccgB/F\xac&\xda]\xa2\x96\x94V\xf1\xae\
\x9e\xe74\xf0\xf2[j7\x03\xd2\x97\x14\xe03K\xb0\
\xd6\xc6\x031W,5'\xb1\x05\x18\x19!\xec\xb9\xe5\
O\xb5W\xd8h\xd8+\x1a\xd4cQY\x95\x0a\x8e\x0e\
\xe8v\xaf\x1c\xbfk\x13J\xb1\xa7\x9c\xa1\xd4#\x86\x18\
\xaa\xf6\xc7\x0c\xcb\xea3D\x91\xed>\xd4E\x85\x95O\
\xe1]\x98\x16\xe9\xb8_\xa6\x9f\xa1\xcb]\xdem\x96)\
qN\xc5\x185\xf5\x078\xdc\x1a0i\xf8\xa3\x14\x80\
n\xda6\xd3\xb1F(\x01\xb8\x14b\x9dK\x8a.;\
\x0c\xc5.)\xd84`\xd2\xb8Xn(\xc5?i\xa3\
m\x17\x0b\x0c\xdbK\x8av\xda6\xd1p\x1b\x8a6\x8a\
v\xda6\x8a.\x03p*\x1b\x9b\x98\xadSt\x87\xe8\
;\x9aK\xeb\xe8\xec\xd3\xfb\xd2\x1e\x8bX\x13N\xf7\x12\
\x17\x91\xb2O\xe9^~3\x1c\xa9{\xb1\xd6_\x91\xdf\
\x84\xc0\xba\xbe\xf4\xb4\x8f\xe6>\xea\xf2K\xb7\xcb\x1c(\
\xe8\xa3\xa0\xa8(\xa2\xbe~s\x94\xdf4\x9d\xd9\xef\xc2\
\x11\x82\xe5\x8a\xb2\x0a('\x15\xb5\xa5xn[\xb0\xb3\
]\xee\x86\x13\xc8O\xe2\x7f\xf0\x15\x94\xeaF\x0a\xf2:\
p\xf8j\x98\x89\xf2RW\x7f\xd6\xe6e\x95\x85\xc6\xa1\
/\x97o\x19b>\xf3\x1e\x15~\xa6\xba\x9d7\xc3\xd6\
\xb6\x18\x92L\x5cN?\x89\x87\xca\xbfAZ0\xc3\x15\
\xb4B\x18#X\xe3\x1d\x15j;\xbb\xb1j\x9c`\xc8\
\xdft\x7fS^|\xabT\xaf.J}O\xad\xc2e\
T0q\xf6\xb5\xbd\xe9.\xbd\x17\xa2\xfe\xbeCoo\
~\xce6\xa9\xcc\xa7\xa7\xfb5\x93\x92I$\xe4\x9e\xa6\
\x95\x98\xbb\x16c\x96<\x92{\xd4SL\xb0&\xe3\xc9\
=\x07\xad{Xl4hF\xcb~\xac\xe2\xc5\xe2\x9d\
isKD\xb6\x12\xe2\xe0@\x9e\xacz\x0a\xcdf.\
\xc5\x98\xe4\x9e\xf4\xae\xed#\x96c\x92i\xb5\xabw<\
\x9a\x93\xe6aE\x14T\x90\x14QE\x00\x14Q\xcd.\
\xd2i\x93)(\xab\xc9\xd8J)\xde[R\xf9F\x9a\
\x84\x9fC\x9aX\xec<w\xa8\xbe\xf1\x94T\x82/Z\
<\xafz\xafg.\xc6O5\xc2/\xb7\xf8?\xf2#\
\xa2\xa4\xf2\xbd\xe8\xf2\xbd\xe8\xf6R\xecO\xf6\xb6\x13\xf9\
\xff\x00\x07\xfeDtT\x9e_\xbd'\x94i{9v\
-fxW\xf6\xd0\xca)\xfeY\xa4(GjN-\
t7\x8e.\x84\xbe\x19\xaf\xbd\x0d\xa2\x94\x82):T\
\x9b\xa7}PQE\x14\x0c(\xa2\x8a\x00)\xae\x82A\
\x83\xf8\x1fJu\x14\x09\xab\x94\xdd\x0cm\x83IV\xdd\
\x04\x8b\x83\xf8\x1fJ\xaaARA\xea+\x09\xc6\xc74\
\xe1\xca\xc4\xab\xdau\xd6\xd3\xe4\xb9\xe0\xfd\xd3\xe9Th\
\x07\x07\x22\xa1;\x1c\xf5i\xaa\x91\xe5gA\x8fjM\
\xa2\xa2\xb2\x9f\xed0\xe4\xfd\xe5\xe1\xaa\xc6+d\xcf\x0e\
qqn,\x8fh\xa3mI\xb6\x90\x8ad\x95\xa4\xce\
\xeczQ\x1a\x19$T\xf54\xa7\x93V,c&F\
l}\xd1^\x8d\x18]\xa8\x9b\xc27\xb2-\xe0Rb\
\x9f\x8a1^\xb5\xce\xa1\x98\xa3\x14\xecQ\x8aw\x18\xcc\
Q\x8au\x18\xa2\xe07\x14\x98\xa7b\x8c\x1a`7\x02\
\x93m;\x14b\x81\x0d\xc1\xa4\xfc)\xf8\xa4\xc50\x19\
\x81F)\xf8\x14\x98\xa0\x06\xe2\x93\x14\xfc{\xd2m\xa0\
cqT/\x9ft\xa1{(\xfdkA\xb0\xaaX\xf4\
\x035\x97\xb5\xe6\x90\x01\xcb;c\xf3\xaelT\xec\x94\
WS\x1a\xafK\x1b\xba\x14\x1e]\x97\x98G2\xb6\x7f\
\x01\xc0\xad\x0cQ\x1cb\x18\xd6%\xe8\x80\x0av+\xd2\
\xa5\x0eH(\xf6=:p\xe4\x8a\x88\xda)qEh\
YCY\x93\xca\xd3\xa4\x00\xf2\xe4(\xaeh\xf0+k\
\xc4R\xf3\x04 \xfa\xb9\xac\x98\x93|\x8a\xbe\xa6\xbc|\
d\xb9\xaa\xd9t\xd0\xf2\xf1R\xe6\xa9d_\x896D\
\x8b\xe8)\xd4\xfaLWbVV-+\x0d\xa3\x02\x9d\
\x8aLU\x00\xdd\xb4\x98\xa7\xe2\x92\x80\xb1b\xc6\xe0B\
\xe5\x1c\xe1\x1b\xbf\xa1\xad,V.)\xe9<\xd1\x8c$\
\x8c\x07\xa5k\x0a\x96\xd1\x9bS\xab\xca\xac\xcds\xd3\x9e\
\x95F\xea\xf8\x00R\x03\x92z\xbf\xa7\xd2\xaaI,\x92\
\xfd\xf7f\xfa\xd3\x08\xc0\xa7*\xb7\xd8']\xbd\x22h\
\xe9\xc9\xb6\xdfwvbk?\xc4\x8d\xc5\xba\x7f\xbc\xd5\
\xaf\x02ypF\xbe\x82\xb0\xfc@\xfb\xafQ?\xb8\x83\
\xf5\xac\xb1o\x96\x8d\xbd\x03\x11\xee\xd1\xb1\x92\xc3\x8ae\
HG\x14\xda\xf9\xfa\x8fS\xc6\x9e\xe3qHE;\x14\
b\xa2\xe4\x0c\xc5&)\xf8\xa4\x22\x80\x19\x8aLT\x84\
SqN\xe2\x1ai6\xd3\x88\xa2\x98\x0c\xc5%>\x90\
\x8a`6\x92\x9cE%\x17\x0b\x0d\xc5\x18\xc9\xc6*\xd5\
\x9d\x84\xd7\xd2l\x89x\x1dX\xf4\x15\xd2X\xe9\x16\xf6\
@0\x1ed\x9f\xdfo\xe9Q:\xaa&\xd4\xb0\xf2\xa9\
\xe8b\xd8\xf8~k\x8c<\xf9\x8a?O\xe25\xd0[\
Y\xc1f\x9b!@\xa3\xb9\xeejp\x09`\xaa\x09'\
\xa0\x03$\xd6\xe6\x9d\xe1\x1b\xbb\xacIxM\xac_\xdd\
\xea\xed\xf8v\xaeIT\x94\xcfJ\x95\x08\xc3e\xa9\x89\
\x14RO(\x8a\x18\xdaI\x1b\xa2\xa8\xc95\xd1\xe9\xbe\
\x0df\xc4\x9a\x94\x9b\x7f\xe9\x8cg\x9f\xc4\xd7Cc\xa7\
\xda\xe9\xb1\xf9v\xb0\x88\xf3\xd5\xba\xb3}MX\xa6\xa3\
\xdc\xe9P\xeeEmiog\x1f\x95m\x0aB\x9e\x8a\
9?SRb\x96\x97\x15e\x8d\xc5\x14\xb4P\x02Q\
\x81R\xc1m-\xd4\x828P\xb3~\x83\xeb[\xd6\x1a\
DVx\x91\xf1,\xdf\xde=\x17\xe8(\xb9\x13\xa8\xa2\
q\xfe)\xf0\xe5\xd5\xdf\x87\xa5\xbd\xd9\xb5\xadq*\xa9\
\xfb\xcc\xbd\x1b\xfck\xcf\xa1\x9eKyc\xb8\x81\x8a\xcb\
\x1b\x07F\xf4\x22\xbe\x80\xc89\x0e\xa1\x95\x86\x18\x1e\xe0\
\xf5\x15\xe2~(\xd1\x0f\x87\xb5\xbb\x8b\x11\x93\x0f\xfa\xc8\
\x1b\xfb\xc8y\x1f\x97J\xce]\xcc\x14\xf9\x9e\xa7\xafi\
\x1a\xa4Z\xde\x97m\xa8\xc5\xf7g\x5c\x91\xfd\xd6\x1c\x11\
\xf9\xd5\xcczW\x9b|1\xd7E\xad\xf4\x9a,\xed\x88\
\xae\x8e\xf8\x09<,\x80r?\x1a\xf4\xad\xa6\x9afR\
Vcph\xa7t\xebEU\xc47\x8e\xf4m\xf44\
\xb8\xf7\xa3\x04P!0GQ^{\xf1b\xc7\xe7\xd3\
u\x05\x1dC@\xe7\xf5\x1f\xd6\xbd\x0c\x1a\xe5\xfe%\xdb\
\x89\xbc',\x98\xe6\x19\xa3p\x7f\x1cR{\x15\x07f\
`\xfc4\xb7\xfbDr\x06\x19D\x9by\xfc\x07\xf8\xd7\
o\xaekV\x9e\x1f\xd3\xa4\xbf\xbc9Q\xf2\xa4c\xef\
J\xdd\x94W7\xe0o\xb3x\x7f\xc1\xcf\xabj\x12y\
QH\xc5\xcbw#8\x00\x0e\xe4\xd7\x09\xe2O\x11]\
x\x9bP\xfbT\xe0\xc7\x0ae`\x80\x1e\x22_\xeaO\
sJ\xf6F\x92\x5c\xcf\xd0\xad\xab\xea\xd7z\xe6\xa1-\
\xfd\xeb\xee\x96N\x02\x8f\xbb\x1a\xf6Q\xed\x5cn\xbd\xaa\
\xfd\xa5\xcd\xb4'\xf7J~b?\x88\xd5\xfd{T\xfb\
4\x7ff\x89\xbfz\xe3\xe6#\xf8Es8\xae\x8a\x14\
\xfe\xd38\xb1u\xff\x00\xe5\xdcD\xc5-%-uX\
\xe1\x0a))i\x00Rb\x96\x8a\x00L\xd2\xd2Q\xd2\
\x90\x0bE%-\x00\x14QE\x00\x15=\xae\x9fy|\
%6\x96\xb3\xdc\x08\x97|\x864-\xb0z\x9cT\x15\
\xd9\xfc=\xf8\x9d}\xf0\xfc]E\x05\x8c\x17\x96\xf7,\
\xae\xc8\xe7c\x06\x1d0\xc3\xb7=*&\xe4\x95\xe2\xae\
\xc7\x14\xaf\xa9\xc7\x09d\x11\x98\x84\x8e#'%2v\
\x93\xeb\x8amX\xd4o\x0e\xa3\xa8\x5c\xde\xb4i\x11\xb8\
\x91\xa4(\x83\x0a\xb99\xc0\xaa\xf4\xd0\x82\x8a(\xa6\x01\
E\x14R\x18QE\x14\x00R\xd2Q\x9aV\x02H\xa6\
\x92\x13\xf26=\xaa\xe4Z\x82\x9e%]\xa7\xd4U\x0a\
0I\xc0\xefH\xcata=\xd1\xb4\xac\x18\x06S\xc1\
\xe4\x11S\xae\xa1v\xb0\xb4\x02\xeea\x13p\xc9\xbc\xe0\
\xd5t\x8c\xacj\x8b\xd7\x80+\xd5\x17\xc3\xdaZ\x22$\
\xbal\x1eb\xa2\x86\xdc\xa4\x1c\xe3\xbdi\x18\xdc\xf3\xe1\
\x06\xdb\xb3<\xefD\xd1\xa6\xd6\xef\x16\x08\x81X\x97\x99\
e\xc7\x08\xbf\xe3^\x97\x0c\x11[B\x90@\x9b\x22\x8d\
B\xaa\xfa\x0a\x92(!\xb7\x88E\x0cI\x14c\xa2\xa0\
\xc0\xa5+\x8a\xd21\xb1\xd1\x08r\xa1\x84f\x9aF*\
B)*\x8a#+HE<\x8aJ\x06\x22\x5c\xc7\xa7\
G>\xa50\x06+(\xcc\xc4z\xb7E\x1f\x8bb\xbc\
\x96Y\xa4\xb8\x95\xe6\x95\xb7I#\x17c\xeaI\xc9\xae\
\xd7\xc7\xba\xa0\x86\xce\x0d\x1e&\xf9\xe5\x22\xe2\xe7\x1d\x87\
\xf0/\xf3?\x95r\xfaV\x8dq\xac\x1b\x81n9\x86\
=\xe7\xdc\xf6\x1fSXI\xdeF5[o\x95\x1c\xd5\
\xc0a3\xee\xeb\x9a\x8e\xb4\xee\xad\xbc\xe5\xc8\x18u\xff\
\x008\xac\xd20pk&\x8e\xba3R\x88\x94QE\
#P\xc5%-\x04P\x02QE\x14\x00QE\x14\x80\
)\xaf\xf7M:\x9a\xff\x00t\xd2{\x00\xea(\xa2\x98\
\x05\x14R\x81L\x00\x0a(\xa2\x80\x0a(\xa2\x80\x0a\x5c\
QK@\x05\x14QN\xc2\xb8S\xa3s\x1b\x86\x1d\xa9\
\xb4P\x164\xe3\x91dP\xca\x7f\xfa\xd5\xb5\xe1(<\
\xfdz\x12zD\xad'\xe9\x5c\xdd\x89\xf9\xdb\xe9]o\
\x81\xc6ui\xbd|\x93\x8f\xce\xb7\xa4\xae\xd1\xe4\xe3\xfd\
\xd8J\xdd\x8e\xd2\xb3|J\xa5\xb4\x0b\xcc\x0e\x8a\x0f\xea\
+P\x00*+\xd8\x05\xc5\x8d\xcc'\xa3\xc4\xc3\xf4\xae\
\xd6\xae\x8f\x9c\xa7.Y\xa7\xe6p\x1e\x18\x7f/_\xb2\
bx,W\xf3\x15\xd6\xf8\xc6\x1d\xfa\x0c\xac\x07\xfa\xa7\
W\xfdq\x5cF\x977\x91\xa8ZK\xd0$\xab\x9f\xe5\
^\x97\xaaZ\xfd\xb6\xc2\xee\xdb\xaf\x98\x84\x0f\xafQX\
\xd2\xd6-\x1e\x8e1\xf2V\x84\xdf\xf5\xa9\x1f\xc2\xc9\xc4\
\xba\x15\xd5\xbey\x82\xe3\xa7\xb3\x0f\xfe\xb5v`W\x9a\
|'\xbd\xf2\xf5;\xdb\x1683\xc2\x1c\x03\xea\xa7\x9a\
\xf4\xd0(\x86\xc7\x8f\x99G\x93\x11/=@\x0a\xf3\xdf\
\x8a\xfa^\x1e\xc7VE\xfb\xd9\xb7\x94\xfd9Z\xf4P\
\xbe\xb5\x8d\xe3];\xfbO\xc2\xba\x84!r\xe8\x82d\
\xfa\xa9\xcf\xf2\xcd9+\xa3,\x15og^2\xf9}\
\xe7\x85_G\xba0\xc3\xaa\xd5\x0a\xd6a\xe6\xc6G\xf7\
\x85d\x91\x82A\xed\x5c\xd2G\xde\xe1\xa5x\xb8\xf6\x0a\
(\xa2\x91\xd0\x14QE\x00\x14QE\x00\x14QE0\
\x0a(\xa4\xa0\x05\xa4\xcd\x14b\x98\x05\x14\xb4P\x01E\
\x14\x94X\x02\x8a:\xd1N\xc2\x0cR\xd1E\x00\x14Q\
E\x02\x0a|q<\xad\x84Rj\xc5\xb5\x89\x93\x0d&\
B\xf6\x1d\xcdh\x22*.\xd5\x18\x15.DJv\xd8\
\xa9\x0e\x9c\x17\x99NO\xa0\xe9V\xd5\x15\x06\x14\x00=\
\xaa\xde\x99\xa6^\xeb7b\xd3N\xb6{\xa9\xcf\xf0\xa7\
E\xf7'\xa0\xafA\xd3\xbe\x0e\xa9\xb7\xdd\xa9\xea\xcc\x97\
\x07\xfeY\xdb\xa0*\x9e\xd9=j5f3\xa8\x97\xc4\
\xcf7\x86C\x04\xa2U\x0aXt\xcdh\xc3\xa9\xa3\x9c\
J\xa63\xea9\x15\xd6j\x7f\x08/\xe0B\xfa^\xa3\
\x15\xe9\x1f\xf2\xcaU\xf2\xd8\xfd\x0fJ\xe1\xee\xec\xeet\
\xfb\xa7\xb4\xbc\xb7\x92\xde\xe1>\xf4r\x0c\x11\xfe\x22\xb3\
\x95$\xf7E\xd3\xae\xfa3eJ\xb2\x86R\x08=\x08\
\xa7\x22<\xae\xb1\xc6\xa5\x9d\xce\x15GsX\x96\xd72\
[6T\xe5OU\xeck\xb7\xf0\x85\xbcs\xac\x9a\x80\
\xe4\x0f\x913\xd8\xf7\xaeJ\x90p\xd4\xed\xa7UIy\
\x9a\xbaN\x94\x9ad8\xe1\xa7\x7f\xf5\x8f\xfd\x07\xb5^\
\xdbKEs\x96\x18\x14\x99\xa5\xc5\x14\x00\x94\xb8\xa5\xa3\
\x14\x80LR\x80OJ\xab\xa9\xdf\x8d6\xd0\xceS{\
\x12\x15W8\xc9\xaeR\xefS\xbc\xbe?\xbe\x9d\xb6\xff\
\x00qxQT\x95\xc1\x22\x7f\x1a\xe9v\x97*o\xed\
\xe6\x88^'\x12\xc6\x0eL\xab\xeb\xf5\x15\xc5\xd7F\x06\
:\x0a\xc8\xd4m<\x89w\xa8\xfd\xdc\x9f\xa1\xad#\xa6\
\x80\xd1\x91y\x07\xfc\xb5Q\xf5\xaa\x98\xadr\xa1\x81\x04\
pk6X\xbc\xa9\x0a\xf5\xf4\xae\xca5.\xb9Y\x94\
\x97R<R\xe2\x97\x14\xf5\x85\xdb\xa2\x13[7bl\
3\x14b\xa7[IO\xf0\x81\xf54\xe3g(\xe9\x83\
\xf45\x1e\xd2=\xca\xb1_\x14\xb8\xa7\x10T\xe0\x8c\x1a\
1T!\x00\xa5\xc5\x18\xa7\x01J\xe0[\xd1e\xb2\xb7\
\xd6,f\xd4cil\xa3\x9d\x1at^\xac\x80\xf2+\
\xe8_\x89^4\xf0\x9e\xa5\xf0\xe6\xf5-\xf5\x0b;\xaf\
\xb5F\xabm\x0a\x11\xbfv\xe1\x8f\x97\xaa\xe3\xde\xbep\
\x03\x14\x04\x00\xe4\x01\x9fZ\xceP\xe6w\x18\x81p\x06\
z\xd2\xd2\xe2\x97\x15aa1J)qF3J\xe3\
\x13\x14\xa0R\xed\xa7b\x90\x86\x85\xa5\xc5;\x14\xb8\xa5\
q\x8d\xc5.)qK\x8a\x00LV\x92/\xc8>\x95\
\x9fZ1|\xd1\xa9\xf6\xa4eW\xa1\xd4\xfc3\x88?\
\x8c-\xd8\x8f\xf5qH\xe3\xf2\xafR\xd6\x9bf\x91t\
\x7f\xd8\xc7\xeb^Y\xf0\xe2u\x83\xc6\x16j\xc7\x02d\
x\xff\x00\x1d\xb5\xea\x9a\xccm.\x93t\x8a9\xd9\x9f\
\xc8\xd6\x908j\xfcG)\xa6^\x1d:\xf6;\x8c\x16\
Q\x90\xca;\xa9\xae\xca\xda\xf2\xda\xf1\x03\xdb\xce\x8e\x0f\
l\xe0\x8f\xc2\xb8A\xcf4c\x9c\xf7\xf6\xad\xa5\x1b\x99\
\xd8\xf4\x1c{\x8f\xce\x90\xb2/\xdet\x1fV\x15\xc0\xe4\
\x9e\xac\xdf\x9d!Pz\xf3\xf8\xd4\xf2\x05\x8e\xe9\xafm\
#\xfb\xf70\x8f\xf8\x15B\xda\xc6\x9c\x9do\x22\xfc2\
k\x8b\xda=)qG \xecu\xcd\xe2\x0d1\x7f\xe5\
\xe1\x8f\xd1\x0d'\xfc$zg\xfc\xf6\x93\xfe\xfd\x9a\xe4\
\xf1F\xda9PX\xeb\x97\xc4\x1ac\x7f\xcb\xc1\x1fT\
5f-F\xce~\x22\xba\x89\x8f\xa6q\xfc\xeb\x89\xdb\
F\xc5\xf4\x14\xb9\x10X\xef\xb6\x9cg\x1cz\xd1\xb4\xd7\
\x15m\xa8]\xd9\x9c\xc1p\xe8?\xbb\x9c\x8f\xca\xb6-\
|TF\x16\xee\x0c\xff\x00\xb7\x19\xfe\x94\x9cXX\xde\
\xdbK\xb6\xa0\xb5\xd4-/@\xf2'F?\xdd<\x1f\
\xc8\xd5\x92\xa4u\x15\x02\x1b\x81KE(\x19\xe8(\xb8\
\x09\x9a\x0fBz\x01\xdc\xf4\xac\xddC^\xb5\xb2\xcaG\
\x8b\x89\xbf\xba\xa7\xe5\x1fS\x5c\xe5\xe6\xa3u~\xd9\x9e\
RW\xb2/\x0a?\x0aj-\x8e\xc7X\xda\x8d\x92\x1c\
5\xdc \xfan\xa9\xe3t\x99w\xc7\x22\xba\xfa\xa9\xcd\
pX\x1e\x95,\x13Mm \x92\x09\x1a7\x1d\xc5>\
A\xd8\xee\x87\x04\x11\xd4W\x92|E\xd2\x17K\xf1\x13\
\xcf\x12\xed\x86\xf9|\xe5\x03\xa0n\x8c?\xadzn\x91\
\xa9\x8dN\x03\xb8\x04\x9e?\xbe\xa3\xa1\xf7\x15\xce\xfcR\
\xb1\x13h6\xf7\x80e\xadg\x03?\xec\xb7\x06\xb2\x92\
.\x9b\xb4\x8f.V\xd8\xca\xe3\xaa\x90k\xd2\xf4\x09<\
\xcb7\x1e\x8d\x9f\xccW\x9b\x11\x91\x8cW\xa1xI\xfc\
\xcb\x02\xde\xaa\xb5\xf3\x9cC\x0b\xd0R\xec\xcf\xaa\xe1\xf9\
\xfb\xf3\x8f\xa1\xb5\x8aP)h\xc5|q\xf5\x02b\x97\
\x14b\x97\x14\x00\x98\xac\xbf\x13i\x83T\xd1n \x0b\
\x99\x14y\x91\xfdG?\xcb5\xab\x8aQ\xc1\x06\xae\x9c\
\xdc$\xa7\x1d\xd13\x8a\x94\x5c_S\xc5G#5\xaf\
\xe1\xb9\xccw\xaf\x01\xe92\xf1\xf5\x14\xcf\x10\xe9\xc3L\
\xd6\xae\xad\x80\xc2n\xde\x9f\xee\x9ej\x9d\xbc\xa6\xde\xe2\
9\x87T`k\xec\xae\xaa\xd3\xba\xea\x8f\x9f\x83t\xe7\
\xafC\xb2dY\x14\xa3\xaa\xb2\x9e\xcc2+2\xeb\xc3\
v\xb3d\xc0\xc6\x06\xf4\x1c\xaf\xe5Z\xd9\x07\xe6\x1d\x0f\
\x22\x8a\xf3\xe39Gfz\xd3\x84g\xf1#\x90\xbb\xd2\
.\xec\xb2^-\xe8?\x8d9\x15Ls\xd2\xbb\xc1\xc7\
J\xa3y\xa3Z^e\x8ayR\x7f}?\xa8\xae\x98\
b\xbaH\xe3\xa9\x83\xeb\x06rc\x22\x9c=\xea\xf5\xee\
\x8bwd\x0b\xe3\xcd\x88\x7f\x1av\xfa\x8a\xa2\x06FA\
\xc8\xae\xdau\xba\xc5\xe8y\xf5hki+1\xdbh\
\xdbB\xf1O\x185\xd7\x1a\x8aG\x04\xe98nE2\
\xe5\x0f\x1d*\xb7N\x95x\xaeA\x15O\x18\xad\xa0\xce\
Z\x8b[\x97\x07\xcc\x01\xf5\xa5\xdai\xb6\xe71\x0fn\
*LW\xd4S\x9f<\x14\xbb\x9c\xe3v\xd1\xb6\x9d\x8a\
*\xc4&\x05\x18\x14\xea\x0f\x1c\xf6\xa4\x03iqTn\
5\x9bxIT\xcc\x84zt\xaa\xa7_l\xf1\x00\xc7\
\xd6\xb9g\x8d\xa3\x07g#\xae\x18*\xd2WQ61\
F+%5\xf5\xcf\xcf\x09\x1e\xe0\xd5\xb8u[I\xb8\
\xf36\x1fF\x15P\xc6Q\x9e\xd2&xJ\xd0\xde%\
\xbcQ\x8aU\xda\xc3*A\x1e\xa0\xd2\xed\x15\xd1{\x9c\
\xe3qF)\xdbE.(\x10\xccU\x1dGR[A\
\xb2<4\xa7\xff\x00\x1d\xa3S\xd4\xd6\xd4\x18\xa2\xc1\x94\
\xff\x00\xe3\xb5\x80\xcc\x5c\x96bI=Myx\xdcw\
'\xb9O\x7f\xc8\xf50X\x1e\x7f~\xa6\xdf\x98\xae\xed\
#\x97v,\xc7\xa94\xda(\xaf\x0d\xbb\xea\xcfq+\
h\x82\x9f\x0cR\x5cJ\xb1B\x86I\x1b\xa2\x8e\xf5-\
\x85\x84\xfa\x94\xfeL\x0b\xd3\xef1\xe8\x83\xd4\xd7c\xa6\
\xe9v\xfa\x5c[b\x1b\xa4o\xbf!\xea\xdf\xe0+\x9e\
\xb6!S\xd3\xa9\xeae\xd9]L[\xe6\xda\x1d\xff\x00\
\xcb\xfa\xd3\xf0)\xe9>\x1e\x8a\xc7l\xd7;f\xb8\x1c\
\x81\xfc)\xfe&\xb5\xc9\xc9\xc9\xa2\xa3\x9ed\xb7\x8c\xc8\
\xff\x00\x80\xf55\xe67:\xb2\xee\xd9\xf6\x94hR\xc2\
\xd3\xe5\x82\xb2_\xd5\xd8\x977+m\x1e\xe3\xcb\x1f\xba\
\xbe\xb5\x8c\xee\xd2\xb9w9c\xd4\xd3\xa5\x95\xe7\x90\xc8\
\xe7\x93\xfaS\x09\x0a\x09'\x00rM{\xf8L*\xa1\
\x1dw{\x9e\x0e3\x16\xeb\xcbO\x85m\xfecd\x91\
bB\xed\xd0~\xb5\x99,\xad3\x97o\xc0zS\xae\
'3\xbez(\xe8**\xe8\x93\xb9\xe3\xd4\xa9\xcc\xec\
\xb6\x0a(\xa7,e\xa9$\xde\x88\xe7\xabV\x14\xa3\xcf\
Q\xd9\x0d\xa7\x04&\xa4\x08\x16\x9d[\xc6\x87s\xc1\xc4\
g\xc9iB7\xf3\x7f\xe4F\x22\xf5\xa7\x08\xc0\xa7Q\
Z\xaaq]\x0f\x22\xaeg\x89\xa9\xbc\xed\xe9\xa7\xe4&\
\xd1\xe8)h\xa2\xae\xd68\xa5''y;\x85\x14\xdf\
1A\xc6\xe1\x9f\xadI\x1crK\xfe\xae)_\xfd\xd4\
&\x81\x0d\xa2\xad\xa6\x8f\xaaJ\x01\x8fM\xbb`{\x88\
\xeae\xf0\xde\xb6\xdd4\xab\xaf\xfb\xe4\x7f\x8d\x02\xba3\
\xa8\xad/\xf8Fu\xcf\xfa\x04\xdd~C\xfch>\x1a\
\xd7\x07]*\xeb\xf2\x1f\xe3L9\x91\x9bE\x5c}\x17\
U\x8f\xef\xe9\x97c\xfe\xd9\xd5y-nb\xff\x00Y\
m:}c4\x82\xe4tR\x17\x03\xaf\x1fQ\x8a\x03\
\xabt`~\x86\x81\x8b\x8aM\xa3\xd2\x96\x8a\x1aOr\
\xa19A\xde.\xde\x83Lb\x9ab\xf4\xa9(\xac\xdd\
(\xbe\x87m<\xd3\x15Oi\xdf\xd7R\x12\x84Rb\
\xa7\xa4 zT:\x1d\x99\xe9Q\xcf\xe4\xb4\xab\x0f\xbb\
\xfc\x9f\xf9\x90QR\x98\xc1\xa6\x98\xc8\xac\x9d9.\x87\
\xadC4\xc3U\xd1J\xcf\xcfO\xf8\x03*9\xe3\xdc\
\xbb\x87Q\xfa\xd4\xa4\x11IY5uc\xb9\xa5%b\
\x95\x14\xf9\xa3\xd8\xfct=)\x95\xcc\xd5\x9d\x8eF\xac\
\xec\xcb\x167\x06\xdap\xdf\xc2xj\xde\xea3\xd4W\
3[\x9aU\xc1\x9a\xdfa\xe5\x93\x8f\xc2\xaa,\xf3\xb1\
\xd4\xae\xb9\xd1k\x02\x9a\xeb\x85&\xa5\xc7\xb55\xd4\x15\
5qz\x9erE=\xb5z\xc9q\x06}MS\xc5\
j\xe8\xd1Eq\x1c\xb1>C\xa9\xdc\x08\xf4\xafg\x0b\
\xfcK\x1dTU\xe5a\xb4\x95n}6\xe0/\xee\x1d\
I\xf7\x1dk:inmN. \xc7\xbfo\xce\xbb\
g>O\x89\x1bM8|H\x9b\x14T\x0b}\x19\xea\
\x8c>\x9c\xd3\xc5\xcc-\xfcx\xfa\x8aJ\xb4\x1fRT\
\xa2\xfa\x92R`R\x82\xad\xd1\x81\xfciqZ'}\
\x8a\x1b\x8aL\x1av(\xc5\x002\x8a\x7f4\x98\x14\x0c\
f(\xc5;m\x184\xc0n)1N\xa2\x80\x1b\x8a\
Ju\x18\xa7p*_>\xd8\xc2wn\xbfJ]\x16\
!&\xa0\x8cG\x08\x0b~5Z\xe2O6Vn\xc3\
\x81W\xf4\xd50yo\xdd\x9b'\xe9\x5cp~\xd2\xbd\
\xfa#\x18;\xd4L\xdc\xa4\xc5<\x8a0+\xd8=a\
\x98\xa4\xc5?m!;\x01c\xd1A&\x8b\x81\xcb\xeb\
\x12y\xda\x84\xbe\x89\x85\x1f\x85Ed\x99\x98\x9f\xee\x8a\
c\xb7\x9a\xec\xe7\xab\x12j\xdd\x84x\x8d\x9b\xd4\xe2\xbc\
Jo\xdaU\xe6\xf9\x9e:|\xf3\xe6&\xa2\x9f\x8aL\
\x0a\xf4\x8d\xc6\xd0iv\xd1\x8a\x00n(\xa5\xa2\x80\x1b\
\x8a1N\xc5&)\x80\xdatQ\xf9\x92\xa2\x0e\xe6\x8a\
\xb3\xa7\xc7\xba\xe3we\x19\xa7\x15wb\xa2\xae\xd24\
q\xe9\x5c\xae\xad'\x9b\xa8\xce{\x03\xb4~\x15\xd5\xe7\
o\xccz\x01\x9a\xe3d\x7f2Gs\xfcLMe\x98\
K\xdd\x8cJ\xc6\xbfu\x222)\xb8\xa91I\x8a\xf0\
j?y\x9e<\xf7#\xc5&*LR\x11RH\xcc\
Rb\x9f\x8aLS\x18\xccQ\x8av)1@\x86\xe2\
\x93\x14\xecQ\x8aaa\x98\xa4\xc5?\x14\x84S\xb8\x86\
R\x11O\xc5&)\xdc\x0e\xb3J\x8a(\xec\x22\xf2\xba\
0\xc9>\xa7\xbdt\x9e\x1d\xf0\xc4\xfe!2\xbcO\xb6\
(\x08\x0f\xb7\x05\xb9\xf6\xfe\xb5\xc4h\x17\xfe[}\x96\
C\xf2\xb7(}\x0f\xa5u\xba&\xb3u\xe1\xfdF;\
\xebC\x96_\x96H\xc9\xe2T\xee\xa6\xb8\xa6\xad-O\
b\x8c\xd4\xa0\x9cN\xfbO\xf0\xa1\xd3G\xfa-\x81W\
\xef#\x90X\xfe4\xdb\xed?\xc4\x91HM\x9e\x91\x05\
\xc4@}\xe6\x9c+\x1f\xc2\xba\xad3R\xb6\xd6,\x22\
\xbf\xb3}\xf0J8\xf5S\xddO\xb8\xab4\xef\xd8\xa7\
Z[\x1e_y\xe2\x0d[Klj:\x0c\x90\x0fR\
N?>E-\xb7\x8c\xb4\xe9\x80\xf3\xa3\x9a\x0c\xf7\xc6\
\xe1\xfaW\xa8\x16\xdc\xa5[\x0c\xa7\xa8nA\xaesZ\
\xf0\x0e\x8b\xacn\x928\xbe\xc1r\x7f\xe5\xac\x03\x82}\
\xd7\xa1\xa5\xa8\xd5g\xd4\xc9\xb5\xba\xb6\xbeM\xf6\xb3\xc7\
0\xef\xb4\xf2?\x0a\x9b\x04W\x13\xaexgT\xf0\xad\
\xc2\xbc\xe0\xf9D\xfe\xee\xee\x13\xf2\xb7\xd7\xd0\xfb\x1a\xd0\
\xd1\xfcZK-\xbe\xa6G<-\xc0\x1f\xfa\x10\xfe\xb4\
\xd4\xfb\x9bFi\x9d6j\xe6\x9f\xa6I~wgd\
 \xf2\xfe\xbe\xc2\xaacq\x03\x8f\x9b\x18\x22\xba\xf8\xe1\
XcH\x90aP`\x0a\xab\x93Vn+A\x96\xf6\
\xd1Z\xc7\xe5\xc2\x9bW\xbf\xa9\xfa\xd4\x98\xa5\xe6\x8aG\
#\xf3\x1b\x5c\xdf\x8e\xfc8u\xfd#\xcd\xb7L\xdfY\
\xe5\xe2\xc7W_\xe2_\xeb]5fk\xfe\x22\xb2\xf0\
\xcd\x98\xba\xbab\xd27\xfa\x98\x14\xfc\xd2\x9f\xe8=\xe9\
\x02\xbd\xf4<=\x1d\x94\xac\x91\xb3#\xa9\x0c\xac:\xa9\
\x15\xeb\xfe\x10\xf1\x84\x1e%\xb7X'e\x8bS\x8c~\
\xf2\x22q\xe6\xff\x00\xb4\xbf\xd4W\x93\xdf\x5c\xb5\xf5\xec\
\xf7m\x14p\xb4\xce\x5c\xc7\x18\xf9W=\x85B\x0b+\
\x06R\xca\xcar\xac\xa7\x04\x1fcR\x9d\x8d\xe5\x1ed\
}\x01\xd0\xe2\x8a\xf2\xdd\x13\xe2^\xa7\xa7*\xc3\xa8\xc6\
5(\x07\x01\x89\xdb*\x8f\xaf\x7f\xc6\xbb\x1b\x0f\x88\x1e\
\x1d\xbf\x005\xe3ZH\x7f\x82t#\x1f\x88\xe2\xaa\xe8\
\xc5\xc1\xa3\xa1\xc5\x185\x15\xbd\xdd\xad\xe0\xddkuo\
:\xfa\xa4\x80\xd4\xfbXu\xc0\x1e\xe4S\x10\xcf\xad`\
x\xde8'\xd0d\xb5\xb9\x9f\xc8\x86V\x0d#\xfa\x22\
\x9c\x91\xf8\xd5\xddW\xc5\x1a.\x8c\x84\xde_\xc5\xbc\x7f\
\xcb(\xfew?\x80\xaf.\xf1o\x8a\xe6\xf1E\xcam\
\x88\xdbY\xc5\xc4p\x96\xc9c\xfd\xe6\xf7\xf6\xa1\xb4\x8b\
\x84u\xbb+\xf8\x87\xc42k\x8f\x04\x11!\x83N\xb4\
P\x96\xd6\xfe\x9f\xed7\xa9?\xa5s\xfa\x8d\xd9\xb1\xb3\
\x92\xe0F\xcd\xb7\x8e\x14\x90\x09\xe9\x93\xda\x9fyu\x1d\
\x94&Y[\x00t\x1d\xcd{O\x84|i\xf0\xdfL\
\xf0\x92B\xba\xa5\xa1\x89\xa3/s\x15\xc4d\xc8\xed\x8e\
A\x18\xe4\xf6\xe2\x92\x8bz\x91\x88\xac\xa9\xab-\xcf\x97\
\xe5\x95\xe6\x91\xa4\x90\xeef9&\x9bVu\x19m\xe7\
\xd4.e\xb3\x8b\xc9\xb6yY\xa2\x8f?us\xc0\xaa\
\xd8\xafEly\x0c))h\xa6\x02R\xd1Hh\x00\
\xa5\xa4\xa5\xa0aE:(\xa4\xb8\x95!\x866\x92G\
;U\x14d\xb1\xf4\x02\x9dqm=\xa4\xcd\x05\xcc2\
C*p\xc9\x22\x95a\xf8\x1aB\x22\xc5\x14\xb4P0\
\xa2\x93\xa5-+\x00QE\x14\x00QE\x14\x00QE\
\x00\xd2\x00\xa2\x8cQ\x8a\x00(\xa2\x8aC\x0a(\xa2\x80\
\x0a\xb1g\x1f\x9b:\xfa/&\xab\xd6\xa5\x8c\x1eT;\
\xcf\x05\xb9?J\x0c1\x13\xe4\x81\xd7\xfc8\xd0\x7f\xe1\
 \xf1u\x9c2.\xeb{rn'\xf4\xda\xbd\x07\xe2\
k\xde\xef\xac-u\x12M\xd4\x0a\xe4\xff\x00\x17F\x1f\
\x8dq\xff\x00\x07|:t\xaf\x0d\xbe\xa92m\xb8\xd4\
\xd82\xe7\xa8\x89I\x0b\xf9\xf5\xae\xeffN*/\xad\
\xd1\x9d\x18r\xc4\xe3\xf5\xaf\x0f\xc1\xa7[\x9b\x98\xae[\
\x19\x0a\xb18\xc9'\xd8\xd6\x1dlx\x8bP\x17\xf7\xbb\
#9\x82\x0c\xaa\xff\x00\xb4{\x9a\xca\xae\xa8'mF\
\xfc\x88\xc8\xa6\x95\xa9\x08\xa4\x22\xa8DD\x11T5\x9d\
Z\x0d\x16\xcf\xed\x12\x8d\xce\xdcE\x17w?\xe1S\xea\
\xba\xa5\xb6\x8ff\xd77'#\xa2 \xeb#z\x0a\xf3\
=SS\xb8\xd5n\xde\xea\xe9\x86\xe3\xc0Q\xd1\x07\xa0\
\xa8\x94\xacD\xe7\xcaGq=\xc6\xa3x\xf3\xcaL\xb7\
\x13\xbeN;\x93\xd0\x0a\xf4]\x07I\x1a6\x9e\x90q\
\xe71\xdf+\x0e\xed\xe9\xf8V?\x84<8\xf6\xe5u\
;\xd8\x99$a\x9bx\xdc`\x80\x7f\x8f\xfc+\xa9\xa9\
\x84z\x8a\x9cm\xab\xdc\xe2\xbce\xa0\xf9\x12\x1dN\xd9\
?t\xe7\xf7\xca?\x81\xbd~\x86\xb8\xdb\xbb_3\xe7\
A\xf3w\x1e\xb5\xec\xae\x8b\x222:\x87F\x1bYO\
B+\xce\xbcE\xa0\xbe\x8bt6e\xade9\x89\xfd\
?\xd9>\xe2\xa6q\xea\x12\xbc\x1f<N<\x8aJ\xd0\
\xbb\xb5\xdd\x99\x10s\xdcz\xd5\x02+\x16u\xd3\xa8\xa6\
\xae\x84\xa2\x8a)\x1a\x05%-\x14\x00\x94QE\x00\x14\
\xd7\xfb\xa6\x9dM\x7f\xbaje\xb0\x0e\xa2\x8aZ\xb0\x0c\
QE\x14\x80(\xa2\x94S\x00\xa5\xa2\x8a\x04\x14QE\
\x00\x14QE0\x0a(\xa0\x0ac'\xb28\x9b\x1e\xa2\
\xba\x9f\x07\xcd\xe5k\xd0\xa9\xff\x00\x96\xa8\xc9\xfaW)\
o\xbb\xcd\x05U\x88S\xc9\x038\xad\xad:\xe3\xecz\
\x85\xb5\xc0\xff\x00\x96r)\xfc+JN\xcc\xf3q\xd0\
\xe6MwG\xa8\x01NU\x0cv\x9e\x8d\xc1\xfch#\
\x93\x8e\x94\xa0W\xa0|\x93g\x93\xdd\xc2\xd6\xb73C\
\xde' ~\x06\xbdKM\xb9\x17\xb66\xd7@\xe4I\
\x18'\xf9\x1a\xe1\xbcebl\xf5\xa7\x98\x0f\xdd\xdc\x81\
\x22\xfdz\x11Z~\x0f\xd7\xedml$\xb3\xbe\xb8X\
DM\xba&n\xe0\xf5\x15\x85?vM3\xd6\xc5\xc5\
\xd6\xa3\x1a\x91\xd7\xfe\x0e\xe5\x1bY\xff\x00\xe1\x17\xf1\xc4\
r\x9e\x22\x8e~G\xfb\x0e?\xfa\xf5\xec\xe5B\xb1\x00\
\xe7\xdf\xd6\xbc[\xc6WZ~\xa3w\x0d\xc5\x8d\xca\xce\
\xc5\x0aJ\x14\x11\x8ct5\xd2\xd9\xfcV\x8a\xcfH\xb5\
\x81\xf4\xe9noc\x8c$\x8e\x5c*\x128\x07\xf2\xc5\
M\xd2m\x1c\x98\xdc-J\xf0\xa78/z\xd6}?\
?\x99\xe8\xa1\x0b\x1cU\x1dkY\xd2\xb4KW:\xa5\
\xd4p\xab\xa1_/\xef;dc\x85\x1fZ\xf2\xedS\
\xe2O\x885 \xc9\x14\xd1\xd8D\x7f\x86\x05\x1b\xbf\xef\
\xa3\xcdr\xee\xe6iZY\x1d\xa4\x90\xfd\xe7c\x92\x7f\
\x1a\x1c\xfb\x19\xd0\xc9\xa4\xf5\xab+y/\xf3\xff\x00\x87\
\x13\x00\x12\x17;rq\x9fL\xd6e\xda\xec\x9d\x87\xaf\
5\xa1<\x8d\x1a\x16U\xdd\xfd+-\xd9\xa4b\xccr\
Mc#\xea\xf0\xd1wr\x12\x8a(\xa9;\x02\x8a(\
\xa6\x01E\x14P\x01E\x14\x99\xa2\xc0\x19\xa2\x8cR\xd3\
\x01)h\xa2\x80\x0a)(\xa6\x01E\x14\xb4\x08(\xa2\
\x8a\x00(\xa3\x14\xb4\x08|\x16\xd3\xdc\xb1X!\x96f\
\x03$F\xa5\x88\x1f\x85Z\xb2\xb4\xc8\x12\xb8\xfa\x03]\
/\xc3\xbf\x1e\xdcx,jQ[\xd9\xc7;\xdfF\x15\
d'\x06\x223\xcfNG=+)\x8b;\x16c\x96\
c\x92}MD\x9b\xd8\xcerw\xb0\xd2B\x82I\xc0\
\x1d\xeb\xd4>\x1e\xfc\x15\xba\xf1\x14Q\xea~ il\
\xb4\xf6\xc3Gl\xbcK8\xf5'\xf8G\xebN\xf8)\
\xf0\xee?\x10\xde\x1f\x10\xea\x91o\xb0\xb4}\xb6\xf10\
\xf9g\x94uc\xec\xbf\xa9\xfaW\xd0}+\x9au-\
\xa2*\x9d>\xac\xe7\xe0\xf0V\x91\xa6\xe9\xc2\xcbH\xb3\
\x8e\xc1Tpc\xfe#\xfe\xd7\xads\xef\x13D\xed\x1c\
\x83\x0e\xa7\x04z\x1a\xef\xf3\x5c>\xa1(\xb8\xbf\xb8\x91\
>\xeb9\xc5]\x097t\xce|\x5c\x22\xad%\xb9^\
\xb2\xfcG\xe1\xab\x0f\x14\xd9}\x9a\xf9v\xc8\xbf\xean\
T|\xf0\x9f\xea=\xabT\x0a^\x05t\x1ci\xdbc\
\xe7\xadcG\xbb\xd05)\xb4\xeb\xe4\x0b4G\xef\x0f\
\xbb\x22\x9e\x8c=\x8d^\xf0\x9e\xb4t\xadDE+\x7f\
\xa2\xdc\x90\xaf\x9e\x8a\xdd\x9a\xbd\x1f\xe2o\x87\xc6\xb1\xa0\
\x1b\xf8\x937zp.\xa4uh\xcf\xde_\xeb^9\
\x8d\xcb\xd7\x83XN\x09\xab3\xb6\x95K\xfb\xc7\xb0\x91\
\x83\x83Ef\xf8oP:\x9e\x8bm;\x9c\xc8\xa3\xcb\
\x93\xea8\xad:\xf3$\xac\xeczI\xdd\x5cLR\xe2\
\x8cR\xe2\xa4bQK\x8a(\x03'\xc4\xb1\x17\xd2\x99\
\xff\x00\xe7\x9b\xabW+\x8a\xee5\x18~\xd1aq\x1f\
\xf7\x90\xe3\xea+\x87Q\xc0\xab\x8b\xd0h)\x97\x10\xa4\
\xd0:HB\xae3\xb8\xf65(\x15\x89{t\xf72\
\x91\x9f\xdd\xa9\xc2\xadR\x1b+\xe2\x98\xf1$\x84\x16P\
qO\xa9!\xb7\x92s\x88\xd0\xb7\xbfj\xab\xd8\x8b\x11\
**\xf4P)\xd8\xab\xf1\xe9\x12\x9f\xbf\x22\xaf\xb0\xe6\
\xa7M\x22\x01\xf7\xd9\xdb\xf4\xa4\xd8\xec\xcc\x9a\x5cV\xda\
\xe9\xf6\xab\xd2\x10~\xa6\xaajV\x89\x12\xac\xb1.\xd5\
\x1c0\x1d\x07\xa1\xa2\xe0\xe2c\xdd\xc5\x95\xde\x07#\xad\
U\x02\xb4\xca\x86R\xa7\xbdg\x95\xc1 \xf6\xae\x9a2\
\xba\xb1\x9c\x90\xdcb\x97\x14b\x97\x15\xb0\xac%.)\
iq\x9aC\x13\x14\xb8\xa5\xc0\xa5\xc5\x02\x10\x0a\x5cR\
\x81K\x8aW\x01\x02\xd2\xe2\x97\x14\xb4\x87a1F)\
qK\x8aC\x13\x14\xb8\xa5\xc5.)\x00\x98\xab\x96\xa7\
1\xe3\xd2\xaa\xe2\xa6\xb7m\x8f\x83\xd0\xf1A\x13WE\
\xfbK\xb94\xfb\xb8/!\xff\x00Y\x03\x89\x17\xdf\x1d\
\xab\xdf,\xef\xad\xf5[(o`!\xe0\xb9M\xe3\xf1\
\xea?\x03\x9a\xf0\x0cW[\xe0O\x1a\x0f\x0e;X\xdf\
\xeem6V\xdc\x18\x0c\x9bv\xf5\x03\xb8=\xc5Rv\
8\xaaG\x99ht\xfa\xae\x91.\x9b)!K\xdb\x93\
\xf28\x1d=\x8dg\x8c\x1e\xe2\xbd\x02\xdaxoa\x13\
Z\xcd\x1d\xc4.8h\xc8`j94kI\x9b/\
e\x11>\xb8\xc5n\xa7\xdc\xe7\xb9\xc2q\xebVm\xb4\
\xdb\xbb\xc3\xfb\x8bwq\xfd\xe3\xc0\xfdk\xb3\x8fN\xb3\
\xb5\xe5 \xb7\x8c\xfa\x9c\x7fZ\x94\xcd\x0fCq\x0f\xd3\
x\xa4\xe7\xd8w9\xcb\x7f\x0aL\xdc\xdc\x5c$\x7f\xec\
\xa0\xdc\x7f:\xba\xbe\x15\xb1\x03\xe6\x92v?\x5cV\xc2\
\xbcm\xf7e\x89\xbe\x8e)\xfe[\xe3\xee\xfeU<\xcc\
F#\xf8V\xc8\x8f\x92Y\xd0\xfa\xe75\x9dw\xe1\x9b\
\xcbpZ\x06[\x95\x1d\x87\x0d\xf9WVT\x8e\xa0\x8a\
0h\xe6`y\xf1R\xacU\x81V\x1dA\x18\x22\x8c\
Wq{\xa6\xdbj\x0b\x8b\x88\x81n\xce8a\xf8\xd7\
?{\xe1\x9b\xab|\xb5\xb9\xfbD~\x9d\x18~\x1d\xea\
\x94\xd3\x19\x8fKJ\xc0\xa3\x15u*\xc3\xa8#\x06\x8a\
\xa1\x8d\xdb\x93\x9cs\xebV\xa1\xd4om\xf8\x8a\xeaE\
\x1e\x84\xe4U|R\xe2\x90\xcb\xff\x00\xf0\x90j\x7f\xf3\
\xf2?\xef\x81U\xee5\x0b\xcb\xa1\x89\xaedq\xe88\
\x1f\xa5A\x8aP(\xb2\x01\xa1q\xd0b\x97\x14\xb8\xa3\
\x14\x05\x84\xa5\xc5-\x18\xa2\xe1b\xee\x871\xb7\xd5 \
 \xf0\xe4\xa3\x0fPkS\xc7Py\xbe\x11\xd4\xc1\xfe\
\x14V\x1f\x83\x0a\xcc\xd1-\xcd\xc6\xa9\x00\x1d\x10\x97o\
`+c\xc6l\x17\xc2z\xab\x1f\xf9\xe5\xfdEeP\
ktx\xae+\xbf\xf0H\xce\x90\x5c\xff\x00{o\xe5\
\x5c\x18\x15\xdfx\x1c\x83\xa1\xe3\xd2V\xaf\x9d\xcf\xff\x00\
\xdd~h\xfaL\x89\xdb\x12\xd7\x93\xfd\x0d\xee(\xa7`\
Q_\x12}x\xdeiqKF\x0f\xa5\x00&(\xc5\
;\x14b\x808\xaf\x88\x96?5\x9d\xf2\x8e\xb9\x89\xcf\
\xea+\x8d\xdb\x91\x8a\xf5\x1f\x16X\xfd\xbb@\xba@2\
\xf1\x81\x22\xfdA\xaf0\x1c\x80}k\xe9\xf2\xaa\xbc\xf4\
9{hx\x98\xd8r\xd5\xbfs\xab\xd1\xe6\xfbF\x9b\
\x0b\x13\xf3(\xd8\x7f\x0a\xb9\x8a\xc6\xf0\xc4\xb9K\x88\x09\
\xe8C\x8a\xdb\xa2\xacm6\x8e\xda2\xe6\xa6\x98\x94R\
\xe2\x97\x15\x99\xad\xc9l-\xcd\xcd\xdcq\xf6\xce[\xe8\
*M\x7f\xc1\x96\xda\x9e\xeb\x8b \xb6\xd7]p>\xe4\
\x9fQ\xdb\xebZ:\x15\xbe\xc8^\xe0\xf5s\x85\xfa\x0a\
\xd3\xc5y\x95\xf1S\x85k\xd3v\xb1N\x94g\x1bI\
\x1e9=\xbc\xb6\x93\xc9oq\x1bG,g\x0c\x8d\xd4\
ST\xe0\xd7\xa0\xf8\xdfFK\xcd8\xea\x08\xa0\x5c[\
\x0c\x92?\x8d;\x8f\xc2\xbc\xff\x00\x15\xf4\x18<R\xaf\
\x055\xa3\xeax\xb8\x8a\x1e\xce\x5c\x8fbLf\xaaL\
\x9bd5r>ECr\x9f0>\xb5\xec\xd2\x95\xf5\
<J\xd1\xb6\x9d\x86\xda\xf5e\xcf\xbdX\xdbU\xa1\xf9\
d\x07\xf0\xabx\xaf\xa1\xc0O\x9a\x95\xbb\x1cr\xdcn\
\x05.\x05-\x0c\xc1\x14\xb3\x10\x00\xe4\x9a\xec\x10\xd7u\
\x8dK\xb1\x0a\xa3\x92k\x9e\xd4uG\xbb&8\xc9X\
\x87\xfe=F\xa7\xa9\x1b\xc7\xf2\xd0\x91\x10<\x7f\xb5\xef\
T+\xc2\xc6\xe3\x5c\xdf%7\xa7\xe6{\x98,\x12\x82\
\xe7\xa9\xbf\xe4\x14QEy\xa7\xa6\x14QE\x00I\x0d\
\xc4\xd0\x1c\xc5#/\xd2\xb4\xad\xb5\xe7\x5c,\xf1\x86\x1f\
\xde^\x0dd\xd1[R\xc4T\xa7\xf0\xb3\x1a\xb8zu\
>4u\x96\xd7\x90]\x0c\xc5 '\xd3\xa1\xaa\xba\xa6\
\xa4-\x17\xcb\x8c\x83)\xff\x00\xc7k\x9eV*AR\
A\x1d\xc5\x0c\xcc\xecY\x89$\xf5&\xbbg\x99\xceP\
\xe5J\xcf\xb9\xc5\x0c\xb2\x11\x9f3w]\x81\x98\xb3\x16\
c\x92y&\x92\x8a+\xcc=0\xab\xdaV\x936\xab\
)\x0avB\xa7\xe7\x97\xd3\xd8z\x9a\x93G\xd1d\xd5\
\x1f{\x92\x96\xca~g\xee\xde\xc2\xbb\x08\xa2\x8e\xde%\
\x86\x14\x09\x1a\x0c*\x8e\xd5\xc9\x88\xc4\xf2{\xb1\xdf\xf2\
=\xcc\xab(x\x8bU\xab\xa4??\xf8\x1e\x7fp\xcb\
[Xl`\x10[\xa6\xc4\x1f\x9b\x1fSR\xd1A \
\x02I\xc0\x1c\x93^cm\xbb\xb3\xec\xa3\x18\xc2*1\
VHGu\x8d\x0b\xb9\xc2\x8e\xa6\xb1\xaen\x1a\xe6M\
\xe7\x808U\xf4\x14\xfb\xcb\xa3r\xf8\x5c\x88\xd7\xa0\xf5\
\xf7\xaa\xf5\xee\xe0p\x9e\xc9s\xcf\xe2\x7f\x81\xe0c\xf1\
\x9e\xd5\xf2C\xe1_\x88U\x1b\xd9\xf7\x1f)O\x03\xef\
{\x9a\xb1u?\x93\x1f\x1fy\xb8\x15\x9b]\xd2}\x0f\
\x1a\xb4\xfe\xca\x0aQ\xc9\xe2\x802jU]\xbfZ!\
\x07&y8\xect0\xb1\xbb\xd5\xbd\x97\xf5\xd0EL\
u\xebO\xa4\xa5\xef]Q\x8a\x8a\xb2>;\x13\x8a\xa9\
\x88\x9f=G\xfeK\xd0(\xa0d\xb0P\x09c\xc0\x00\
d\x9a\xe9\xf4\x7f\x87\xfa\x96\xa0\x16[\xe6\x16\x10\x1e@\
a\xbaF\x1fN\xdf\x8dZG3inr\xec\xc1z\
\x9cV\x9e\x9d\xe1\xadcU\xc1\xb5\xb1\x93\xcb?\xf2\xd2\
O\x91\x7fZ\xf4\x9d+\xc2\xdaF\x8f\x86\xb7\xb4W\x98\
\x7f\xcbi\xbef?\xd0V\xb1b\xddNj\xb9L\x9d\
^\xc7\x07e\xf0\xcaV\x01\xaf\xb5$OT\x857~\
\xa6\xb6\xad|\x03\xa0[\xe3\xcc\x82[\x93\xeb,\x87\xf9\
\x0a\xe8h$\x00X\x90\x14u'\xa5;#792\
\xa5\xbe\x91\xa6\xda\x00 \xd3\xed\xa3\xc7p\x995qN\
\xd1\x85\x0a\xa3\xd8\x01Y\xd7\x1a\xed\x94\x04\xaa\xb3L\xde\
\x888\xfc\xeb>o\x11\xdc\xbf\x10\xc4\x91\x0fS\xf3\x1a\
\xa5\x16N\xe7E\xb9\xcfv\xfc\xe9\x8f:\xc7\xfe\xb2e\
O\xabW#5\xfd\xdc\xff\x00\xeb.$>\xc0\xe0U\
r\x019<\xfdj\xb9B\xc7\x5c\xfa\xc5\x94\x7fz\xed\
\x7f\x0c\x9a\x85\xbcCd\xbd%\x95\xbe\x8ak\x98\xe9E\
>T;\x1d)\xf1-\xa8\xedp\x7f\x0aO\xf8Im\
\x7f\xbb9\xfa\xa8\xaen\x8a9PX\xe8_Z\xd2\xe7\
\xff\x00[n\x1b\xfd\xf8\x81\xaa\xb2\xc1\xe1k\xcf\xf5\xd6\
V\xe3?\xf4\xcc\xaf\xf2\xac\x8a(\xe4@]\x93\xc1\xfe\
\x14\xbb\xff\x00R\xcd\x01?\xf3\xceS\xfdj\x9c\xff\x00\
\x0c\xe0\x90f\xcfV`;\x07@\xdf\xa84\xdc\x03\xd8\
R\xa9(r\xa4\xa9\xf68\xa9\xf6h\xaeiw2\xef\
>\x1d\xeb\x96\xc0\x98D\x17k\xfe\xc3m?\x91\xac\x0b\
\xcb\x0b\xcd9\xb6\xdeZM\x01\xf5u\xe3\xf3\xae\xf2-\
J\xf6\x1f\xb9s'\xd0\xf3W\x13\xc4w{vO\x1c\
W\x09\xdc0\xebI\xd3)T}O0\x0c\x08\xc89\
\xa2\xbd\x02\xefN\xf0\xd6\xaaKO\xa7\xc9c)\xff\x00\
\x96\x96\xed\xfd:V=\xd7\x80\xe5|\xbe\x93\xa8\xdb\xde\
\xafh\xe4\xfd\xdb\xfe\xbc\x1a\x87\x16\x8bU\x139z*\
\xc5\xf6\x9f{\xa5\xc9\xe5\xdfZ\xcdn\xdf\xed\xaf\x07\xf1\
\xe9U\xc1\xcdI\xa0\x85A\xebL1zT\x94T\xca\
\x11\x96\xe7V\x1f\x1bZ\x87\xf0\xe5\xa7n\x9fqZh\
\x8b)\x18\xe7\xb5S\xadSU\xe6\xb4\x0eK)\xc1=\
\xab\x92\xb6\x19\xef\x13\xda\xa5\x9c\xc2\xa5\x95Ug\xdf\xa7\
\xfc\x02\x95Z\xd3n>\xcft\xa4\x9f\x95\xbeSU\xde\
7\x8c\xe1\x86)\xb5\xc4\xd5\x9d\x99\xe9>Z\x91\xd3T\
\xce\xb7\x06\x90\x8fQP\xe9\xd3\xfd\xa6\xd1\x1f\xab\x0f\x95\
\xbe\xb5g\x14\xeex\x92\x8b\x8bi\x94\xa4\x8fk\x1fJ\
u\xad\xc3\xda\x5c$\xc9\xc9^\xa3\xd4zU\x89#\x0e\
\xb8\xefU\x08\xc1\xc5w\xd1\xaa\xda\xba\xdd\x15\x19[T\
uqH\x93\xc6\xb2\xc6r\x8c2\x0d)\x19\x18`\x08\
\xf4\x22\xb9\xfd7P62m|\xb4,~a\xdd}\
\xc5tJ\xca\xea\x1d\x08ea\x90GC^\xfd\x0a\xea\
\xac|\xcf^\x8dUR>e\x09\xf4k9\xf2B\x18\
\x9b\xd5\x0f\xf4\xaa\x13xzU\xff\x00S28\xf4a\
\x83[\xd8\x14m\xa2xzR\xdd\x0aXzr\xdd\x1c\
\xac\xbae\xe4?~\xdd\xbe\xab\xcdA\xbeH\xce\x0b2\
\xfb\x1a\xecpGCMtY\x06\x1d\x15\x87\xb8\xac\x1e\
\x05}\x99\x18\xbc\x1a\xfb,\xe4\xd6\xeeQ\xfc@\xfdE\
<^\xb8\xea\x8ak\xa0\x93L\xb2\x97\xef[\xa8\xff\x00\
t\xe2\xab\xbe\x81h\xdfu\xa5O\xc75?W\xaf\x1d\
\xa5\x7f\xeb\xcc\xcd\xe1\xaa\xad\x99\x93\xf6\xefX\xbf#G\
\xdb\xd3\xba0\xab\xef\xe1\xdf\xee\x5c\xff\x00\xdfKP\xb7\
\x87\xeeG\xdd\x92&\xfcqSlJ\xe9\xf9\x10\xe9\xd6\
]\x0a\xff\x00n\x8b\xfb\xac)~\xdb\x0f\xfb_\x95+\
h\x97\xab\xd2 \xdf\xee\xb0\xa8[K\xbcN\xb6\xefR\
\xeaW[\xaf\xc0\x97\xed\x16\xeb\xf0%\xfbd?\xde?\
\x95\x06\xee\x0f\xef\x1f\xca\xab5\xa5\xc2u\x82O\xfb\xe6\
\xa31\xc8:\xc6\xe3\xf0\xa9x\x9a\x8b\xa1>\xd2E\xb3\
w\x17m\xc7\xf0\xa8g\xbb.\xbbc\x05A\xeaMC\
\xb4\x8f\xe1o\xca\x93\x07\xd0\xfeU\x12\xc4M\xab\x12\xea\
I\xe8$Q\xf9\xb2*\x0e\xe6\xb5\x06\x14\x8ct\x18\xac\
\xd4c\x1b\x06S\x82+B\x19\x16t\xc8\xe0\xf7\x1e\x95\
\xb6\x16Q\xd5u.\x93[\x1b\xbc\x1e}h\xc5Cf\
\xfem\xba\xff\x00yx55z\xe9\xdfS\xd6N\xea\
\xe2m\xaaZ\xc4\xff\x00g\xb0p\x0f\xcd'\xc8?\xad\
^\xe6\xb9\xfdv\xe7\xce\xbb\x11)\xf9a\x18\xfcOZ\
\xc3\x15S\x92\x9b\xf3\xd0\xc7\x11>X?3/\xa5i\
[\xa6\xc8\x10{f\xa8\xc7\x1f\x99\x22\xa7\xa9\xadL\x0a\
\xe0\xc2Gy\x1eu%\xd4m&\x05;\x14\x95\xdal\
&\xdaJ}%;\x8cf(\xc5;\x02\x93\x14\x5c,\
7\x14b\x9dI\x8aw\x10\xdcV\x86\x9b\x1e\xd8\x99\xff\
\x00\xbc\x7f\x95P5\xb1\x0c~T(\x9e\x82\xb5\xa4\xb5\
\xb9\xbd\x05y\x5c\x87P\x93\xc9\xb0\x9d\xfb\xed\xc0\xfck\
\x93\xc7\x15\xd1x\x82M\x96i\x10\xff\x00\x96\x8f\xfa\x0a\
\xe7\xeb\xcf\xc7\xca\xf5-\xd8\xe7\xc6J\xf3\xb7a\xb8\xa3\
\x14\xf2\xb4\xdcW\x8c\xdd\xdd\xcf1\x8d\xc5&)\xf8\xa4\
\xc5!\x0c\xc5!\x18\xa7\xe2\x8cS\xb8\x11\x91HEI\
\x8aB)\xdc\x08\xf1F)\xd8\xa4\x22\x98\x0d\xc5&)\
\xd4b\x98\x0c\x22\x93\x14\xf2)1@\xac0eH \
\xe0\x8eF+\xa9\xd2u\x01}\x06\xd7?\xbeA\xf3\x0f\
_z\xe6\x08\xa9-\xe7\x92\xd6e\x963\x86_\xd6\xa2\
\xa49\x91\xb5\x0a\xae\x9c\xaf\xd0\xf4\xdf\x09\xf8\x9e_\x0c\
_\x16`\xd2X\xce@\xb8\x88~\x8c=\xc7\xeb^\xc1\
\x0c\xf1\x5c\xc1\x1d\xc5\xbc\x8b4\x12\xae\xe4u\xe8\xc2\xbe\
}\xb2\xbc\x8e\xf6\x01*\x1e\x7f\x88z\x1a\xeb<\x1b\xe3\
\x07\xf0\xe4\xdfe\xba-&\x99)\xcb\x01\xd6\x13\xfd\xe5\
\xf6\xf5\x15\xca\x9d\xb4g\xa4\xd2\x92\xe6\x89\xeb\x18\x06\x8c\
Q\x1b\xc74i,N\xb2G \xdc\x8e\xa7!\x87\xa8\
\xa5\xc5Y\x91\x1c\xd0\xc7s\x0b\xc1q\x12K\x0c\x83\x0f\
\x1b\x8c\xab\x0a\xf2\x9f\x1ax5\xbc;'\xda\xed7I\
\xa6J\xd8\x19\xe4\xc0\x7f\xba\xde\xa3\xd0\xd7\xadS.-\
\xe1\xbc\xb7\x96\xda\xe61$\x13)I\x10\xf7\x14\x9a\xb9\
Q\x95\x8f$\xf0\xb6\xb6au\xd3\xae_1\xb1\xfd\xcb\
\x9f\xe0?\xdd>\xc6\xbdpd\xaa\x93\xd7\x02\xbc?^\
\xd1\xe4\xd0\xb5[\x8d5\xd8\x93\x13f7\xfe\xf2\x9eT\
\xd7\xafx_T:\xdf\x87\xec\xef[\xfdc.\xc9?\
\xde^\x0d(\xbe\x86\x95\x1d\xd24\xb1KK\x8fj\xe5\
\xfc_\xe3h|:\xadgi\xb2}M\x87\xdd<\xac\
\x1e\xed\xea}\xaa\xafc$\xaf\xb1k\xc5^,\xb4\xf0\
\xc5\xb8VQ=\xfc\x831[\xe7\xff\x00\x1eoA\xfc\
\xeb\xc8\xf5\x1dB\xefW\xbd\x92\xf6\xfac5\xc4\x9d[\
\xb0\x1e\x80v\x15\x1d\xc4\xf3]\xdcIsq+\xcd<\
\xa7s\xc8\xc7\x965\x89\xack\x22\xdb0[\xb02\xff\
\x00\x13\x7fw\xff\x00\xafI'7d\x5c\x9ciG\x9a\
B\xeb\x1a\xc8\xb3\x06\x18p\xd3\x9e\xa7\xb2\xd6f\x9f\xe2\
\x09\xad\x86\xc9\xc1\x99=s\xf3\x0a\xcc$\xb1$\x92I\
\xeaM!\x15\xd9\x1a1J\xcc\xf3e\x89\x9b\x972v\
;\x0b}V\xce\xeb\x1b&P\xdf\xddn\x0dZ\xc0a\
\xc6\x18~u\xc1\xe2\xa4K\x89\xa2\xfb\x92\xba\xfd\x0df\
\xf0\xdd\x99\xbcq\xcf\xed#\xb7\x0b\xb0\xe5r\xa7\xd5N\
*F\x9ag\x18i\xe6a\xe8\x5c\xd7\x18\x9a\xcd\xfc|\
\x0b\x96\xfc@\xa7\xff\x00o\xea\x1f\xf3\xd8\x7f\xdf\x22\xa7\
\xea\xd24X\xd8vgX\x11G ~5J\xfbW\
\xb6\xb1R\x0b\x09$\xec\x8b\x5c\xcc\xda\x9d\xe5\xc0\xc4\x97\
\x0eG\xa0\xe2\xaaU\xc7\x0d\xfc\xcc\xca\xa6;\xf9\x11f\
\xfe\xfemB_2S\xc0\xfb\xaa:\x0a\xab\x81\x9e\x94\
\xb4WJI+#\x86RrwbQE\x14\xc9\x0a\
LR\xd1@\x09E.)(\x00\xa4\xa5\xa2\x81\x9a\xfe\
\x12\xf1\x1c\xbe\x12\xf1\x05\xa6\xb5\x05\xbcw2[\x12D\
r\x1c\x03\x90G^\xddj\xcf\x8e|a7\x8d\xf5\xe6\
\xd5\xa6\xb5K_\xdd\xack\x1a\x9d\xd8\x00w=\xcds\
\xf4R\xb0\xb9U\xf9\x82\x8aJZ\x0a\x0aJZ(\x01\
)h\xa4\xa0\x05\xa2\x8a)\x00QE\x14\x00f\x96\x92\
\x8c\xd2\x01i1KE \x12\x8aZ\x02\xee \x0e\xa6\
\x80\xb9=\x95\xbf\x9f.O\xdc^Mv>\x0e\xf0\xd4\
\xbe,\xf1\x0d\xae\x96\x80\x88\x98\xef\x9d\xc7\xf0F9'\
\xf1\xe9\xf8\xd6\x04\x10\x8bhB\xfar}\xcd}\x13\xf0\
\xb7\xc1\xff\x00\xf0\x8bxx\x5c\x5c\xc7\x8dKP\x0b$\
\xd9\xeb\x1a\x7f\x0a~G'\xebJN\xc7\x05\xfd\xb5K\
\xf4GX\xb0\xc5\x12$P\xa0H\xa3P\x88\xa3\xf8T\
t\x15\x8b\xe2]K\xec\x16\xbfg\x89\xb1q8\xc0?\
\xdc^\xe6\xb5\xef\xef\x22\xd3\xad^\xeao\xba\x9d\x07v\
=\x85y\xfd\xdd\xcc\xb7\xb7\x12\x5c\xces$\x87'\xdb\
\xd0UR\x85\xdd\xd9\xd1)\x15q\xb4b\x82*LS\
J\xfaWM\x88#\xc5T\xd55+m\x1e\xd1\xae\xae\
\x9b\x088T\x1dd>\x82\x9f\xaa\xeav\xda5\xa1\xba\
\xbbl/DA\xf7\xa4>\x82\xbc\xc7X\xd6.\xb5\xbb\
\xb3srp\x07\x11\xc6>\xecc\xd0TJV3\x9d\
E\x147V\xd5\xaeu\x9b\xc3srq\xd9#\x1d#\
_AZ>\x0c\x93\xc3\xb6\xfa\xc2\x5cx\x91\xe5\xfb4\
Xh\xe3X\xcb#\xb7\xfbx\xe7\x03\xf5\xae^\xea\xf7\
\xcb;#\xc1a\xd4\xfaR\xc3~\x8f\x80\xe3a\xf5\xed\
\x5c\xefS5N\xa7\xf1-s\xe9\xc8nt\x8f\x15Z\
\xf9\x96\xd3\xdb\xdf\xc5\x8e\xb1\x9c2~\x1dEcj\x1e\
\x16\x9a ^\xcd\xbc\xf4\xfe\xe1\xe1\xc7\xf8\xd7\x85\xd8\xde\
\xdc\xe9\xd7\x0bwcq%\xbc\xcb\xca\xc9\x13`\xff\x00\
\xf5\xeb\xd3|7\xf1\x91v,\x1e#\xb7b\xe3\x8f\xb6\
[\xaf\xde\xff\x00y?\xa8\xa19Gch\xd6\x8c\xb7\
\xd0\xb4\xe8\xd1\xb9GR\xac:\xab\x0c\x11U\xefl\xa0\
\xd4-d\xb5\xb9M\xd1H9\xf5\x07\xd4{\xd7C{\
\xe3\xaf\x03\xdfC\x9b\x9dR)8\xc8\x227\x0e?J\
\xe0\xb5\xff\x00\x1c\xd8F\xe6=\x01&\x99\x7f\xe7\xb5\xca\
\xe3o\xd0w\xfckUQ=\xca\x93Kvrz\xce\
\x8dq\xa2\xdd\xf9\x13\xfc\xca\xdc\xc7 \xe8\xeb\xebXW\
\xb6\xfbO\x98\xa3\xebZ\x97\x97\xb3\xdeJ\xd7\x17s\xb4\
\x8ez\xb3\x1e\x9fOJ\xca\xba\xbb\xf3F\xc4\xfb\xbd\xcf\
\xade+\x19QM\xce\xf0\xd8\xa9\x8aJu%fz\
\x02QE\x14\x00Rb\x96\x8a\x00Jk\xfd\xd3O\xc5\
1\xfe\xe9\xa5-\x80x\xa2\x8a)\x80QE.)\x80\
\x01KE\x14\x08(\xa2\x8a\x00(\xa2\x8ac\x0a(\xa0\
\x0a`\x00R\xd1E\x00{W\xc3?\x89^\x0a\xd0<\
\x18t\xcdR\xddm\xafcW\xf3\x7fp_\xedD\x93\
\x83\xbb\x1dpq\x83^Y4\x91L\xf2<\x08R&\
bQOU\x19\xe0VE^\xb2}\xd1\x95\xfe\xe9\xa7\
N6g6%{\xb7\xecz\xbe\x8bw\xf6\xfd\x22\xd2\
\xe39f\x8c+}G\x07\xf9U\xe0\xb5\xcbx\x02\xf7\
}\xbd\xd5\x8b\x1eca*\x0fc\xd7\xf5\xae\xb0\x0a\xf4\
\xa0\xef\x14\xcf\x8d\xc4\xc3\xd9\xd4\x94J:\xb7\x86\xbf\xe1\
&\xb3{h\xddR\xea!\xe6@\xcd\xd0\x9e\xea}\x8d\
pS\xf8W^\xb6fY\xb4\x8b\xa5+\xd4\x85\xc8\xfc\
\xc5z\xce\x8eq~\x83\xfb\xcaEk\xea\x0a\xcfa2\
\xaes\x8c\xe2\xb3\x9c\x13\x914\xb3\x1a\x94\x1f\x22WG\
\x88E\xe1mn^\x9at\xaa=X\x81Wm\xfc\x0b\
\xab\xcaG\x9a`\xb7_V}\xc7\xf2\x15\xbd\xaex\xca\
\xdfL\x95\xad\xadc\x17W\x0b\xc3\x92p\x88}3\xdc\
\xd6E\xaf\x8f\xafR`n\xed\xa1\x96\x13\xd4G\xf2\xb0\
\x1e\xde\xb5<\xb4\xd3\xb3g\xa8\xaa\xe2\xa7\x1eh\xc5#\
J\xc7\xc0V\x10a\xaf'\x96\xe9\xbf\xba>E\xff\x00\
\x1a\xe9,|7\xa6\xea\x10K\xa75\xacqZ2|\
\xe21\x82\x0fb\x0f\x5c\x83L\xb4\xbc\x82\xfe\xd9.\xad\
d\x12C \xe1\xbf\xa1\xf45\xb3\xa0\xff\x00\xac\x9b\xd7\
\x02\xb6\xe5\x8aZ\x1eF#\x11U\xa6\xe4\xdd\xd1\xe4\x1e\
$\xf0\xdd\xef\x86/\xcd\xad\xd8\xdf\x13\xe4\xc3p\x07\xcb\
*\xff\x00C\xea+\x9d\xba\xb4\xea\xf1\x8f\xa8\xaf\xa4o\
\xf4\xdbMZ\xd1\xec\xef\xad\xd2\xe2\x07\xea\x8d\xeb\xea\x0f\
c^%\xe2\xbd\x1e\xd7A\xd7\xae4\xfb;\xaf\xb4\xc3\
\x1e\x08'\x92\x84\x8f\xbaOr+\x96p\xb1\xece\x99\
\x9b\xaa\xf9_\xc4\xbe\xe6q\xf4U\x9b\xe8\xd5$\x05x\
\xdc2EV\xac\x8f\xa5\x84\xb9\x95\xc2\x8a(\xa0\xa0\xa2\
\x934\x0a`\x14R\xd1@\x05\x14RP\x02\xd2Q\xd6\
\x8ab\x0aZ(\xa0\x02\x8a(\xa0AF)h\xa0\x02\
\x8a(\xc50/\xe9i\xf7\xdf\xf0\xadKK)\xb5\x1b\
\xcb{\x1be-=\xcc\x8b\x12\x01\xeaN*\x8e\x9c1\
o\x9fS^\x83\xf0[M]G\xe2%\x8bH2\xb6\
\x91\xc9q\xf8\x85 ~\xb5\x84\xde\xec\xc9\xab\xc8\xfa/\
@\xd1m\xfc=\xa3Y\xe9V\xaa\x046\xb1\x08\xc6;\
\x9e\xe7\xf19?\x8d_\xc5-c\xea\xda\xecv\xcaa\
\xb5e\x92s\xc1a\xc8O\xfe\xbdrF.N\xc8\xda\
s\x8c\x15\xd8\x9a\xf6\xae-\xa3kX\x1b\xf7\xee>b\
?\x80\x7f\x8ds\x07\x08\xa5\x89\x0a\xaa9$\xe0\x0a%\
\x95Q^i\xa4\xc0\x19gv?\xadqz\xce\xb7.\
\xab!D\xcaZ\xa9\xf9S\xfb\xde\xe6\xbb\xa9S\xb2\xb2\
<\xba\x95\x1dI]\x9bw^*\xb2\x81\x8a\xc2\x8fr\
GR\xbc/\xe6i\x96\xfe-\xb4\x91\xc2\xcf\x04\x90\x03\
\xfcy\xdc\x07\xd6\xb9\x5cR\xe2\xb7\xe4DX\xf4P\xb1\
\xce\x9bX\x86\x8eU*H\xe4\x15#\x15\xf3\xad\xfd\x93\
i\xda\x85\xd5\x93u\xb7\x95\xa3\xfc\x01\xe3\xf4\xafp\xf0\
\x95\xc9\x96\xcaKv9\xf2\x1b\xe5\xfa\x1a\xf2\xaf\x880\
\x88<i\xaa\x800\x1aE\x7f\xcdEs\xd4V6\xa2\
\xf5h\xd0\xf8{q\x94\xbe\xb5'\xa1Y\x14~\x86\xba\
\xfa\xe0\xbc\x06\xfbu\xb9\x13\xfezBG\xe5]\xf0\x15\
\xe6b\x15\xa6\xcfV\x8b\xbc\x04\xa5\xc5\x14\x0c\xd6\x06\xa1\
\x8a)qE\x00\x00n8\xecx\xae\x0exL\x17\x12\
\xc4\x7f\x81\xc8\xae\xf2\xb9\x1f\x10A\xe4\xea\xd2\x900$\
\x01\xc7\xe5W\x12\x91\x9c\x075\xce\xba\x95\x91\x94\xf5\x0c\
EtU\x8d\xa8\xc7\xb2\xf1\xfd\x1b\x0dV\x82D\xdam\
\xac\x13D^D\xdc\xca\xd8\xc1<V\x9a\x80\xa0(\x00\
\x01\xd8Vn\x8e\xf8yS\xd4\x03Z\x98\xa1\x84v\x12\
\x9d\x1cO4\x828\x91\xa4s\xd1Td\xd5\xfd\x1bJ\
\x1a\x9c\xef\xe61Xb\x00\xbe:\x9c\xf4\x02\xba\xabk\
X,\xd3e\xbcK\x1a\xf7\xc7S\xf55\x0eV\x1bf\
\x0d\x97\x85\xe4|=\xeb\xf9c\xfey\xa7$\xfdOj\
\xd4\xbc\xd1\xad\xe7\xd2nt\xf8bH\xc4\xa9\xc1\x03\x9d\
\xc3\x90s\xf5\xab\xf4\xa3 \x82:\x8a\x9b\xb2O\x1d\x00\
\x8e\x18a\x87\x04z\x1a\xabu\x1e\xd97v5\xd1x\
\xaa\xc0i\xfa\xed\xca*\xe29H\x95>\x87\xaf\xebX\
\x97)\xba<\xfaWE)Y\xdc\x96\x8aX\xa5\x00\xd2\
\xe2\x9d\x8a\xec n1K\x8av)q\x9a\x9b\x80\x98\
\xa3\x14\xb8\xa5\xc6i\x05\x84\xc5-.)q@\xc4\xc5\
\x18\xa7b\x97\x14\x80n\xdav)qK\x8a\x00LR\
\xe2\x97\x14\xb8\xa5p\x1b\x8aP)\xc0S\x95rje\
++\xb2\xa3\x1egdX\x8a@\xe0\x03\xc3\x7f:\x94\
\x0a\xab\xd3\x9cWI\x07\x87\xc3\xd9D\xcf+%\xc1\x5c\
\xb6FG\xd2\xb9\x1661\xfe!\xd1,\xb6sm\xd1\
\xfb\x8c\x98%\x96\xd8\x93\x04\xd2\xc2O_-\xca\xe7\xf2\
\xa9\x1a\xfa\xf2O\xbfyt\xdfY[\xfcj\xdc\x9a\x0d\
\xe2\x1f\x94$\x83\xd46*?\xec{\xff\x00\xf9\xe1\xff\
\x00\x8f\x0a\xd9bi=\xa4\xbe\xf3\x92X,Bz\xd3\
\x7fqM\x8b\xbf-$\x8d\xf5r\x7f\xad7`\xf7\xfc\
\xcd_\xfe\xc6\xbe\xff\x00\x9e\x1f\xf8\xf0\xa3\xfb\x22\xfb\xfe\
}\xcf\xe6)\xfdb\x97\xf3/\xbd\x0b\xea\x95\xff\x00\x91\
\xfd\xcc\xa4\xab\x8f\xbaX\x1ff\x22\xac\xc1\xa8\xdf[\x10\
`\xbe\xba\x88\x8e\x9be4\xe3\xa5\xde\xaf[g\xfc9\
\xa8\x9e\xdax\xfe\xfc2/\xd5j\x95X=\x9a\xfb\xcc\
\xe5B\xa4~(\xb5\xf25\xed|o\xe2KLl\xd5\
\xa5p;J\xaa\xe3\xf5\x15\xb3g\xf1[V\x88\x81y\
ekt;\xb2\xe66\xff\x00\x0a\xe2\xfau\xe3\xebJ\
\x05is\x17\x18\xbe\x87\xa9\xd8|Q\xd1np\xb7p\
\xdc\xd8\xb1\xeeG\x98\xbf\x98\xae\x97O\xd5\xb4\xedYw\
X_\xdb\xdc\xfb#\xfc\xdf\x91\xe6\xbc#\x02\x800\xc1\
\xd7*\xc3\xa3)\xc1\x1f\x8d\x1c\xc4:+\xa1\xef\xd7V\
P]\x0d\xb70,\x9fQ\xc8\xfck\x1e\xe7\xc2\xb16\
Z\xd6s\x1f\xfb\x0e2?:\xf3}3\xc6\xfe \xd2\
\xb0\xb1\xdf\xb4\xf1\x0f\xf9gp7\x8f\xcf\xadu\x9ao\
\xc5kIp\x9a\x9e\x9f%\xb9\xef,\x07z\xfe]j\
\xd4\xc8t\xa4\x89\xeetk\xfb\x5c\x97\x80\xb2\x8f\xe2\x8f\
\xe6\x15K\xa1\xc1\xe0\xfa\x1a\xec\xb4\xcdwK\xd5\xc0:\
}\xfc3\x1f\xeegk\x0f\xc0\xf3Vn,m\xee~\
[\x8bts\xee\xbc\xd5\xa9\x91\xb6\xe7\x0bF+\xa9\x9b\
\xc2\xf6Rs\x13I\x09\xfa\xee\x1f\xadS\x93\xc2\x97\x03\
\xfdU\xcco\xec\xc0\x83O\x9d\x05\xcc,R\xd6\xa9\xf0\
\xd6\xa2:$M\xf4z\x17\xc3z\x89<\xc7\x10\xf7\xdf\
O\x99\x0c\xca\xa7\x224\x8e\xa8\x8aY\xd8\xe0(\x1c\x9a\
\xdd\x83\xc2\xb2\x12\x0c\xf7*\x83\xd1\x17&\xb6,t\xcb\
]<~\xe2<9\xea\xed\xcb\x1a\x974\x17+h\xda\
W\xf6l,d\xc1\x9eO\xbeG\xf0\x8fJ\xcc\xf8\x8b\
?\xd9\xfc%r\xb9\xe6wH\x87\xe7\x9a\xe9\xab\xce\xbe\
*jbK\x9b=*3\xfe\xa4\x19\xa5\x1e\x84\xfd\xd1\
\xf9V2c\x82\xbc\x8e\x0f\x06\xbb\xdf\x03\xa64BO\
\xf1J\xc6\xb8N\x82\xbd#\xc3\x16\xc6\xd7A\xb4B0\
\xcc\xa5\xcf\xe2s_=\xc4\x13K\x0c\xa3\xdd\xaf\xd4\xfa\
L\x8a\x0d\xe2\x1c\xbb#O\x02\x97\x14\xb4W\xc6\x1f^\
%-\x18\xa5\xc50\x12\x8a\x5cQ\x8a\x045\xa2\x13#\
F\xdfu\xc1S\xf8\xd7\x8fMnm\xa7\x96\x06\xeb\x1b\
\x95\xfc\x8d{&\x08\xaf2\xf1m\xa8\xb5\xf1\x15\xda\x81\
\x80\xe4H?\x11^\xceMR\xd3\x94;\xab\xfd\xdf\xf0\
\xe7\x9d\x98\xc7\xdd\x8c\x8a\xfe\x1f\x93\xca\xd4\xd5{H\xa5\
k\xa7\xae>\xcaO&\xf2\x09\x07g\x15\xd9\xb2\xe0\x9a\
\xf4\xb1+\xdeL\x8c\x1b\xbc\x1a\x19\x8aUB\xec\x11~\
\xf3\x1c\x0a]\xb5\xa1\xa2\xdb\xf9\x97~a\xfb\xb1\x0c\xfe\
&\xb8\xeaO\x92.]\x8e\xb4\xae\xecl\xc5\x10\x82$\
\x89z \xc5:\x9dK^\x03w\xd5\x9d%-]\x82\
i7\xac\xc3\x81\x0b\x7f*\xf2US\xb4}+\xd4<\
]/\x93\xe1\xcb\xc3\xd0\xb8\x08?\x12+\xcc\xf6\xd7\xd0\
\xe4\xea\xd4\xe4\xfc\xcf#0~\xfa^C\xa2^\x0d%\
\xccy\x8f>\x954)\xf2S\x9d\x03)\x1e\xa2\xbe\x8e\
\x9b\xb2G\x81[Y33\xa5^\x18`\x08\xefU1\
\x8a\xb7ns\x10\xf6\xe2\xbd\xac\xbav\x9b\x8fs\xcf\x90\
\xb8\xef\x5c\xf6\xaf\xa9\xfd\xa1\x8c\x10\x9f\xdd\x03\xc9\x1f\xc5\
Vu\xbdL\xaema<\xff\x00\x1b\x0f\xe5XX\xa5\
\x8f\xc5\xdf\xf7P\xf9\x9e\xb6\x03\x09o\xde\xcf\xe4\x14R\
\xe2\xadi\xdad\xfa\x9c\xfeT \x009y\x0fD\x1e\
\xf5\xe4JJ*\xec\xf6i\xd3\x95I(A]\xb2\xa5\
O\x15\x85\xcc\xc3+\x11\x03\xd5\xb8\xad\xb4\xb1\xb5\xb4m\
\xb6\xea\x5c\xaf\x06V\xea\xc7\xd7\xda\xa4\xad\xe9\xd2\xba\xbb\
;c\x81\xb3\xb4\xdf\xdd\xfef7\xf6E\xcf\xfd3\xff\
\x00\xbe\xaa)\xac.a\x05\x9a<\xa8\xeaW\x9a\xdf\xc5\
\x18\xad\x1d\x18\x96\xf0p\xe9s\x98\xebF+gQ\x82\
\xd5!\xde\xe9\xb5\xfa.\xde\x095\x90\x05s\xce\x1c\xae\
\xc7\x0dZn\x9b\xe5ln(\xc5?\x14T\x99\x0d\xc5\
i\xe8\xba#\xeao\xe6\xcb\x94\xb5S\xf37w>\x82\
\x8d\x1bF}R]\xcf\x94\xb6C\xf3\xb0\xfe/a]\
\x8cq$Q\xacq\xa8DQ\x85Q\xd0\x0a\xe3\xc4\xe2\
9=\xd8\xee{\xb9NU\xed\xdf\xb6\xac\xbd\xce\x8b\xbf\
\xfc\x0f\xccjF\x91\x22\xc7\x1a\x04E\x18U\x1d\x00\xa7\
b\x9d\x8a1^a\xf6+M\x10\xdcVe\xfd\xdf\x9a\
|\xa8\xcf\xc8:\x9f\xef\x1a\x9fP\xba\xda\x0c\x11\x9f\x98\
\xfd\xf2;{Vv\xda\xf62\xfc&\xd5g\xf2\xff\x00\
?\xf2<l\xc3\x19{\xd1\x83\xf5\xff\x00/\xf3\x1b\x8a\
\x0e\x00\xc9\xe0\x0e\xf4\xecU[\xe9v\xa8\x88unO\
\xd2\xbdf\xecx\xd2\x97*\xb9NyL\xd2\x16\xed\xd0\
\x0fj`\x198\xa5\xc5K\x1ac\x92*c\x1egc\
\xc8\xc5\xe2\xe3\x87\xa6\xea\xcf\xfe\x1d\x82G\xb6\x97\x1c\xd3\
\xf1F+\xad$\x95\x91\xf0\xd5\xebN\xb4\xddI\xbdX\
\xcd\xb5\xa5\xa1\xf8v\xfb\xc4\x13\x14\xb4@\xb1)\xfd\xe4\
\xef\xf7\x13\xfcO\xb0\xad/\x09\xf8B_\x10\xbf\xdan\
\x0bC\xa7!\xc38\xfb\xd2\x9f\xee\xaf\xf55\xe9p\xdb\
Cgn\x96\xd6\xd1$0F0\x88\xa3\x81V\x95\xce\
i\xce\xda#+B\xf0\xbe\x9d\xa0(kx\xfc\xdb\x9c\
|\xd72\x0c\xb1\xfa\x0f\xe1\xadc\x92sK\x83F*\
\xcc\x1b\xbe\xe2b\x8c\x13K\x8e\x09$\x009$\xd7?\
\xaak-9h-X\xac=\x0b\x8e\xaf\xfe\x02\x9aW\
\x11v\xff\x00[\x86\xd0\x98\xe1\x02iG^~U\xfa\
\x9a\xc1\xba\xbc\xb8\xbdl\xcf)a\xd9G\x0a?\x0a\x88\
\x0cqKZ%a\x8c\xc5\x18\xa7\xe2\x93\x14\xc0n(\
\xc1\xa7\xe2\x92\x80\x1b\x8a)\xd8\xa3\x14\x00\xda)\xd8\xa4\
\xc5\x00%\x14\xbbh\xc5\x00%\x14b\x8cP\x01E\x18\
\xa0\xd0\x01I\x81\xf8\xd2\xd1@\x16\x22\xd4.\xa3\x8f\xca\
\xf3<\xc8\x8fX\xe5P\xeb\xf9\x1a\xa3u\xa3h\xb7\xf9\
/h\xf62\x9f\xf9il\xd9_\xfb\xe0\xff\x00J\x9a\
\x8a\x97\x14\xc6\x9b[\x18w>\x0c\xbe\x00\xbe\x9d4:\
\x8a\x0e\xc8vH?\xe0'\xfaV\x1c\xb1\xc9o!\x8a\
h\xde)\x07Tu \xfe\xb5\xdcw\x07\xa1\x1d\xc5O\
%\xd7\xda\xa3\xf2o\xa1\x8a\xfa\x1f\xee\xcc2G\xd1\xba\
\x8a\x87O\xb1\xa2\xa8\xfa\x9e}Eu\xb7>\x11\xd3\xaf\
\xb9\xd3o\x1a\xcaS\xd2\xde\xe7\xe6C\xf4~\xdf\x8ds\
\xda\x9e\x8f\xa8h\xaf\xb2\xfe\xd5\xe1\x07\xee\xbf\xdeF\xfa\
0\xe2\xb3i\xad\xcd\x14\xd3)\x15\x0c0\xc0\x11\xefU\
\xa5\xb3\xef\x19\xfc\x0dZ\xa2\xb3\xa9J3^\xf1\xd5C\
\x13R\x83\xbc\x1f\xcb\xa0\x9a\x1c\xe6\x1b\x96\x81\xf8\x0f\xd3\
>\xa2\xb7\xb1X;Au~\x8c\xa7 \xd6\xd5\xb5\xdc\
w#\x00\xe1\xff\x00\xbak\xcf\xabBP\xd7tz\x0f\
\x17\x0a\xce\xfb1\xf8\xf6\xa8f\x83w\xcc:\xd5\xac\x1a\
LVQ\x9b\x8b\xba)\x19\xdbj\xd5\x86\xa1-\x8bm\
\xc6\xf8\x8fT\xf4\xf7\x14\xb3[\xee\xf9\x97\xaf\xa7\xadV\
 \x83\x8a\xf4(\xd6\xd7\x9a/SXM\xa7x\x9dD\
\x13\xc5s\x18\x92'\xdc\xbd\xfdG\xd6\x9f\x5c\xb43K\
o'\x99\x13\x94oQ[\x16\xba\xe4o\x85\xb9_-\
\xbf\xbe\xbc\x83\xfe\x15\xeb\xd1\xc6FZOG\xf8\x1e\x85\
,Te\xa4\xb4f\x8e(\xc5*\x15\x95wF\xca\xeb\
\xea\xa74\xb8\xae\xcd\x0e\xa1\xb4\x98\xa7Q\x8ac\xb8\xdd\
\xb4\x98\xa7b\x8a\x00f(\xc7\xa5?\x14\x98\xa7p\x13\
-\xeai2i\xd84\x98\xa7p\x1b\xf9~T\x98\xf6\
\x1f\x95?\x14\x98\xa7p2\xf5\x1d\x1dn\x98\xcd\x01\x09\
/u\xec\xdf\xe0k\x0c\xac\xb6\xb2\x8c\x8d\xac?Z\xec\
*\x86\xa7`\xb7\x08d\x0b\xcf\xf1c\xf9\xd7\x15|*\
\x97\xbf\x0d\x19\xc7_\x0e\x9f\xbd\x0d\xca\x9a}\xe2\x86\x0d\
\xd1[\x87\x1e\x95\xaf\x8a\xe5\xb0\xf6r\xf3\xd3\xbf\xa3\x0a\
\xde\xd3\xee<\xc4\x111\xc9\x03*}EV\x16\xb77\
\xbb-\xd0a\xaa\xdf\xddd\xb7S\xad\xad\xbc\x93\xb7\xf0\
\x8e\x07\xa9\xed\x5c\x91\xdc\xc4\xb3\x1c\xb19'\xde\xb65\
\xfb\xad\xf2-\xaa\x9e\x13\xe6o\xafj\xc9\x00\x93\x81\xd4\
\xd7&2\xaf4\xf9WC\x0cUNi\xf2\xae\x85\x8b\
\x18\xf9i\x08\xe9\xc0\xabx\xa5\x8e1\x14j\x9e\x9d~\
\xb4\xb8\xae\x9aP\xe5\x8aA\x05ea\xb4b\x97\x14b\
\xb4(n)\x08\xa7b\x8a\x02\xc3(\xa7\x91I\x8a`\
7\x14\x9bi\xd8\xa3\x14\xc0u\xb4^e\xc2/l\xe4\
\xd6\xb9\xe6\xa9\xe9\x91\xf2\xf2\x1e\xdf(\xab\xd8\x1d\xf8\xae\
\x8aJ\xc8\xeb\xa1\x1bF\xe79\xe2\x09w\xde$c\xa4\
i\xfa\x9a\xcc\xc75=\xe4\xbfh\xbb\x96n\xcc\xc7\x1f\
J\x89FMxX\x8a\x9c\xd2\x94\xcf*\xb4\xf9\xa4\xe4\
&\xdaLS\xf1I^u\xceA\x98\xa4\xc5<\x8aB\
1N\xe03\x14c\x14\xecPE0\x19\x8aLS\xe9\
1@\x0c\x22\x93\x14\xf3I\x8ab\xb0\xccSqRb\
\x90\x8aw\x01\x98\xa4\xc5<\x8ai\x14\xc0n)1N\
\xc5\x18\xa7p&\xb1\xbd\x92\xc6q\x22r\x0f\xde_Q\
]U\xb5\xccWq\x09b9\x07\xf4\xae;\x15b\xc6\
\xfa[\x19w\xa1\xca\x9f\xbc\xbe\xb5\x95J|\xda\xad\xce\
\x8a\x15\xfd\x9b\xb3\xd8\xf5\x1f\x08x\xc6_\x0eI\xf6[\
\x90\xd3i\xaerTr\xd0\x9f\xef/\xb7\xa8\xafW\xb7\
\xb8\x86\xee\xde;\x9biRh%\x1b\x92D9\x0c+\
\xe7\xfb[\xb8\xaf\x22\x12D\xd9\x1d\xc7q[\xde\x1c\xf1\
M\xff\x00\x86g&\xdc\xf9\xd6\xaes-\xb3\x9f\x95\xbd\
\xc7\xf7Ms'm\x19\xe88\xa9+\xc4\xf6Z1Y\
\xba\x17\x894\xcf\x11\xc5\xba\xcalL\x07\xcfo'\x12\
'\xe1\xdf\xea+S\x18\xe3\xa5Y\x93V<\xf3\xe2\xc5\
\x8a\x86\xd3o\xd4|\xcc\x1e\x17>\xb8\xc1\x15s\xe1D\
\xcf&\x93}m\xd7\xcb\x9c0\x1fPi\x9f\x15\xee#\
[\x0d:\xd0\x91\xe6\xbc\xad.;\x85\x00\x0c\xd7\x0dg\
\xad\xdfi\xdau\xd5\x85\xa4\xa6\x18\xee\xc83:\xfd\xf6\
\x03\xf8A\xec*z\x9a\xa5x\xd8\xee\xbca\xf1\x01l\
L\x9av\x8b\x22\xbd\xc8\xf9e\xba\x1c\xac^\xcb\xea}\
\xfbW\x9a\x92Y\x99\x98\x96f9fc\x92O\xa94\
|\xb1\xa78UQ\xf9W=\xabk\x86m\xd0Z\x92\
\x13\xa3?v\xfaS\x8c\x5c\xde\x84\xceq\xa4\xae\xc95\
\x8dofm\xed[-\xd1\xa4\x1d\xbd\x85s\xe7\x9e{\
\xd3\x8d&+\xba\x10QVG\x95V\xac\xaa;\xb1\xb4\
R\xe2\x93\x15fV\x12\x90\x8au\x14\xc0e&)\xf8\
\xa4\x22\x98\x86b\x8au&)\x80\x84RS\xa91@\
\x09F(\xc5\x14\x08J)i1L\x02\x8a(\xa4\x02\
b\x8aZ1@\x09E\x18\xa3\x14\x0c))h\xa0\x02\
\x8a)(\x01h\xa2\x8a@%-\x14\x94\x0cZ(\xa2\
\x90\x05\x14Q@\x05.i(\xa4\x02\xd4\x96\xcc\x16x\
\xc9\xe9\x9a\x8b4\xb4\x09\xab\xab\x1d\xa7\x84\xdfNO\x13\
io\xab\xb0[\x05\xb8S1=\x00\xed\x9fl\xe2\xbe\
\xa3s\xbd\xb7d0nA\x07 \x8e\xc4W\xc7\xd6w\
K:\x04o\xbe\x07#\xd6\xbdC\xe1\x97\xc4\xf3\xa1\x18\
\xf4MrVm1\x8e!\xb8nM\xa9\xf4>\xa8O\
\xe5S%\xd4\xe0\xa3/f\xf9$z\x97\x8bt\xe9\xee\
\xad\xa2\xb8\x84\x97K|\x97\x8f\xd8\xff\x00\x10\xae?\x15\
\xe9\xe9\x82T\x82\xac\x8c\x01\x04\x1c\x86\x07\xbf\xd2\xbc\xea\
\xfa!\x05\xf5\xcc@aRB\x00\xf4\x15\xb5\x19]X\
\xe8\x92\xeaU\xc6k;Z\xd6mt+O\xb4\x5c\x9d\
\xcc\xdcG\x10?4\x87\xfa\x0fz\x8f\xc4^$\xb4\xf0\
\xfc[[\x13^0\xca@\x0fOv\xf4\x15\xe6Z\x8e\
\xa1s\xa9\xdd=\xdd\xe4\xa6I[\xbf@\x07\xa0\x1d\x85\
\x5c\xa7m\x11\xcfR\xa2\x8e\x9dG\xea\xba\xb5\xd6\xb5x\
\xd7WM\x96\xe8\x88>\xea\x0fAX\xb7\x97\xbdc\x88\
\xfdZ\x9by}\xbb1\xc4x\xee\xde\xb5J\xb9\xd9\xa5\
\x1a\x0d\xbey\x85\x14QSc\xb4|S\xc9\x09\xf9\x1b\
\x03\xd2\xaeE\xa8\xa9\xe2E*}EP\xa4\xa0\xcat\
a=\xd1\xad\xf6\xb81\x9f0Uyu\x05\x1cF\xb9\
\xf75F\x8a.g\x1c,\x13\xd7Q\xd2J\xf2\x9c\xbb\
\x13M\xa2\x8aL\xe8\xb2[\x05\x14QH\x04\xa2\x96\x8a\
C\x1bE-%\x00\x14\xd9>\xe9\xa7Sd\xfb\xa6\x93\
\xd8\x07QE(\x15@\x18\xa5\xa2\x8a\x04\x14QE\x00\
\x14QE1\x85\x14P\x050\x00)h\xa2\x80\x0a(\
\xa44\xec\x01\x9a\x9e\xceM\x93\x00z7\x15\x05\x03\x8e\
\x94\xd12\x8f2h\xea|?\xa8\x7fej\xf6\xf7,\
\x7fw\x9d\x92\x7f\xbax\xafP#\x07\xd4W\x8d\xc2\xe2\
h\x83\x1e\xe3\x06\xbd7\xc2Z\xa7\xf6\x9e\x8e\x81\xdb3\
\xdb~\xeaOq\xd8\xfeU\xd9B]\x0f\x95\xcc\xe8\xb5\
i\xf6\xd1\x9b\xb6o\xe5]\xc2\xfd\x83`\xd6\xe6\xad9\
\xb2\xd2\xaf\xaeS\xefE\x03\xb2\xfdq\x5c\xf1\xcdnj\
M\xf6\xcf\x0e^0\xe7}\xab\xfex\xad&\xba\x9e\x0d\
E\xefE\xb3\xe7\xff\x003d>c\x9c\xf1\xb8\xfb\x93\
PA{\xbd\xb6\xc9\x81\x9e\x86\x96\xe0\x13f>\x82\xb3\
\xeb\x89\xb3\xef)R\x8c\xe2\xeeu\xba\x06\xbf6\x85t\
X\x03%\xb4\x87\xf7\xb1z\xfb\x8fq^\xad\xe1\xdb\xd8\
ne\x8aky\x04\xb0\x5c)\x0a\xc3\xbf\xb7\xd6\xbc&\
\xd2\xeb\xa4r\x1f\xa1\xad\x9d;Z\xd4\xb4}\xe2\xc2\xf2\
Kp\xfdv\xe0\xfe#=\x0dm\x0a\x96Vg\x91\x98\
e\xde\xd3m\x1f\xe6zO\x8e\xfcw\xfd\x90\x1fJ\xd2\
\xa4\x06\xfc\x8cK0\xe4[\x8fA\xea\xc7\xf4\xaf$\x9e\
q\x02\x96bY\xd8\xe7\x93\x92\xc7\xd4\xd2\xcf:\xc2\xa5\
\x98\x96f9\xe4\xe4\xb1\xf5\xac\xc9$i\x5c\xb3\x1c\x93\
Y\xcaW:\xf2\xfc\xbe4\xa3e\xf3}\xc4wi\x18\
\xb3\x1c\x93IE%I\xec%ai\x0d\x14\xb4\x0c(\
\xa2\x8a\x00(\xa4\xa2\x9d\x80\x09\xa2\x80)h\x10QE\
\x14\x00QK\x8a(\x10\x98\xa5\xa2\x8a\x00(\xeb@\x14\
\xb4\xc01E\x19\xa3\x19\xa4\x06\xae\x9esl>\xa6\xbd\
\x03\xe0\xf4\xc6\x1f\x16K\xb5\xcaH\xd6\x8f\xb4\x83\x83^\
y\xa67\xee\xdd}\x0dt\x9e\x11\xd5\xd7B\xf15\x85\
\xfc\x87\x11,\x9b%\xff\x00u\x86\x0f\xf3\xac\x9e\xe7=\
D\xf5H\xfa\x02[\xbb\x89\x86$\xb8\x95\xc7\xa1j\x88\
\x0fA\x8as(V# \xfa\x1fZ\x07\xcc@\xf5\xab\
\xd8\xe0m\xbd\xceg\xc5\x97\xe7ri\xe8\xdc`<\xb8\
\xef\xe8+\x9d\xabz\xa4\xa6}N\xeaF<\x99\x08\xfc\
\xb8\xaa\xb5\xbcU\x91Bb\x97\x14U\x8b\x0b\x19u+\
\xb4\xb6\x8b\x82\xdc\xb3vU\xeeh\x03\xa1\xf0\x8d\xb1\x8e\
\xcek\x820&`\x17\xe8+\xcb>\x22L\xb3\xf8\xd7\
S*r\x11\x95\x0f\xd4(\xafg\xbb\xba\xb4\xf0\xfe\x95\
-\xdc\xb8K[8\xb7c\xd7\x1d\x07\xd4\x9f\xe7_>\
\xdc\x5c\xcb{s5\xdc\xdc\xcb;\xb4\x8d\xf5'5\xcd\
Q\xdc\xda\x8a\xd5\xb3_\xc1\x04/\x88\xa2\x04\xfd\xe8\xdc\
\x0f\xca\xbd\x13\x15\xe7\xde\x08\x84\xc9\xaf#\xf6\x8d\x18\xfe\
\x95\xe8X\xaf3\x11\xf1\x9e\xa5\x05h\x89E-\x15\x89\
\xa8\x98\xa5\xc5\x14\xb8\xa41+\x9f\xf1\x5c<\xdbN\x07\
\xaa\x1f\xe9]\x0dgx\x86\x0f;I\x94\x81\x93\x19\x0e\
?:i\xea\x08\xe41Y\xba\xbc\x7f4O\xea\x0a\xd6\
\xa0\x15OUM\xd6\xbb\xbf\xba\xc2\xb4E=\x8a:k\
\xec\xbcO\xf6\xb2+k\x15\xcf\xc6\xde\x5c\x88\xff\x00\xdd\
`k\xa1\xeb\xd2\x9b\x14N\x93\xc2\xa9\x8bI\xdf\xfb\xd2\
\x01\xf9\x0a\xda\xc5fxn=\xbaR\x9f\xef\xbb\x1a\xd4\
\xc5b\xf7\x13\x0a)h\xa0\x0eO\xc7\xf6[\xad\xado\
\x94s\x1b\x18\x9c\xfb\x1e\x95\xc5\x11\x90G\xadz\xa6\xb7\
c\xfd\xa3\xa3\xdd\xdb\x01\x96d\xdc\xbf\xef\x0eEyb\
\xfc\xc0\x1a\xd2\x0fA\x14J\xed$zQ\x8a\x9a\xe1\x02\
\xbe}j +\xb62\xba\xb9\x16\x0cR\x81@\x14\xec\
S\x011F)@\xafN\xf07\xc2;_\x10\xe8\x11\
j\xfa\xa5\xf4\xf0\xfd\xab&\x08\xa0\x03\xe5Pq\xb9\x8f\
\x7f\xa5g:\x8a\x0a\xec\xa8\xc1\xc9\xd9\x1ec\x8a\x5cV\
\xdf\x8b|-s\xe1\x0djM2\xe6U\x9c\x05\x12E\
2\x8c\x09\x10\xf7\xc7cX\xd5JI\xab\xa15gf\
\x18\xa2\x94\x0a\x5cP\x16\x13\x14\xb8\xa7\x05\xa5\x0b\x8aW\
\x01\xa0S\x82\xd3\xb1K\x8aC\x1a\x05=W\x8a\x00\xa7\
\x01\x5c\xd8\x99\xd9r\x9dXX\xdd\xf3\x174{?\xb6\
\xea\x11\xc6G\xc8\xbf;\xfd\x05v'\x93\x9a\xc7\xf0\xc5\
\xaf\x97k%\xc9\x1c\xca\xd8_\xa0\xad\x9cW\x85\x88\x9f\
4\xed\xd8\xfa<$9a~\xe2b\x8a\x5cQ\x8a\xc0\
\xe9\x12\x96\x97\x14\xb8\xa0\x04\xc1\xa3\xf3\xa5\xc5\x18\xa0\x06\
\xbcQ\xc80\xf1\xa3}EU\x93H\xb2\x97\xac!O\
\xaa\x9cU\xdcR\xe2\xaa5g\x0f\x85\xb4eR\x8d:\
\x9f\x1cS\xf9\x18\xf2\xf8yO\xfa\x99\xca\xfb8\xcdR\
\x9bE\xbd\x8b\x91\x18\x91}P\xff\x00J\xe9\xa8\x19\xae\
\xb8f5\xa3\xbb\xbf\xa9\xc1W(\xc3\xcfeoO\xf8\
'\x1c\xc8P\xedpT\xfa\x11\x8a\x00\xc5u\xf2C\x1c\
\xc3\x12\xa2\xb8\xf7\x15Fm\x0a\xd6Nb-\x09\xf6\xe4\
Wm<\xce\x0f\xe3V\xfcO2\xb6IV:\xd3\x92\
\x7f\x81\xcf\x05\xc3\x06\x19\x0c:\x11\xc1\x15\xbd\xa5\xf8\xdb\
_\xd2@H\xaf\x8c\xf1\x0f\xf9ep7\x8f\xcc\xf3U\
&\xd0\xae\xe2\xe6=\xb2\x8fc\x83Td\x89\xe1m\xb2\
#!\xf4a]\xd4\xeb\xc2\x7f\x03\xb9\xe5\xd6\xc3T\xa7\
\xa5X\xd8\xf4M7\xe2\xad\xa4\x98]OO\x92\xdd\xbb\
\xc9\x0bo_\xcb\xadu\x1a\x7f\x894]P\x0f\xb2j\
V\xee\xc7\xf8\x1c\xeco\xc8\xd7\x89})\x0a+u\x02\
\xb5\xe6g+\xa4\xba\x1fA\x08\xd8\x8c\x81\x91\xea9\x14\
\xde\x95\xe1\x16\xda\x8d\xf5\x97\xfc{^\xdc\xc3\x8e\x81$\
8\xadh<s\xe2X8]VG\x1e\x8e\x8a\x7f\xa5\
>b=\x8b\xee{\x0d(\x05\x8e\x00$\xfbW\x92\xff\
\x00\xc2\xc4\xf1/\xfc\xfeE\xff\x00~V\xaa^x\xc7\
\xc47\xeaRmV`\x87\xf8c\x01?\x95\x1c\xc8=\
\x8b=/\xc4~,\xb0\xf0\xd4\x07\xcde\x9e\xf0\x8f\xdd\
\xda\xa9\xc9'\xd5\xbd\x05x\xfd\xdd\xd5\xc6\xa1u5\xdd\
\xd3\x99'\x99\xb7\xbbz\x9f\xf0\xa6c,X\x92Y\xb9\
,NI\xa7G\x1b\xcb\x22\xc7\x1a3\xc8\xe7\x0a\xa3\xa9\
5\x12\x97shS\xb6\x88\x9fJ\xd3_U\xd4!\xb4\
O\xe39c\xe8\xa3\xa9\xafRX\xd5\x14*\x8c*\x80\
\x00\xf4\x15\x91\xe1\xad\x03\xfb\x1a\xd9\x9el5\xdc\xa3\xe7\
?\xdc\x1f\xdd\x15\xb3\x8a\xf8l\xe3\x1c\xb15y`\xfd\
\xd8\xfe=\xd9\xf6\x99N\x09\xe1\xe9sO\xe2\x90\x98\xa3\
\x14\xb8\xa5\xdb^A\xeb\x0d\xa2\x9d\x81K\x8a\x00o4\
b\x9dK\x8a.!\xb8\xae\x13\xe2\x15\xbe\xcdJ\xd6|\
\x7f\xad\x88\xa9\xfa\x83]\xee+\x94\xf8\x87\x06\xeb\x0b9\
\xc0\xfb\x92\x95\xfc\xc5we\xb3\xe5\xc4G\xcfC\x97\x19\
\x1b\xd2g\x09\xf7pGnk\xb8_\x9d\x15\xbdT\x1f\
\xd2\xb8\x92\x09\x06\xbb+\x02d\xb1\xb7\x7fT\x15\xf4\x18\
\xad\x938poV\x89v\xd6\xf6\x8b\x00\x8e\xcfy\x1c\
\xc8s\xf8v\xacM\x85\x88Q\xd4\x9cWU\x14B(\
\xd208P\x05x\xd8\xe9\xda\x0a=\xcfJ\x9a\xd4(\
\xa7\xe3\xda\x8cW\x94lr\xde?\x98\xa6\x95\x04\x03\xac\
\xb3g\xf0\x035\xc1\xed\xae\xbb\xe2\x0c\xbb\xefl\xed\xf3\
\xfe\xae6r=\xc9\xaeX.H\x15\xf59l9p\
\xf1\xf3\xd4\xf0\xf1\x92\xbdVK\x1c` \xa7m\x1e\x95\
(@)B\x8fJ\xf6\xd6\x88\xf1[\xbb\xb9\x954{\
%`*\x95\xfe\xa3\xf6(Z4?\xbd~\x9f\xec\xfb\
\xd6\x8e\xb12\xda'\x9c\xdd\xc6\x00\xf55\xc9K#\xcf\
#H\xe7,k\xa6\x15\x5cu\x8e\xe5ap\xbc\xf2\xe6\
\x96\xc8\x8c\xe4\x92O&\x8cS\xb6\xd0\x14\x92\x14\x02\xc4\
\xf0\x00\xeek3\xd9%\xb1\xb2\x97P\xb9KxG\xcc\
\xdc\x93\xd9G\xa9\xae\xa6U\x87O\xb6\x16\x16\xa3\x00}\
\xf6\xee\xc7\xde\x8b\x1bE\xd0\xec0pn\xe6\xe5\x8f\xa7\
\xb7\xe1U\xfa\x9c\x93\x92z\x9a\x8a\x10\xf6\xd2\xe7\x7f\x0a\
\xdb\xcd\xf7>\x8a\x8d\x1f\xaaS\xe5\x7f\xc4\x96\xfeK\xb7\
\xab\xea3\x14\xb8\xa7Sd\x91b]\xcep?\x9dz\
&M\xd81M\x96D\x85\x0b\xc8\xc0\x01\xf9\xd5Io\
$~\x13\xe4_\xd6\xb3\xa6\x93\xccn\xb9\x03\xd7\xbdg\
:\x89#\x9a\xae%Eh%\xcc\xefu)\x91\xb8\x1d\
\x02\xfa\x0a\x8bm;\x14`\xd7+w\xd4\xf3\x1bm\xdd\
\x8d\xc5^\xd2t\xa95K\x8d\x80\x94\x899\x91\xfd=\
\x87\xbd2\xc2\xc2]F\xe5`\x87\x82yf=\x14z\
\xd7kii\x0d\x8d\xba[\xc0\xb8E\xeez\xb1\xf55\
\xcb\x89\xc4{5e\xb9\xeb\xe5Yk\xc4\xcb\x9e\x7f\x02\
\xfc|\xbf\xccXa\x8e\xde$\x86\x15\x09\x1a\x0c*\x8a\
~)\xd8\x14`W\x92\xcf\xb5I%d7\x15Z\xf6\
\xeb\xec\xc9\xb5\x7f\xd67Ooz\x9a\xe2u\xb6\x8fy\
\xe4\x9e\x14z\x9a\xc7vi\x1c\xbb\x9c\xb3u5\xe8`\
p\x9e\xd1\xf3\xcf\xe1_\x89\xe7\xe3\xf1\x9e\xc9rC\xe2\
\x7f\x80\xccw\xebF)\xd8\xa3\x15\xef\x1f>1\x88U\
,z\x0eMeH\xe6Wg=M^\xbf| \x8c\
unO\xd2\xa9b\xa2L\xe6\xad+\xbeQ\x117\x1a\
\x9b\x14\xa8\xb8Z\x5cWE(\xd9\x1f\x0f\x9a\xe2\xfd\xbd\
nU\xf0\xc7E\xfa\xb1\xb8\xad\xbf\x09\xf8a\xfcI~\
U\xf7%\x94\x187\x12\x0e\xa7\xd1\x07\xb9\xac\xbb[I\
\xef\xee\xa1\xb4\xb6M\xf3\xcc\xe1\x11}\xcd{V\x91\xa3\
\xdb\xe8:\x5c:}\xbf+\x18\xcb\xbfy\x1c\xf5c[\
%s\xc7\xa9;-\x07$1\xdb\xc4\x90\xc3\x1a\xc5\x14\
k\xb5\x11G\x0a)\x8c*\xc3\x8ej\x16\x15g9\x1e\
(\xc5.*\x1b\xdb\x91gi$\xe7\xaa\x8f\x94z\x93\
\xd2\x98\x19\x1a\xf6\xa0Y\x8d\x94G\xe5\x1f\xebH\xee}\
+\x1b\x14\xeeI%\x8eX\x9c\x93\xeah\xc5h\xb4\x18\
\xdcQ\x8av(\xc5;\x80\xdcRb\x9f\x81E\x003\
\x14b\x9d\x8a1E\xc0n(\xc58\x8a1@\x0c\xc5\
\x18\xa7b\x8cP\x03qE;\x14b\x80\x1b\x8aJv\
(\xc50\x1b\x8a1K\x8a1@\x09\x8aLS\xb1F\
(\x01\xb8\xa4\xc1\xa7\xd2P\x03qE;\x14b\x80\x1b\
\xf5\xabV\xda\x94\xd6\xf1\x98X-\xc5\xbbp\xd0\xca7\
)\xff\x00\x0a\xad\x8a1H\x08o|\x1d\xa7\xea\xe1\xa5\
\xd1$\x16w=M\x9c\xa7(\xdf\xee\x9e\xd5\xc7\xdeY\
\xdc\xe9\xf7-my\x03\xc1:\xf5G\xfe\x9e\xa2\xbb^\
A\x04d\x11\xd0\x8e\xd5v[\x8bMb\xd8Ykq\
y\xd1\x8f\xb9p8x\x8f\xaek9C\xb1\xa4j5\
\xb9\xe7\x14\x02A\xc885\xb1\xe2\x1f\x0c]\xf8}\x84\
\xa5\xc5\xcd\x8c\x87\xf7w(8\xfa0\xeck\x1e\xb26\
N\xfa\xa3J\xd3R\xce\x12s\xf4\x7f\xf1\xad\x1c\x03\xef\
\x5c\xe5]\xb1\xd4\x0d\xb9\x11\xc9\x96\x8f\xf9W\x15|7\
\xda\x81\xdbG\x11ovf\xae\xda\x8eKu\x93\xd8\xfa\
\xd5\x96FS\xb5\xd4\xab`\x1c\x1fC\xd2\x9b\xb6\xb8T\
\x9awGq\x9c\xf0:u\x19\x1e\xa2\xa3\xad\x09\xdb\xcb\
^:\x9e\x95H\x8a\xef\xa57%vZbG#\xc2\
\xdb\xa3vC\xea\xa7\x15r=j\xf58.\xaf\xfe\xf2\
\xd1\x05\xa2\x18\xb3\x22\xf2\xdd=\xa9\xaf\xa7\xff\x00q\xff\
\x00\x03]\xb1\x85X\xab\xc5\x9bEN*\xf1e\x94\xf1\
\x04\x83\xef\xdb\xa3}\x1b\x15*\xeb\xf0\x1f\xbf\x04\x8b\xf4\
9\xac\xb7\xb5\x99:\xa1?J\x88\xa9^\xa0\x8f\xa8\xaa\
\xfa\xcdh\xee\xff\x00\x02\xfe\xb1Un\xcd\xf5\xd6l[\
\xab\xba}V\xa5[\xfb7\xfb\xb7)\xf8\xf1\x5c\xd7\x14\
\x98\x06\xae8\xea\x9dR)c'\xd5#\xabYc\x7f\
\xbb*7\xd1\x858)=9\xfaW%\x8aP\xce\xbf\
u\xd8}\x0dh\xb1\xfd\xe3\xf8\x9a,gtu\x9bO\
\xa1\xa4\xaean\xeeS\xee\xdcH?\x1ax\xd5/\x97\
\xa5\xc3~ V\x8b\x1f\x0e\xa9\x94\xb1\x91\xect\x98\xa4\
\xc5s\xe3Y\xbe\x1de\x0d\xf5QO]v\xecu\x11\
\x1f\xf8\x0dZ\xc7S\xf3)b\xe1\xe6n\x9aJ\xc6\x1a\
\xfc\xfd\xe1\x8c\xfd\x0e)\xdf\xf0\x90\x9e\xf6\xa3?\xef\xd5\
\xacm.\xe5}j\x9fr{\xeb \xb9\x91\x14\x14?\
yq\xd2\xa9\xb4\x9eB\xf9\xa0\xe3g\x22\x9c\xda\xfc\xc7\
;`\x8c}Nk:k\x89&\x18`\xa1s\x9c\x01\
\x5c\xf51T\xf7\x86\xe7-Z\xb0\xbd\xe0C#\xb4\xb2\
4\x8er\xccrMOe\x06\xe72\x1e\x8b\xd3\xebQ\
*\x19\x18\x22\x8eMi\xa4b4\x08\xbd\x05s\xe1\xe1\
\xcd.g\xd0\xc6\x9cn\xee\xc6\xe0\xd1O\xc5&+\xd1\
7\x19\x8a1N+I\x8cP\x03qI\x8a}%0\
\x1b\x8a1N\x22\x93\x14\x00\xdaB)\xd5%\xbc^l\
\xe8\x9d\xb3\x93Mj4\xae\xech\xda\xc5\xe5[\xa2\xf7\
\xeaj=J\x7f\xb3\xd8\xcd \xeb\x8d\xa3\xeaj\xd1\xac\
o\x11M\xc46\xe3\xbe]\xbf\xa5k^~\xce\x9bg\
]W\xc9M\xd8\xc3\xc6)\xca8\xe9I\x8a\x90\x0c\x0c\
W\xceVzX\xf1'\xb0\xc2\xb4\xd2\x08\xa9qHE\
s\x99\x91\x91I\x8a\x90\xa84\xd2\x08\xa2\xe2\x19\x8ai\
\x06\xa4\xebI\x8ab\x19I\x8a~)1L\x06b\x93\
\x14\xfaLzS\xb8\x0c\xc5&)\xf4\x84P\x03\x08\xa4\
\xdbO\xa4\xc5;\x8a\xc3\x08\xa4\x22\x9eE!\x14\xee\x04\
x\xa3\x14\xfcSqL\x07\xdb\x5c\xcbi(\x92&\xda\
G\xe4k\xa2\xb0\xd6 \xbc\x01_\x11\xcb\xfd\xd3\xd0\xfd\
+\x994b\xa2pR\xdc\xd6\x95iS\xdbc\xb6R\
\xc8\xeb\x223#\xa9\xc8e8#\xf1\xad\xfbo\x1e\xf8\
\x92\xd6/)u\x0f0\x01\x80e\x8dY\x87\xe3^o\
k\xac\xddZ\x80\xbb\xbc\xc4\x1f\xc2\xdf\xe3Z1\xf8\x8e\
\x12?y\x0b\xa9\xf69\xac\x1d)-\x8e\xe8\xe2i\xcb\
sv\xf6\xf6\xefQ\xb9k\xab\xdb\x89.'n\xae\xe7\
\x9c\x7fJ\xa7ss\x0d\xa4fI\x9c(\xfdMd\xdc\
\xf8\x8c\xe3\x16\xf1`\xff\x00y\xbf\xc2\xb1\xae'\x96\xe6\
O2W.\xde\xfd\xaa\xa1E\xbd\xc8\xa9\x8b\x8ct\x86\
\xa5\x9dKW\x96\xf8\x94Pc\x87\xfb\xbe\xbfZ\xce\xdb\
O\xc5&+\xae)%dy\xf2\x9b\x93\xbc\x86b\x93\
\x14\xfcR\x11L\x91\x94b\x9dI\x8ab\x1b\x8aJu\
&)\x80\x94Q\x8a(\x10\x84SqO\xa4\xaa\x01\x98\
\xa2\x9cE%;\x88m\x18\xa5\xc5\x14\x00\xda)qI\
@\x06))h\xa0BQEH\xb6\xf20\xc8S\x8a\
M\xa5\xb87b:LS\xdd\x19\x0e\x18\x11M\xa6\x01\
F(\xa4\xcd\x00\x14Q\x8a\x0d\x03\x0a(\xa2\x81\x80\xa3\
\xad\x14R\x10\x11IN\xebHh\x18QIK@\x05\
\x14QJ\xc0\x14\x03E\x14\x00\xe5fF\x0c\xa7\x04t\
5\xabiv\xb7\x0b\x86\xc0q\xd4z\xd6E9X\xa3\
\x06S\x82;\xd21\xadET^g\xb1|6\xf8\xa6\
\xde\x1aE\xd2u\xa6\x92m(\x7f\xa9\x94\x0d\xcfj}\
1\xfcJ};T\x9e4\xf8\x8de-\xfd\xc1\xf0\xeb\
\x19\x84\xa4\x1f\xb4\xc8\x85B\x1cs\x85=O\xbdy}\
\xa5\xda\xdc.\x0f\x12\x0e\xa3\xd6\xa5\x9at\x81w9\xc7\
\xb7sDtwG\x0b\x9dE\xee=\xc9'\x99\xe4w\
\x9ey\x0b\xbb\x1d\xcc\xeerI\xac\xab\xbb\xe36R>\
\x13\xf9\xd4w7op\xdc\xf0\x9d\x96\xa0\xa0\xe9\xa3\x87\
\xe5\xf7\xa7\xb8b\x93\x14\xb4R:\xc34QE\x00\x14\
QE!\x89\x8a)h\xc5 \x12\x8a\x08\xa2\x80\x0a(\
\xa2\x90\x82\x8a(\xa4\x01I\x8aZ(\x01\xb4\xd9>\xe1\
\xa7\xe2\x99'\xdc4\xa5\xb0\xc7\x8aZJZb\x0a(\
\xa2\x80\x0a(\xa2\x98\xc2\x8cQJ)\x80QE\x14X\
\x02\x8a):\xd3\x00\xa2\x8cR\xd3\x011K\x8e\x01\xc1\
\xc1\xe8q\xd6\x90\xf2\x0e+\xd4\xbc]\xe3\x8f\x07\xea\xdf\
\x0a\xf4\x9d\x07O\xb2\x03Y\xb7\xd8\x18\xf9%|\x82>\
\xf1\xdd\x8f\x9bw\xd7\xbdL\x9bB<\xde\xc6]\x8f\xb0\
\xf4o\xe7]/\x86u\x7f\xecmU%s\xfe\x8f/\
\xee\xe6\x1e\xdd\x8f\xe0k\x91\xce9\x15\xa9o(\x9e,\
\x9e\xbd\x18V\xd0\x95\x8e\x0ce\x15$\xef\xb3\xdc\xf6s\
\xc1\xe0\xe7\xd0\x8e\xf5~\xce\xe1\x17I\xbf\x86g\x08\x8b\
\x0b\xb6\xe6\xe0\x00Ey=\xa7\x8b\xf5{+4\xb5\x8e\
X\xd9Pa\x1d\xd3,\x07\xa5g\xde\xea\xb7\xfa\x8e~\
\xd9w,\xc3\xfb\xa4\xe1\x7f!]2\xaa\x9a>o\xfb\
.rv\x93V(\xec\xdf\x0e\xdfQYU\xa3st\
\xb1\xa9U9s\xe9\xda\xb3\xab\x95\x9fU\x86M&\xd8\
T\xabu2.\x03\x9cTTR7qOqY\x99\
\xceX\x92}\xe9(\xa4\xcd1\x86h\x14b\x97\x14\x0c\
(\xa2\x8a\x04\x14QIL\x02\x8aZ(\x00\xa2\x8a\x00\
\xa6 \xa3\x14\xb8\xa2\x90\x05\x14Q\x8c\xd3\x00\xebJ\x05\
\x18\xc5\x04\xd0\x01Fh\xc6i@\xc5!\x88\x05:\x8a\
(\x02\xc5\x8c\xbeT\xe0\x1e\x8d\xc1\xadB\x03\x02\x0fC\
X\x80V\xad\x9d\xc7\x9e\x9bO\xdf^\xbe\xf5\x9c\xd7S\
9\xae\xa7\xb5|4\xf1H\xd74\xa1\xa6]>u\x0b\
\x15\xc7=f\x8b\xb3\x0fq\xd0\xd7d\xa7\x0c\x0f\xbd|\
\xe7a}s\xa5\xde\xc3}e1\x86\xe6\x06\xdc\x8e;\
{\x1fPk\xdb|#\xe3K\x0f\x16[\x85]\xb6\xda\
\x8a\x0f\xde\xda\x93\xd7\xfd\xa4=\xc7\xf2\xa22\xe8p\xd4\
\xa7mQ\xcf\xea1\x98\xf5\x1b\x94#\x04H\xd5_\x15\
\xd2x\x93E\xb8\x96\xe8\xde\xdbD\xd2\x07\x1f\xbcE\xea\
\xa4w\xac\xcbM\x03P\xbcp\x04\x06$\xee\xf2p\x05\
t)+\x19\xa2\x8c0\xc9<\xab\x0c(^G8U\
\x1d\xeb\xb7\xd1t\x85\xd3-\xfc\xb1\x87\x9eNdq\xdf\
\xd8{\x0a\x81a\xd2\xbc%b\xd7w\x97)\x02\xe3\x0f\
<\xbfy\xbd\x94\x7fA^q\xe2\xdf\x89wZ\xdco\
a\xa4\xac\x96V\x0d\xc3\xc8O\xefg\x1f\xfb(\xf6\xeb\
YNeF.[\x12|N\xf1lz\xb5\xc2\xe8\xb6\
\x12\x89,\xed\x9bt\xf2/\xdd\x96N\xc0{/\xf3\xae\
\x1b\xa5\x00\x05\x00\x00\x00\x1d\xaa\xd5\x8d\xaf\x9c\xdel\x83\
\xf7K\xff\x00\x8f\x1a\xe7\x94\xad\xab;)\xd3\xfb(\xea\
|\x0bfc\x13\xdc0\xe7h\x1f\x9du\x95GC\xb4\
6zlj\xc3\x12I\xf3\xb7\xe3\xd3\xf4\xad\x0a\xf3'\
.i6z)$\xac\x84\xc5\x14\xb8\xa3\x15#\x0a1\
KF(\x011I$bh\x9e#\xd1\xd4\xad;\x14\
\xa3\x83\x9a@y\xfe\xd2\x84\xa1\xe0\xa9\xc1\xfc*\x1b\xc4\
\xf3-%_\xf6sZ\xba\xdd\xbf\xd9\xf5Y\xd7\x1f+\
\x10\xe3\xf1\x15D\xae\xe0W\xd4b\xb5\xb9G7\xd4W\
Al\xfee\xb4o\xea\xb5\x83\xb7i#\xd0\xe2\xb5\xf4\
\xc7\xdddW\xba\x12*\x991;\xdd\x12=\x9aM\xb2\
\xe3\xf8I\xfc\xcd^\xc5Eb\xa1lm\xc0\xed\x18\xa9\
\xab\x06\xc0LR\xd1\x8aZ@\x0b\xc3\x03\xd6\xbc\xb3Z\
\xb2:v\xafwk\x8c*>W\xe8y\x15\xeax\xae\
+\xc7\xf6[.\xedoTq*\x98\xdc\xfb\x8e\x9f\xa5\
\x5c\x1e\xa0\xce>\xe5~@}*\xb0\x15zD\xdc\x84\
ULWe'\xa5\x88c@\xa7\x01K\x8aZ\xd0B\
b\xbb\xbf\x06\xfcW\xbc\xf0\xa6\x904\xa94\xd8\xaf\xa0\
\x88\x93\x0by\x9b\x192rA\xe3\x91\x9a\xe1\x80\xa5\x02\
\xa2q\x8c\x95\xa4T[\x8b\xba4\xbcI\xe2\x0b\xdf\x14\
\xea\xf2\xea\x97\xe5\x04\xb2\x00\xaa\x88>X\xd4tQY\
\xb8\xa5\x0bN\x02\x85\xa2\xb2\x0d\xc6\x85\xa7\x01K\x8a\x5c\
P\x02\x01K\x8a\x5cR\x81J\xe0 \x19\xa5\x02\x96\x94\
\x0aW\x01\x00\xa5\xc1n\x07S\xc0\xa5\x02\xaf\xe8\xb6\xc2\
\xe3S\x85H\xca\xa9.\x7f\x0a\xf3\xf1\x13\xd5\xbe\xc7\xa7\
\x86\xa7\xa2\x8fs\xa9\xb5\x80Z\xdbE\x02\x8f\xb8\xa0~\
5.\x0d;\xa9\xa2\xbcF\xef\xa9\xf4IYY\x09\xb6\
\x97\x14R\xe2\x90\xc4\xa2\x97\x14\xb4\x00\x98\xa3\x14\xb8\xa5\
\xc5\x00&(\xc5;\x15f\xdbN\xb8\xbb\x1b\xa3\x8f\xe4\
\xfe\xf3p*e%\x15y;\x05\x8a\xb4`\xd6\xba\xf8\
~L|\xd7\x08\x0f\xa0Z\x90x}{\xdc\x9f\xfb\xe6\
\xb0x\xca=\xc7\xc8\xcc]\xb4\xb8\xad\xa1\xe1\xf8\xfb\xdc\
?\xfd\xf3N\x1e\x1f\x87\xfe{\xca\x7f\x01S\xf5\xda]\
\xc7\xc9#\x0f\x142\xac\x83k\xa8a\xe8\xc35\xbc4\
\x0bn\xf2\xcai\xc3B\xb4\x1f\xc5)\xfci}z\x90\
{7\xb1\xc9M\xa2\xdaM\xca\xa3D}P\xf1\xf9U\
)|?:\xf3\x14\xa9 \xf4#\x06\xbb\xc1\xa2Y\xfa\
H\x7f\xe0T\xa3E\xb2\xff\x00\x9eo\xff\x00}WL\
3\xb7\x0d\x9b~\xa7\x0d\x5c\xaa\x85M\x5cm\xe9\xa1\xe6\
\xf2i\xb7p\xfd\xfbw\xc7\xa8\xe6\xa0 \xaf\xde\x04}\
Ez\x88\xd2,\x97\xa4M\xff\x00}\x1aS\xa4\xd8\x9e\
\xb6\xea\xdfS\x9a\xe9\x8f\x11G\xed@\xe1\x9eA\x17\xf0\
N\xde\xba\xff\x00\x91\xe5\x9cz\xd4\xb0\xdbMpv\xc3\
\x04\xb2\x1f\xf6T\x9a\xf5\x04\xd2\xac\x10\xe4ZC\x9fu\
\xcdZ\x5c \xc2\x80\xa3\xd0\x0cR\x9f\x11\xaf\xb1O\xef\
d\xc7\x87\xf5\xf7\xaa~\x1f\xf0O?\xb1\xf0n\xa7v\
A\x99V\xd2?W\xe5\xbf*\xeb\xb4\x8f\x0f\xd9\xe8\xcb\
\x98T\xbc\xc4|\xd3?\xde?OJ\xd2\xa5\xc5x\xf8\
\xbc\xd7\x11\x89\x5c\xb2v\x8fdz\x98\x5c\xb2\x86\x1d\xf3\
E]\xf7cqK\x8a\x5cQ^q\xe8\x09\x8a\x5cR\
\xe2\x8cP\x02b\x8av)q@\x86\xe2\x8cS\xb1K\
\x8a,\x17\x1b\x8a\xc3\xf1\xb4>o\x87f`9\x8d\xd5\
\xff\x00Z\xdf\xc5g\xf8\x8a\x1f?B\xbeO\xfae\x9f\
\xc8\xd6\xf8g\xcbZ\x0f\xcd\x19VW\xa7%\xe4y^\
\xd3]^\x8cwip{\x02?Z\xe5\xd4d\x03]\
6\x80s\xa6\xa8\xfe\xeb\xb0\xaf\xa9\xc4\xaft\xf2p\x8f\
\xdf\xf9\x1a\xfal>m\xf4Jz\x03\xb8\xfe\x15\xd2b\
\xb1\xf48\xf3q#\xff\x00up?\x1a\xd9\xc5|\xe6\
6W\xa9n\xc7\xaf\x0d\x84\xc5.3\xc5\x18\xa5\xc8_\
\x98\xf4\x03&\xb9\x0a\xb9\xe6\xbe.\x9f\xed>!\xb9\xc1\
\xe2=\xb1\x8f\xc0V\x5c+\x99\x05Ku/\xda\xae\xe7\
\x9c\xf5\x92Fo\xd6\x9dl\x99r}\x05}\x9e\x1e\x1c\
\x91\x8c;$|\xe5y\xdf\x9aD\x9bi\x1c\xacH\xce\
\xe4*\xa8\xc9'\xb5O\xb7\xda\xb9\x8f\x12\xea\x9ek\x9b\
([\xe4_\xf5\x84w>\x95\xdc\xb58iSs\x95\
\x91\x97\xabj-\xa8\xdc\x97\xe4F\xbc\x22\xfa\x0fZ\xa5\
\x8av)qZ\x1e\xbcb\xa2\xac\x86b\xba/\x0fi\
\x8bo\x17\xf6\x9d\xd0\xc6\x07\xee\x94\xf6\xf7\xff\x00\x0a\xa7\
\xa1i?\xda7\x1b\xe5\x1f\xe8\xf1\x1c\xb7\xfbG\xd2\xb6\
\xef\xae<\xf96'\xfa\xb4\xe0c\xbdf\xd3\xab?e\
\x1d\xba\xff\x00\x97\xcc\xf6\xb2\xec:\xa7\x1f\xadT_\xe1\
]\xdf\x7fE\xf9\x95\xa6\x95\xa7\x94\xc8\xfdOA\xe8)\
\x98\xa7\xe2\x99,\x8b\x0ano\xc0z\xd7\xa4\xa2\xa2\xac\
\xb64\x94\xdbnRc&\x95`L\xb7$\xf4\x1e\xb5\
\x9d#\xbc\xad\xb9\xceO\xf2\xa7\xbb\xb4\xae]\x8f&\xa2\
\x95\xfc\xb5\xe3\xef\x1e\x952\x91\xc5V\xad\xfd\x08g|\
|\x83\xf1\xa8v\xd3\xb1F+\x9aN\xee\xe7\x0c\xa5\xcc\
\xee7m>\x18$\x9eT\x86%-#\x9c(\xa3\x15\
\xd6h\x1aG\xd8a\xfbD\xcb\xfe\x91 \xe9\xfd\xc5\xf4\
\xfa\xd6\x15\xaa\xaaq\xb9\xd7\x80\xc1K\x15W\x91l\xb7\
}\x97\xf9\xf6,i\x9alze\xb0\x85~g<\xc8\
\xff\x00\xde?\xe1V\xf1O\xc5\x18\xaf\x1eM\xc9\xdd\x9f\
yN\x9ci\xc5B\x0a\xc9\x0c\xc5#\xba\xc4\x85\xdc\xe1\
EI\x8crp\x05d\xde\x5c\xfd\xa5\xf0\xbf\xea\xd7\xa7\
\xbf\xbdtap\xee\xb4\xed\xd3\xa9\x8e+\x12\xa8B\xfd\
z\x10\xcf3\x5cH]\xb8\xf4\x1e\x82\xa3\xc5?\x14b\
\xbe\x8a1QJ1\xd8\xf9\xa9I\xc9\xb9Kv3m\
\x18\x1d\xe9\xf8\xa8n\xdf\xcb\x80\xe3\xabp)\xb6Cv\
W3\xe6\x7f6V\x7f^\x9fJj.Z\x97\x15,\
K\xc5L\x174\x8f\x1b\x1f\x88thJ\xa7_\xd5\x86\
(\xc5?\x14\x85X\xf0\x8b\x96'\x00z\x93]\x97>\
\x18\xef>\x16\xe8\x81\x9e\xe3[\x95~\xe7\xee-\xc9\xf5\
\xfe#\xfd+\xbeaQh\xdaZ\xe8\xba5\x9e\x9e\xa0\
~\xe61\xbb\xdd\x8f,\x7f3V\x18V\x8bC\x92r\
\xbb\xb9Y\xc5B\xe2\xac\xba\xd4,)\x88\x83\x15\x8d\xe2\
9p\xb0@;\x92\xe7\xfaV\xd9\x1c\xd7;\xaf\x9d\xda\
\x86\xd3\xfc(\x058\xee3/\x14\x98\xa7\xe2\x8cV\x83\
\x19\x81K\x8av(\xc5\x003\x14b\x9d\x8a1@\x0d\
\xc5\x18\xa7b\x90\x95^\xac\x05\x02\x13\x14SL\xd1\x8e\
\xf9\xfc(\xf3\xa3\xf5?\x95\x01a\xd4\x86\x81\x22\x1f\xe2\
\x14\xb9S\xdc~t\x05\x84\xe2\x8cS\xb8\xa3m\x01a\
\xb8\xf7\xa4\xc5?\x14\x98\xa0\x06\xe2\x8cS\xb1IL\x06\
\xe2\x8cS\xb1F(\x10\xccQ\x8a~)1E\xc0f\
(\xc5?\x14\x98\xa0\x06\xe2\x93\x14\xfcRb\x98\x0d\xa3\
\x14\xecRb\x80,\xd9_\xb5\xaa<\x12F\xb3\xdaH\
1$\x0f\xd1\x87\xb5s^%\xf0\xba\xe9\xb1\xff\x00i\
i\x8c\xd3i\x8ey\x1f\xc5n}\x1b\xdb\xde\xb71S\
Y\xde=\x94\x8cUVH\xdcm\x96&\xfb\xb2/\xa1\
\xa8\x94nTd\xd1\xe7\x94V\xf7\x89|?\x1e\x9aV\
\xff\x00O\xdc\xfal\xcd\x81\x9e\xb6\xed\xfd\xc6\xfe\x86\xb0\
\xb1X\x9d\x09\xdd\x5c\xbfa\xa9:\xbaE;\x96@6\
\xa9?\xc2=>\x95\xb0\xd8PI\xe8+\x98\xc5h\xda\
^4\xb1\x08\x1c\xf2\xbd\x0f\xa8\xae*\xf8~g\xcc\xbe\
g~\x16\xb6\xbc\x92'\x91\x8c\x8eZ\xa4\xb5\x83\xcc}\
\xcc>U\xfdM68\x8c\xae\x15{\xf7\xf4\xad\x15A\
\x1a\x85^\x82\xba\xb0\xf4\x93w\xe8\x8fV\x9c/\xa8\x9f\
ZL\x0au\x18\xaf@\xdcn\xdaB=Fi\xf8\xa4\
\xc5\x17\x02&\x866\xea\x8a\x7f\x0a\x8d\xac\xe1?\xc3\x8f\
\xa1\xab4\x9bi8\xc5\xee\x85\xca\x99M\xac\x13\xb1a\
M6\x03\xb4\x9f\x98\xab\xb84\x98\xa8\xf60}\x09\xe4\
\x8fb\x81\xb0n\xce\xa6\x9ale\xecT\xfe5\xa3\x81\
I\xb6\x97\xd5\xe0/g\x134\xd9\xcd\xfd\xc0\x7f\x1aa\
\xb5\x94\x7f\xcb3Z\x98\xa3\x14\xbe\xab\x1e\xe1\xec\x91\x92\
`\x94\x7f\x03~T\xdf-\xc7\x05\x1b\xf2\xad\x8c\x1fZ\
C\x9a\x9f\xaa\xae\xe2\xf6H\xca\x16\xd2\xb7H\xda\x9e\xb6\
2\x9e\xbbW\xf1\xad\x1cRb\xada\xa1\xd4\x15$A\
\x05\xb2\xc3\x93\x9d\xcc{\xd4\x9bi\xd4b\xb7\x8cTU\
\x91\xa2V\xd1\x0c\xc1\xa2\x9fI\x81Wp\x19\x8a)\xdb\
i\x08\xa6\x03p)\x0a\xd3\xf1I\x8a`2\x8a~)\
6\xd0\x03j\xee\x9b\x17\x0f)\xef\xf2\x8a\xa7\x83\xf8\xd6\
\xbc1\x08\xa2T\x1d\x87?Z\xd6\x92\xbb\xb9\xb5\x08\xde\
W\xec.\xdeq\x5c\xae\xa5?\xdao\xa5\x90}\xdc\xed\
_\xa0\xae\x96\xfe\x7f\xb2\xd9\xcb/p0\xbfS\x5c\x9e\
8\xae\x5c}M\xa1\xf3#\x1b=\xa2\x22\xaeMI\x8a\
X\xd3\x82iJ\xe2\xbc*\xb2\xbc\x8f2OQ\x84R\
b\x9fI\x8a\xce\xe4\x8c\x22\x90\x8cS\xf1A\x14\xc4F\
T\x1aiR*\x5cR\x11@\x11Rb\xa4#4\xd2\
\xa6\x9d\xc43\x14\x84S\xe91N\xe2\x19I\x8a~)\
\x08\xa6\x031HE>\x93\x14\xc0f)1O\xc5&\
)\x80\xc2)\x08\xa7\xe2\x93\x14\x5cC1M\xc5I\x8a\
B)\xdc\x06b\x90\x8a~)\xb8\xa6\x03i1O\x22\
\x9b\x8ab\x1b\x8aLS\xa9\x08\xa7p\x19\x8a1N\x22\
\x93\x14\xee!\xa4f\x9aF)\xe4RS\x01\x94\x11N\
\x22\x92\x98\x0d\xc5!\x14\xecPi\x88f(\xa7b\x9a\
E\x02\x0aB)h\xa7p\x1aE&)\xf4\xd2)\x88\
m%8\xd2b\x98\x09\x8a\x009\xc0\xe6\x95T\xb1\x00\
\x0c\x93W\xa0\x80D2yoZ\xce\xa5E\x04D\xe4\
\xa2G\x05\xb0_\x99\xc6O\xa7\xa5OO\x8e'\x9aA\
\x1cJY\xcf@+v\xc3LK1\xbd\xf0\xf3\x1e\xfd\
\x97\xe9\x5c3\x9b\x93\xbb8k\xe2\x145\x96\xe7:\xca\
\x1c`\x80EV\x96\xd0\x8eS\x9fj\xea.\xf4xg\
\xcb\xc3\x88d\xff\x00\xc7McOo%\xb4\x9e\x5c\xc8\
U\xbbz\x1f\xa5T*8\xec:8\x98\xcb\xe12\x08\
 \xe0\x8cRV\x84\x91,\x83\xe6\x1f\x8dT\x96\x06\x8c\
\xfa\x8fZ\xeb\x85U/S\xb23L\x86\x94QEj\
h&(\xa2\x8cP\x01E\x14P\x01@4QH\x05\
4\x98\xa34\xbdh\x18\x94QI@\x0bE\x14P\x01\
E\x14R\xb0\x0a\x09\x07 \xe0\xd2\xb3\xb3\x9c\xb3\x16>\
\xa6\x9bJ\x0d![\xa8QE\x14\x0c(\xa2\x8a@\x14\
QE\x00\x14QE\x00\x14QE!\x85\x14QH\x00\
\xd2b\x96\x8a\x00J(\xc5\x14\x80(\xa2\x8aB\x0ad\
\x9fp\xd3\xe9\x92\xfd\xc3J[\x00\xfa(\xa2\x98\x05\x14\
P\x051\x86(\xc5-\x14\xc0(\xa2\x8a`\x14QE\
\x00\x18\xa2\x8a)\x88(\xa2\x8a\x00(\xa2\x8a`\x14\xf8\
fh[r\xfe#\xd6\x99ILM&\xac\xcb\xcf\xa8\
\x0d\xbf*\xfc\xc7\xd7\xb5U\x92\xe2I>\xf3\x9czT\
tS\xbbdB\x94c\xb2\x0a(\xae\xaf\xe1\xd7\xc3\xcd\
C\xe2.\xb2\xd66r\xad\xbc\x10\xa8{\x8b\x97\x19\x11\
\xafl\x0e\xe4\xfaT\xb6\x92\xbb49J+\xd2\xfe%\
\xfc\x11\xd4>\x1f\xd8\x0dV\x0b\xf4\xd4\xb4\xed\xe1\x1d\xbc\
\xbd\x8f\x11=22r=\xeb\xcc\xe8\x8c\x94\xb6\x004\
\xa0P\x05\x15@)4\x94Q@\x82\x92\x96\x8a`\x14\
QE0\x0a(\x14\xb8\xa4\x02R\xd1E\x02\x0a(\xa5\
\x02\x98\x08\x05-\x14\x9dh\x01s@\x14\xa0R\xd2\x18\
QE\x00P\x01\x8a\x5cQ\xd6\x9c\x06)\x00\x80S\xd1\
\x8cl\x19N\x08\xa4\xa2\x90\x1av\xd7k0\xc3|\xaf\
\xe9\xebV\x91\x9a9\x16H\xd9\x92D9WS\x82\xa7\
\xd8\xd6\x10\x15j\x1b\xe9#\xe1\xbeq\xefP\xe3\xd8\xce\
T\xfb\x1d\xfe\x9b\xf1G\xc4\xb6\x11\x88\xe5\x9e\x0b\xe4^\
\x86t\xf9\xbf\xef\xa1\xd6\xa7\xba\xf8\xb3\xe2;\x84\xdb\x0a\
\xd9\xda\x93\xfck\x1e\xe3\xfa\xd7\x0f\x05\xcaN\x0e\x01\x04\
u\xcdY\x866\xb8\x94D\x98\xdc}k7;h\xd9\
\x97\xb1\xbb\xf8Io\xf5\x0b\xcdV\xe3\xed7\xf7S]\
M\xfd\xf9\x1b8\xfa\x0e\x83\xf0\xaa\xfc\x93\x80\x09>\x82\
\xb4c\xd2GYe\xcf\xb2\x8a\xb9\x0d\xbcP\x0f\xdd\xa0\
_~\xf5\x94\xab%\xb1\xd1\x0c<\x9e\xfa\x14-\xb4\xc6\
b\x1a\x7f\x95\x7f\xbb\xdc\xd7C\xa2i\xbfo\xbcT+\
\x88\x22\xc3>:c\xb0\xaa\xb0[\xcbu2A\x0ao\
\x91\xce\x00\xfe\xb5\xdai\xda|zm\xaa\xc0\x87q\xea\
\xef\xfd\xe6\xaeZ\x95\x1b\xdc\xea\x8c\x14\x15\x91f\x8a1\
KX\x8cLQ\x8aZP)\x00\x94R\xe2\x97\x14\x5c\
\x04\xc1\xa3m-- 9\xef\x15\xdb\xf3op\x07\xac\
m\xfd+\x00pk\xb1\xd7-\xfe\xd3\xa5\xcc\xa0e\x90\
\x07_\xc2\xb8\xec\xe7\xa5i\x17\xa1H\xc1\xbaO.\xe6\
U\xf4j\xb9\xa46L\xd1\xfa\x80j-M6\xde\x13\
\xfd\xe0\x0d.\x98\xdb/\x14v`EY+s\xd2\xb4\
\x89|\xfd2\xd9\xfb\xed\xda\x7f\x0a\xb9Y\x1e\x17\x93u\
\x84\x91\x9e\xb1\xc9\xfa\x1a\xd8\xac^\xe3\x13\x14\xb8\xa5\x02\
\x97\x14\x80LV?\x8b\xac\x8d\xee\x81>\xd1\x97\x80\x89\
W\xf0<\xfe\x95\xb3\x8a\x0a,\x8acq\x94pU\x87\
\xb1\xa10<x\x1c\x8c\x8e\x95ZE\xda\xe6\xb4ol\
\xda\xc2\xf6{G\xfb\xd0\xb9_\xa8\xed\xfaUI\xd3 \
7\xa5uS\x95\x99-\x15\xc0\xa7b\x94/\xad8\x0a\
\xde\xe4\x8d\x0bN\x02\x94\x0a\x5cR\x18\x98\xa5\xc5(\x14\
\xecR\xb8\x0d\x02\x97\x18\xa7b\x8cR\x00\x034b\x9c\
\x17\xf0\xa7\x01\x8aC\x1b\xb74\xbbE;\x14b\xa6N\
\xca\xe3\x8a\xbbHJ\xde\xf0\xb4\x1c\xdc\x5c\x11\xe8\x83\xfa\
\xd6\x16+\xad\xd0-\xfc\x9d*\x22G2\x12\xe7\xf3\xaf\
\x1f\x13+C\xd4\xf7\xb0q\xbdOB\xf5.)\xd4b\
\xbc\xe3\xd6\x13\x14\xb8\xa5\xc5.(\x01\xb8\xa5\x14\xb8\xa5\
\xa4\x02b\x8cR\xe2\x9c\xaa]\x82(\xcb1\xc0\xa2\xe0\
^\xd2t\xf1t\xe6YFbC\x8c\x7fx\xd6\xf7l\
v\x14\xdb{qm\x02B\xbd\x10c\xea{\xd4\x9bk\
\xc1\xc4Vug~\x9d\x0d\xe3\x1b!\xb4\xb8\xa5\xc5-\
bP\xdcR\xe2\x96\x8a\x00LQ\x8aZ)\x881E\
.(\xc5\x00%.(\xa5\xc5\x00&(\xa5\xc5.(\
\x011F)\xd8\xa3\x14\x0a\xe2b\x8cS\xb1K\x8a,\
\x17\x1b\x8a\x5cR\xe2\x96\x9d\x84&(\xc5.(\xc5;\
\x05\xc2\x8a\x5cQ\x8a\x04&*\x1b\xe8\xfc\xdb\x1b\x94\xfe\
\xf4L?J\xb1\x8a\x0anV_PG\xe9M;;\
\x8aZ\xab\x1e<\x89\xf2\x0f\xa5t^\x1c\xe6\xceU\xf4\
\x93\xfaV#G\xb5\xd9}\x18\x8f\xd6\xb6\xfc7\xfe\xae\
\xe1}\xc1\xaf\xae\xaf\xac\x19\xe2a\x9d\xaa#\xad\xd0\xe3\
\xc42\xbf\xf7\x98\x0a\xd2\xc5U\xd2P\xad\x8a\x7f\xb4I\
\xab\xbbk\xe5\xf1\x0e\xf5${1\xd8n*\x96\xb9q\
\xf6=\x1e\xeel\xf2# }O\x15\x7fms\xfe7\
\x9f\xca\xd2\x12\x10y\x9a@?\x01\xcd<5>z\xb1\
\x8f\x99\x15\xe7\xcbM\xb3\x81T\xc0\x03\xd2\xad\xda\xa1\xda\
N:\xd4X\xa9\xdex\xec\xac\xdayN\x15FO\xbd\
}\x847>r\xaf\xc3dP\xd7\xb5?\xec\xdbm\xa8\
G\x9f'\x0b\xed\xef\x5cY\xe4\x92NI\xefV\xaf\xef\
$\xd4.\x9eyz\xb1\xe0z\x0fJ\xaf\x8a\xed\x8a\xb2\
:\xa8\xd2\xe4\x8d\xba\x8d\xc5Oee-\xfd\xca[\xc4\
>f\xea{(\xeej0\xa4\x90\x00$\x93\x80\x07s\
]n\x9dd\x9a%\x89i\x007\x12}\xef\xafe\xfc\
+:\xb5\x1cRQ\xdd\xecz\x98\x0c\x1f\xd6'\xefi\
\x08\xea\xdf\xe9\xea\xc5\x9cE\xa7\xda\xa5\x8d\xb7\x00\x0eO\
\x7f\xaf\xd4\xd5=\xb4\xf6,\xecY\x8eX\xf2M!\xe0\
d\x9c\x01\xd4\xd7n\x1e\x8a\xa5\x0bu\xeb\xeaz\x95\xeb\
{I]+%\xa2]\x90\xc7e\x8dK1\xc0\x15\x9b\
,\xad3\xeeo\xc0zT\x97\x13\x19\xdf\x8e\x10t\x15\
\x16*\xdb<\xea\x959\x9d\x96\xc3\x19\x82\x8c\x9e\x95U\
\x89v$\xd4\x92\xbe\xf6\xe3\xee\x8e\x94\xccW<\xe5}\
\x0e*\x93\xbb\xb2\x1b\x8a1O\xc5\x5c\xd2\xb4\xc6\xd4\xee\
\x84|\x88\x93\x99\x1b\xd0z}Me)(\xab\xb1R\
\xa7*\x93P\x82\xbbe\xdf\x0ei>{\x8b\xd9\xd71\
!\xfd\xda\x9f\xe2o_\xa0\xae\x97\x93\xcd*F\xb1\xa2\
\xa2(TQ\x85Q\xd8S\xb1^=Z\x8e\xa4\xb9\x99\
\xf7\x98,$p\xb4\x958\xef\xd5\xf7c1K\x8av\
*\xb5\xed\xc7\x91\x1e\xd5\xff\x00X\xdd=\x87\xad*t\
\xddI(GvtT\xab\x1aqs\x96\xc8\xad\xa8\x5c\
\xe4\x98\x10\xf1\xfcdw\xf6\xaa8\xa7b\x8d\xb5\xf4\x94\
h\xc6\x94\x14\x22|\xc5z\xd2\xad79\x09\x8aLS\
\xb6\xd2\xed\xadL\x86\xe2\xa8\xdf6\xe9\x02\x7ftV\x86\
\xdcsYo\x99\x1d\x9f\xd4\xd2\x91\x8dgeb,T\
\xc80\xa2\x9b\xb6\xa6\x0b\xc5]\x15\xad\xcf\x9a\xcfgj\
Q\x87w\xf9\x7f\xc3\x8d\xc5mx3N\x1a\xa7\x8at\
\xebv\x5c\xc6\xb2y\xaf\xf4Q\x9a\xc8\xdb]\xbf\xc2[\
A&\xb9{rFL\x16\xfbG\xb6\xe3\x8a\xe8[\x9f\
-7h\xb3\xd2\xa4\xcb1'\xa9\xa8\x19j\xdb-B\
\xebZ\x1c\x85VZ\x85\x96\xad\xb2\xd4N\x94\x0c\xa8\xcb\
\x5c\xde\xbf\x19\x17\xe1\x8f\xf1 \xae\xa5\x92\xb1|Ej\
^\xdd.\x14s\x11\xc3}\x0d8\xbdF\x8e{\x14b\
\x9d\x83F\x0dhP\xccQ\x8a~(\xc5\x003\x14b\
\x9dHG\x07\xe9@\x8a\xd2J\xccp\xa7\x0b\xfc\xea,\
S\xb1F(\x18\xdcQ\x8au\x14\x00\xdcRb\x9f\x8a\
1@\x0c\xc5\x1c\xfa\x9f\xce\x9d\x8a1@\x09\xbd\xc7F\
4\xe13\x8e\xf9\xfc)1I\x8aw\x02Aq\xea\xbf\
\x95=eF\xef\x8f\xadA\x8a1E\xc0\xb5\xd7\x9aL\
U`J\xf4$T\x8b;\x0f\xbc\x03P+\x12\xe2\x8c\
R,\xa8\xdd\xf1\xf5\xa7\xe2\x80\x1bIN\xc5\x18\xa0V\
\x19\x81K\x8av)1@Xn(\xc5;\x14\x94\xc0\
n)1O\xc5&(\xb8\x87C*\xc6$\x8ah\xc4\
\xd6\xd3.\xc9\xa2=\x1d\x7f\xc4v5\xc8kzCh\
\xd7\x9eHs-\xbc\x83}\xbc\xbf\xdfO\xf1\x1d\x0du\
\xb8\xa4\x9fO]f\xc9\xf4\xd6 HO\x99j\xe7\xf8\
$\xf4\xfa7J\x89\xc6\xfa\x97\x09Y\x9c\x1e)T\x94\
`\xc0\xe0\x8aqFV*\xeaQ\xd4\x90\xcaz\x82:\
\x8aLV'Bv:-?c\xdb\x89\x17\xab\xf5\xf6\
\xf6\xab8\xacm\x12\xe7\xcb\x98\xc0\xdfu\xfa{\x1a\xdc\
\xdb]\x14\xda\xe5\xb2>\x8b\x0bW\xdaSLa\x14\xdc\
T\x98\xa3\x15\xa5\xce\x82,Q\x8a\x90\x8aM\xb4\x5cd\
t`S\xf1I\x81N\xe03\x14S\xb1F(\x10\xcc\
\x03I\xb6\x9fF)\x80\xccR`S\xf1F(\xb8\x10\
K*\xc2\x01l\xf3\xe9J\x8e\xb2(e9\x06\xa1\xbf\
\x1f\xea\xc7\xd6\x9bbHgN\xddk\x1fl\xfd\xa7#\
\xd8\xcf\x9d\xf3X\xb3F)\xd8\x14\x98\xae\x8b\x9a\x0d\xc5\
&\xda}&)\x80\xccb\x90\xd4\x94\x94\xc0e\x14\xe2\
\xb4\x98\xc5\x02\x1b\x8aL\x1av(\xc50\x19F)\xd8\
\xa4+N\xe0Me\x17\x9bp2>U\xf9\x8di\x91\
\x9a\x82\xc2/.\x0d\xc4r\xfc\xfe\x15g\x80\x09<\x01\
\xc9\xae\x9aj\xc8\xed\xa5\x1bD\xc2\xf1\x0c\xdc\xc5l\x0f\
O\x9d\xbf\xa5cb\xac\xddNn\xaed\x98\xff\x00\x11\
\xe3\xe9\xda\x99\x1a\xeeo\xa5xX\x8a\xdc\xd2s<\xaa\
\xd59\xa4\xe4(]\xa0\x0a\x08\xcdHV\x9aEy\x97\
\xb9\xcaFV\x9aV\xa5\x22\x90\x8a.\x04X\xa3\x15!\
ZiZ`3\x14\x98\xa7Q\x8aw\x01\x98\xa4\xc5?\
\x14\x98\xa7q\x11\x91\x9ai_J\x94\x8aLP\x04T\
\x84T\x84g\xad4\xa9\x14\xee!\x98\xa4\x22\x9f\x8aL\
S\xb8\x86R\x11O\x22\x93\x14\xc0f)\x08\xa7\xd2b\
\x9d\xc0f+\xae\x1e\x04\xb7o\x86\x0d\xe3!\xa8\x7f\xa4\
-\xcf\x94m\x8fB\xbb\x82\xe0\x7f\xb5\xce~\x95\xc9\xe2\
\xa4\xfb]\xcf\xd9>\xc7\xf6\x89~\xca\x1f\xcc\xf27\x1d\
\x9b\xff\x00\xbd\x8e\x99\xa1\xeb\xb0\x8a\xf8\xa6\x91O\xc5!\
\x15@0\x8aJy\x14\x98\xa6\x98\x0c#4\x84b\x9e\
E%0\x19\x8aB)\xe4RS\x10\xc2))\xf8\xa4\
\xc5;\x88f)1\x9av)1L\x06\x91\x8aJ}\
4\x8aw\x01\xa6\x92\x9dHE;\x88n)1O\xc5\
!\x14\x00\xda)qILB\x11B\xa1v\xc0\x19&\
\x95Ac\x81\xd4\xd5\xe8a\x11/\xfbG\xa9\xa8\xa9Q\
Ey\x919\xf2\xa1\x91@\x22\x1e\xa7\xb9\xabV\xb6\x92\
\xdeI\xb21\xc0\xfb\xccz-Mc\xa7=\xebn\xc9\
HGV\xf5\xf6\x15\xbd\x141\xc1\x10H\xd4$k\x5c\
2\x93n\xec\xf31\x18\xaeM\x16\xe4V\x96qY\xc7\
\xb61\x96?y\xcfV\xa9\xb0j\x9d\xce\xafm\x06B\
\x133\xfa/O\xce\xb2\xee5[\xab\x8c\x8d\xfeZ\x7f\
u8\xfdiX\xe3\x8e\x1e\xa5G\xcc\xff\x00\x13n{\
\x98-\x87\xef\xa5U\xf6\xceMg^j\xd6\xd3\xc6b\
\x16\xe6e=\xd8\xe3\x15\x94p2O\xe2MMoc\
ww\xff\x00\x1e\xf6\xd2\xca=Ux\xfc\xe96\x92\xbb\
:c\x85\x84=\xe9?\xd0\xafI\x8a\xd9O\x0bjl\
\x9b\xe5X\xad\xd3\xd6G\x1f\xd2\x9a|>\xe0\xe3\xedQ\
\xb7\xb8SS\x0a\xb0\x9b\xf7]\xcd~\xb3K\xf9\x8cr\
\xaaz\x81M0\xc6z\xa0\xad\xa3\xe1\xf3\xff\x00?#\
?\xee\xd4O\xa1\x5c\x0f\xb9$o\xed\xd2\xb5RcX\
\xaa\x7f\xccc5\x9a\x1e\x84\x8a\x89\xad\x1c}\xd2\x1a\xb5\
%\xd3\xee\xe1\x19x\x1b\x1e\xab\xcdW\xef\x8e\xf5\xa4k\
Iu7\x85k\xec\xeef\xb22\xf0\xc0\x8ami\x90\
\x08\xc1\x19\xa8$\xb4V\xe58>\x95\xbck\xa7\xf1\x1b\
F\xaa\xeaS\xa2\x9c\xe8P\xe1\x86\x0d6\xb75N\xe1\
E\x14P\x02\xd2\x11\x9a)E \x1b\xd2\x96\x8cU\xed\
\x0bI\x97^\xd6\xact\xa8\x1dR[\xc9\xd2\x15f\xe8\
\xa5\x8e3I\xbb\x0c\xa3E};q\xfb4xX\xe8\
\xafkoqx\xba\x96\xdc\xa5\xe3\xbeF\xecw^\x98\
\xcf\xe3_3\xdeZ\xc9ew5\xac\xb8\xf3!\x91\xa3\
lt\xc88\xa8\x85E-\x80\x8a\x8a(\xad\x00\x5c\xd1\
IFiX\x05\xa2\x8a(\x00\xa2\x8a)X\x02\x8a(\
\xa4\x01E\x14P\x01E\x14R\x18QE\x14\x80(\xa2\
\x8a\x00))h\xa4\x02S%\xfb\x86\x9fL\x97\xee\x1a\
\x99l!\xf4\xb4QT0\xa2\x8a)\x80QE\x14\xc0\
(\xa2\x8a\x00(\xa2\x8ab\x0a(\xa2\x80\x0a(\xa2\x98\
\x05\x14RS\x00\xa2\x8a)\xd8\x02\x8a(\x02\x80\x0cW\
{\xf0\x8b\xe2`\xf8q\xac\xdc=\xcd\xbb\x5ci\xd7\xaa\
\xa9p\xa9\xf7\xd0\x8c\xe1\x87\xae2x\xae\x0b4\x98\xa9\
\x94SV`{_\xc6/\x8d\xdag\x8b\xb4/\xec\x0f\
\x0f\xc73\xc1;+\xdc\x5cL\x9b8\x07!@\xfa\xf7\
\xaf\x15\xa3\xa5\x14B\x0a*\xc8\x034QEX\x82\x8a\
(\xa0aE\x18\xa3\x14\xc4\x1diqE\x14\x00QE\
\x14\x00Q@\x14\xea\x04%\x04\xd0M\x00f\x80\x003\
J\x06)h\xa0aE\x14\xb8\xc5 \x00)@\xcd\x00\
z\xd3\xa9\x0c(\xa2\x8cR\x00\xa5\xa2\x97\x14\x86\x00R\
\xe2\x8aZ.\x05\xbb\x0e\x8fZ\x9ai\xc5\xf4\x7f\x8f\xf2\
\xac\xdb\x01\xf2\xbf\xd6\xb4\xac8\xbd\x8b\xeb\x5c\x15\xbe&\
m\x13p\x0a)h\xc5csS\xac\xf0\xed\x8a[X\
\xad\xc63,\xe3%\xbd\x17\xb0\x15\xabT\xb4&\x12i\
\x16\xc7\xd0\x15\xfc\x8d_\xacY\x02m4\xb8\xa2\x96\x90\
\x09\xd2\x96\x8a)\x00\x94\xb4b\x97\x14\x00\x94`\x9aZ\
1\x9a\x07a6\x86\xca\xb7 \x8c\x1a\xe1g\x80\xdb\x5c\
K\x01\xeb\x1b\x15\xae\xf3mr\xfe&\xb6\xf2u\x010\
\x1cL\xa0\xfe#\x83U\x164r\xba\xc2|\xf1?\xa8\
 \xd5(_\xcb\x9a7\xfe\xeb\x03Z\xba\xaan\xb5\x0d\
\xfd\xc6\x06\xb2H\xe2\xb4Bg\xa0xQ\xbfyv\x9e\
\xa1XWC\x5c\xaf\x83\xa5\xf3.\x09\xfe\xfc?\xa8\xae\
\xaf\x15\x94\xb7\x1b\x0a1E(\xa9\x10\x98\xa2\x97\x14\xb8\
\xc5\x038\x7f\x1e\xe9\xdeU\xec\x1a\x82\x8f\x96u\xd8\xff\
\x00\xef\x0e\x9f\xa5r\xec\xbb\x94\x8fZ\xf5\x1d{M\xfe\
\xd6\xd2.-@\xfd\xe67\xc7\xec\xc3\x9a\xf3\x059\x19\
#\x07\xb8\xf4\xad \xf4\x13*c\x1di@\xa9eL\
6{\x1an1]\x8aWW @)qJ\x05(\
ZW\x011K\x8ap_^)@\xa5q\x8d\x0bN\
\x0b\xc8U\x05\x98\xf0\x00\x19'\xf0\xa5\xdb]\x07\x81\xbc\
R\x9e\x0d\xf1\x02j\xafd\xb7\xb1\x88\xda6\x88\xe3<\
\xf4 \x9e\x86\x93`s\xe0\x13\xed\x8e0{R\x81\x8a\
\xd6\xf1F\xb4\xbe%\xf1\x05\xe6\xae\x96id\xb7$\x1f\
%\x0eB\xe0c?SY\x98\x02\x8b\x80\x80PF)\
\xe1I\xa6\xb0\xc1\xackJ\xd17\xa0\xaf44\x82F\
\x07S\xc5wP\xc5\xe4\xc3\x1c\x7f\xdcP+\x8e\xd3\xe1\
\xf3\xef\xad\xe3\xc7\x0c\xe3?\xce\xbbb95\xe2\xe2\xe5\
\xb2>\x83\x05\x1d\x1b\x1b\x8a\x5cR\xe2\x8cW\x19\xdc\x14\
b\x96\x8cS\x00\xc5\x14\xb8\xa5\xa4!1Z:%\xbf\
\x9btf#\xe5\x88~\xa6\xb3\xfa\x0a\xe8\xf4\xbb\x7f\xb3\
Y #\xe6\x7f\x99\xab\x9b\x19S\x92\x9d\x97]\x0b\x82\
\xbb-\xd1E\x15\xe2\x9b\xdc(\xa3\x14\xb8\xa6!)q\
E.(\x011E.)h\x011F)\xd8\xa5\xc5\
\x02\xb8\xdcR\xed\xa5\xc5.(\xb0\x5cLQ\x8aZ\x5c\
S\xb0\xae&(\xc5.)i\x8a\xe2b\x8cR\xe2\x97\
m\x02\xb8\x98\xa2\x9d\x8a\x5cP\x03qF)\xd8\xa5\xc5\
;\x00\xdcR\xe2\x97\x14\xb8\xa7a\x5cn)\xc82\xc2\
\x97\x14\xaa>a\xf5\xa2\xc0yE\xdcb;\xcb\x85\xf4\
\x91\x87\xebZ^\x1d\xff\x00Yp\xbf\xec\x83\xfa\xd5m\
Y6\xea\xb7c\x1f\xf2\xd4\xd5\x9f\x0f\xe4^8\xf5J\
\xfa\xc9;\xd2\xbf\x91\xe2R\xd2\xaa;\xcb\x05\xdbe\x08\
\xff\x00f\xacb\xb2\xb4\xeb\xf5\xb7O&l\x84\xceU\
\xbd+U\x19$]\xc8\xc1\x97\xd4\x1a\xf9\xaa\xf4\xe5\x19\
;\x9e\xccZ\xb0b\xb8\xaf\x1a^\x8b\x9b\xd8-\xd3\x94\
\x85I\xcf\xa95\xd5\xeaW_g\x8b\xcbC\xfb\xc7\xfd\
\x05pZ\xbby\x9a\x84\xb8\xe8\xb8Q\xf9W~[C\
\xde\xf6\x8f\xe4rc'\xeeX\xa1\xb7\xd7\xa5s~!\
\xd5~\xdb(\xb6\x84\xfe\xe2.\xe3\xf8\x8f\xad]\xd7\xf5\
3\x0a\x9bH[\xe7a\xf3\x91\xd8zW:\x16\xbe\x9a\
\x84-\xef3\xcf\x84>\xd3\x19\x8a\x5cS\xb1Z\x1a.\
\x94u+\x9c\xb8\x22\xde>\x5c\xfa\xfa\x0a\xdaRQ\x5c\
\xcc\xea\xa3JU\xa6\xa9\xc1j\xcb\xfe\x1b\xd2\x82\x81\xa8\
N1\xff\x00<\x81\xec;\xb5X\xba\x9c\xdc\xcb\xb8}\
\xc1\xc2\x8a\xb9\xa8\xce\x00\x16\xe9\x81\xc7\xcd\x8e\xc3\xb0\xaa\
\x1bi\xe0\xe99?o=\xde\xdeH\xfa*\xca\x14 \
\xb0\xd4\xb6[\xbe\xef\xfa\xfe\xb4\x19\x8a\xa7w6\xf3\xe5\
\xa9\xf9GS\xebV.\xa5\xf2\xd7b\x9f\x9c\xfe\x82\xa8\
\xe0\x0a\xedo\xa1\xe6U\xa9\xf6P\xccTS\xb6>A\
\xd4\xf5\xa9\xdd\xbc\xb5\xcf~\xd5T\xe4\x9c\x9e\xb5\x8dI\
[C\x8e\xa4\xed\xa2\x19\xb6\x8cS\xf1GNMbs\
\x8b\x0c\x12\x5cJ\x90\xc4\xbb\xa4s\x85\x15\xda\xe9\xf6\x11\
\xe9\xd6\xab\x04|\x9e\xae\xdf\xdeoZ\xa3\xe1\xed,\xda\
\xc3\xf6\xb9W\xf7\xd2\x0f\x94\x1f\xe0_\xfe\xbdlb\xbc\
\xccUng\xca\xb6G\xd7d\xd8\x0fc\x0fm5\xef\
?\xc1\x7f\xc1\xfe\xba\x8d\xc5.)qF+\x90\xf6\xc6\
\xb3,j]\x8e\x00\x195\x8b,\x8d4\x8d#u=\
\xbd\x05\x5c\xd4\xa7\xdc\xdeB\x9e\x07-\xf5\xaaX\xafo\
/\xa1\xc9\x1fh\xf7\x7f\x91\xe1\xe68\x8ey{5\xb2\
\xfc\xff\x00\xe0\x09\x8a1K\x8a]\xb5\xe8\x9ep\xdcQ\
\x8av(\xc5\x02!\xb8m\x909\xeex\xac\xdcU\xeb\
\xf3\xf2\xa2\x0e\xfc\xd5<{TKs\x96\xb3\xbc\xac \
\x1c\xd4\xfd\xaa,T\xd8\xe2\xb5\xa3\xd4\xf9\xac\xf7\xfe]\
\xfc\xff\x00A+\xd1~\x0fE\x9f\xed\x891\xce\x22_\
\xe7^w\x8a\xf4\xdf\x83\xa9\x9b-]\xbb\xf9\x91\x8f\xd0\
\xd7Dw>j\xaf\xc2w\x0c*&Z\xb4\xcbQ2\
\xd6\x871U\x96\xa2e\xab.\xb5\x13%!\x95Yj\
\x19#WFG\x1b\x95\x86\x08\xf5\x15q\x96\xa1u\xa0\
g\x19\x7fb\xf6\x17\x063\xca\x1eQ\xbdEV\xae\xca\
\xee\xd2+\xc8LS.T\xf4#\xa8>\xa2\xb9\x8b\xed\
:[\x07\xc3\xfc\xd1\x9f\xbb \xe8\x7f\xc2\xb4N\xe3*\
QN\xc5\x18\x14\xc7a\xb4R\xe2\x8cP\x16*I\x1e\
\xc6\xf6=)\x98\xab\xac\x81\x86\x08\xa8\x1e\x16NG\x22\
\x80!\xdbF\xdau\x18\xa0\x06m\xa3m?\x14b\x8b\
\x85\x88\xf6\xd1\x8a~(\xc5;\x88f)1Rb\x93\
\x14\x05\x86b\x8cS\xf6\xd2m\xa0\x06b\x8cS\xb6\xd1\
\x8a\x00n(Vd?)\x22\x9d\x8aLP\x04\x8b9\
\xfe!\x9fqR+\xab\xf45^\x8cP\x05\xacRb\
\xa1IYz\xfc\xc2\xa6G\x0e2?*b\x0cRb\
\x9fI\x8a\x00n)1O\xc5&(\x01\xb8\xa4\xc9R\
\x19N\x089\x07\xd0\xd3\xf1I\x8a\x04d\xf8\xd7N\x02\
k}f\x15\xc4W\xc3\x12\x81\xd1e\x1d\x7f:\xe6q\
^\x97\x1e\x9e5\xaf\x0f_\xe9\xc7\xef\x83\xbe#\xe8\xc3\
\x91\xfc\xab\xcd\xb0{\x8c\x11\xc1\x1e\x86\xb0\x92\xb37\xa6\
\xee\x84RQ\x83/\x05NEuv\xf2\xad\xcc\x09*\
\xff\x00\x10\xaeS\x15\xb9\xe1\xf9\xb7G$\x07\xf8~a\
N\x0e\xcc\xf4\xf2\xfa\xbc\xb3\xe4}M-\xb4\x9bjb\
\x94\xd2\xa6\xb6\xb9\xed\x11\x11I\xb6\xa5+M\xdbN\xe3\
#\xc5&*B\xb4\x84S\xb8\x88\xf1I\x8a\x93\x14\x85\
i\xdcdtm\xa7\x95\xa4\xda{\x03\xf9S\xb8\x0c\xc1\
\xa4\xc5J\x22\x94\xf4\x8d\xbf*p\xb5\x9d\xbaD\x7f\x1a\
j\xe3\xb3}\x0c\xbb\xee]G\xa0\xa4\xb1\x07\xcdc\xe8\
(\xbb\x19\xb8pz\xa9\xc5Mb\x98FoS\x8a\xe2\
\x8b\xe6\xads\x99k2lf\x8d\xb4\xea1]\xc6\xe3\
1I\x8a~)0(\xb8\x0c\xc5\x14\xed\xb4\x94\xee\x03\
qE;\x14\x984\xee\x03H\xcd!Zu\x18\xa7p\
\x19N\x8e/6E\x8c\x7f\x11\xa3\x15sN\x87\x96\x94\
\xff\x00\xba*\xe3\xab\xb1P\x8f4\xac\x5c\xda\x00\xc0\xe8\
8\x15\x9f\xad\xdcy\x16f0p\xf2\x9d\xa3\xe9\xde\xb4\
ps\x8a\xe6\xb5{\x9f\xb5^6\xd3\x94\x8f\xe5_\xeb\
F.\xaf%=7f\xf8\x9a\x9c\xb0\xf5(c\x15<\
I\x84\xf74\xc8\xd3{\xe3\xb7z\xb3\x8a\xf9\xda\xf3\xfb\
'\x8f.\xc4eqHEHE!Z\xe7\xb9\x04E\
i\x08\xa9\x0a\xd2S\xb8\x11\x91I\x8a\x93m4\x8a`\
FTSJT\xb8\xa4\xc51\x11`\xd2T\xb8\xa6\x95\
\xa0\x08\xf0)6\xd3\xf1F)\xdcDx\xa4\x22\xa4\x22\
\x9aEU\xc0\x8c\x8c\xf5\xa4#\x15!\x14\x84S\x11\x11\
\x19\xa4#\x15!\x19\xa6\x90E4\xc0a\x14\xd2*B\
)\x08\xc51\x11\xe2\x90\x8ay\x14\x94\xee\x031HE\
?\x14\xbeS\x11\xd2\x87$\xb7\x13inDE!\x14\
\xf21I\x8a`0\x8aB)\xe4Rb\x9d\xc0\x8f\x14\
\x11\x9av)1Up\x18V\x92\x9fI\x8a\x00a\x14\
\x98\xa7\x91\x8aLS\xb8\xac3\x18\xa4\xc5<\x8aB)\
\x88a\xa4\x22\x9fI\x8a`2\x90\x8aq\x14\x98\xa7q\
\x08E&;S\xaa\xd4\x10m\x1b\x9b\xefv\xf6\xa9\x9d\
E\x15re.T$\x10\x08\xc6O\xde?\xa5_\xb1\
\xb2\xfbI2J\xc2;t\xfb\xceN3\xec*\xb1\x14\
\xb2H\xf2\x85\x0e\xc4\xaa\xf0\xab\xd8W\x14\xa4\xe4\xee\xce\
*\x9c\xd2\xd9\x9a\xd3\xeb0\xc2\xa2+H\xc3\x05\x18\x04\
\xf0\xa3\xf0\xac\xbb\x8b\xa9\xee\x8ef\x90\xb0\xf4\xe8\x07\xe1\
LEi\x1cF\x8a\xce\xe7\xa2\xa8\xc95\xbd\xa7\xf8>\
\xea|=\xeb\xfd\x99?\xb89s\xfe\x15\x8dJ\xd0\xa4\
\xaf7c\x99\xaa8uy\x7f\xc19\xecr\x14\x0c\x93\
\xd0\x01\xc9\xad{\x1f\x0bj\x17\xa0<\x8a-b?\xc5\
'S\xf8W]c\xa5Yi\xab\x8bh\x15[\xbb\xb7\
,\x7f\x1a\xb7\x8c\x9e\xf9\xaf.\xb6h\xde\x94\xd5\xbc\xd9\
\xc3[2oJj\xdel\xc7\xb0\xf0\xc6\x9ddC2\
\x1b\x99G\xf1K\xd3\xf0\x15r\xebQKQ\xe5\xa0\x0c\
\xe3\xa2\x8e\x02\xd4W\xf7\xfb\x09\x86\x03\xf3tg\x1d\xbd\
\x85e\xd5P\xc2\xce\xb7\xef+\xbb\xf9\x1c\x96\x95G\xcd\
Q\xdc|\xd3Ip\xdb\xe5b\xc7\xf4\x15\x1e)ik\
\xd5IEY\x1al6\x83Jx\xa4\xa6\x02t\xa8\xa6\
\xb5\x82\xe4bX\x95\xbd\xfa\x1a\x9b\x14\x84S\x1am;\
\xa3\x22\xe7B\xe0\xb5\xb4\x99\xff\x00a\xff\x00\xc6\xb2\xe4\
\x89\xe1r\x92!F\x1d\x8duu\x1d\xc5\xb4Wq\xec\
\x99w\x0e\xc7\xb8\xfaPuR\xc5\xca:OTr\x8f\
\x1a\xc8\xb8aTe\x89\xa2l\x1e\x9d\x8dl_X\xc9\
c&\x1b\xe6F\xfb\xaf\xeb\xff\x00\xd7\xaa\xae\x81\xd4\xab\
\x0e+ju\x5c}\x0fV\x95Uk\xad\x8c\xd2(\xa9\
%\x88\xc4\xd8=;\x1fZew&\x9a\xba:\x93\x12\
\x8a(\xa0`*kK\xa9\xecn\xa1\xbb\xb6\x95\xa2\x9e\
\x07\x12F\xeb\xd5X\x1c\x83P\xd1\x9aM\x01\xec\xd7\xdf\
\xb4\xde\xbds\xa0\xfd\x8e\x0d2\xde\xdfRd\xd8\xd7\xaa\
\xf9\x00\xff\x00yS\x1c\x1a\xf1\xa7v\x91\xd9\xdd\x8b3\
\x12X\x9e\xa4\x9e\xf4\x86\x8a\x98\xc1Ga\x85\x14QT\
\x01E\x14P\x00\x0d-%\x19\xa4\x02\xd1E\x14\x00Q\
E\x14\x00QE\x14\x80(\xa2\x8a@\x14QEKC\
\x0a(\xa2\x80\x0a(\xa2\x80\x0a\x8e_\xb8jJd\xbf\
p\xd4\xcbf\x03\xe8\xa2\x8a\xa0\x0a(\xa2\x80\x0a(\xa2\
\x98\x05\x14QLAE\x14S\x00\xa2\x8a)\x80QE\
%\x00\x14QE0\x0a1@\xa5\xe9@\x05!4\x84\
\xd0(\x01z\xd1\xd2\x97\xa5%\x02\x0a(\xa2\x9d\x80(\
\xa3\x14b\x98\x5c\x00\xa5\xe9E\x14\x00QE\x14\x00Q\
E\x14\x08)@\xa3\x14S\x00\xa2\x8e\xb4\xa0b\x90\xc0\
\x0aZ(\xa0\x02\x80)@\xa5\xc6i\x00u\xe9J\x06\
)h\xa40\xa2\x8cR\xd2\x00\xc5\x14\xa0R\xe2\x90\xc3\
\x14\xb8\xa3\x14\xa0R\xb8\x09\x8a\x5cR\x81K\x8aC.\
X\x8f\x91\xbe\xb5~\xd3\x8b\xa8\x8f\xfbB\xa9X\xff\x00\
\xabo\xad\x5c\x83\x89\xe3?\xed\x0a\xe1\xab\xf13X\x9d\
\x09\xeai)\xc4rh\xc5bju^\x16}\xdaa\
O\xeeHG\xe7\xcdk\xd6\x17\x84\xb3\xf6{\xa1\xfe\xda\
\x9f\xd2\xb7\xb1YKrX\x94b\x96\x8cR\x10b\x8a\
\x5cP\x05\x17\x011J\x05--+\x8cL\x0a)h\
\xc5 \x0a\xca\xf1-\xb7\x9d\xa7\x09\x80\xf9\xa0m\xdf\x81\
\xe0\xd6\xb56HVx\x9e\x17\xfb\xb2)SM;\x0c\
\xf3\xcb\xa4\xf3-\xa5_U\xe2\xb0\x85t\xad\x11\x8eF\
\x89\xfe\xf2\x92\xa6\xb9\xd9\x13\xcb\x91\xd0\xff\x00\x09\x22\xb6\
\x13GQ\xe0y3u\x1a\xe7\xb3\xaf\xf5\xae\xde\xbc\xfb\
\xc1r\xec\xd6c\x8f\xd4\x92?*\xf4=\xb8\xac\xa7\xb8\
\xc4\xc5\x14\xb4\xb5#\x13\x14R\xe0\xd2\xed\xa5p\x10\x1c\
\x10Gj\xf3\x8f\x15\xe9\xc3N\xd6\xe5\x081\x14\xff\x00\
\xbdO\xc7\xa8\xfc\xeb\xd2p\x05q\xbf\x10g\x81\xa5\xb2\
\xb7R\x0d\xc4a\x99\xf1\xfc*z\x03U\x17\xa8\x99\xc7\
\xbanZ\x88\x0a\xb3\x83P\xe3\x15\xd3M\xf4%\x88\x16\
\x94\x0fJP)\xd8\xad\x00hZp\x18\xa5\x034\xa0\
b\x90\x08\x05(\x18\xa7\x05\xcd8\x00)\x5c\x06\x85&\
\x9c\x00\x14\xa0f\x94\x0a\x9b\x80\x98\xa60\xf9\xaalT\
G\xads\xd7z#\xab\x0c\xbd\xe6\xcd\x1f\x0fE\xbfT\
F\xec\x8a\xcd]Us\xfe\x17\x8f3\x5cI\x8e\x8a\x16\
\xba\x1cW\x8d\x89w\x99\xf48EjbR\xe2\x8a\x5c\
W9\xd0%.(\xa5\xa0\x04\xa5\xa3\x14\xb8\xa0\x09l\
\xe0\xfbM\xd4qvc\xcf\xd2\xba\x83\xd7\x8e\x95\x8d\xa0\
\xc1\x99%\x98\xff\x00\x08\xda?\x1a\xda\xaf'\x1d;\xd4\
\xe5\xeckMiq1E.)k\x8c\xd0LQ\x8a\
\x5cR\xe2\x80\x12\x8cS\xb1F(\x15\xc4\xc5.)q\
KN\xc2\xb8\x80Q\x8a\x5cR\xd3\xb0\xae&(\xc5.\
)q@\xae%\x18\xa7\x01K\x8a\x00n)qN\xc5\
\x18\xa7a\x09\x8a1N\xc5\x14\xec\x02b\x97\x14\xb8\xa5\
\xc50\x1bK\x8a\x5cR\xe2\x81\x0d\xc5.)qK\x8a\
\x02\xe3qJ\x07\x22\x9d\xb6\x94\x0a,+\x9ek\xae\xa6\
\xddj\xf4c\xfeZg\xf4\x14\xed\x0c\x11\xa8(\xf5F\
\x15?\x88\xd0\x8dv\xf3\x8e\xac\x0f\xe8*-\x1cm\xd4\
b\xf7\xc8\xfd+\xeaa\xad\x15\xe9\xfa\x1e2\xd2\xaf\xcf\
\xf57\xf6\xd4\x90\xbb\xdb\xb8x\xd8\xa9\x1f\xad.\xda\x5c\
W#\xb3\xd1\x9e\x8d\xc2I\x1ay\x8c\xaf\xcb1\xae\x17\
]\xd4\x96\xc8M7\x06I\x18\xec\x1e\xb5\xdb\x5c\xcf\x1d\
\xa5\xb4\xb3\xca\xe1#\x8d\x0b3\x1e\xc2\xbc{Q\xbe\x93\
P\xb9i\x9f\x81\xfc+\xe8+\xb7\x03II\xbe\xc8\xe6\
\xc4.k\x22\xa3\x96\x91\x8b\xb9,\xccrI\xefF)\
qK\x8cW\xb0d>\xda\xd6K\xb9\xd2\x08\x86]\xce\
\x07\xb7\xbdv)\x1cZM\x8a\xc5\x10\xce\xde\x99\xfe&\
\xf5\xaa\xfa\x16\x97\xf6\x0bs4\xa3\x13\xca2\xd9\xfe\x05\
\xf4\xa8\xee\xa77\x12\xee\x1fpp\xa2\xb9c\x1f\xacT\
\xe5\xfb+s\xe9\xb0\x94>\xa5G\xda\xcb\xf8\x92\xdb\xc9\
\x7f[\xfc\x91\x01%\x89,rO&\x99,\x82\x14.\
\x7f\x01\xeaj\x5cc\x93\xc0\xac\xeb\x89L\xcf\x9f\xe1\x1d\
\x05z\xefC\x86\xa4\xf9W\x99\x13\x12\xecY\x8eI\xa4\
\xc7\xe5N\xc5E;\xff\x00\x00\xfck&\xec\xaeqJ\
VW!\x91\xbc\xc6\xcfn\xd4\xdcS\xb1F+\x9d\xbb\
\x9c\xad\xdfQ\xb8\xadM\x07L\xfbu\xc7\x9d*\xe6\x08\
\x8f#\xfb\xcd\xd8U+kY/.\x12\x08\x86]\xce\
>\x83\xd6\xbb[kX\xec\xed\xd2\xde!\xf2 \xc6}\
Os\x5c\xb8\x9a\xdc\x8b\x95n\xcf[(\xc0\xfbz\x9e\
\xd2k\xdd\x8f\xe2\xfb\x7f\x98\xf3\xcf&\x8av(\xc5y\
\x96>\xc6\xe3qQ\xdcL-\xe22u=\x00\xf55\
63Yw\xb3y\xf3ayD\xe0{\xd7N\x16\x87\
\xb5\xa9g\xb2\xdc\xe5\xc5\xe2=\x8d;\xad\xde\xc5c\x92\
I'$\xf2M%?m\x1bk\xe8O\x9c\xb8\xda)\
\xdbiv\xd1p\xb8\xca1O\xdbF\x00\xa2\xe0f\xdd\
\x9d\xd3\x9fA\xc5C\x8a\x91\xbegf\xf59\xa4\xdbP\
p\xc9\xdd\xdc`\x150\x19\x02\x99\xb6\xa6A\x95\xad)\
=lx\x99\xdc/J2\xec\xff\x001\xb8\xafM\xf8\
7\xcd\xa6\xae\x9d\xc4\x91\x9f\xd0\xd7\x9bm\xaf@\xf89\
r\xa9\xa8\xea\x96d\x8d\xd3B\x92 \xf5\xday\xfeu\
\xd5\x1d\xcf\x95\xab\xf0\xb3\xd2\x19j&J\xb8\xc9Q2\
V\x87 \xfd/J:\x8c\xad\xbc\x94\x86?\xbcGR\
}\x05j\xc9\xe1\xfd<\xae\xd1\x03\x03\xea\x1c\xe6\xacx\
v 4\xd6=\xdaC\x9a\xbc\xe9\x5c\x95*>m\x0f\
F\x8d(\xf2&\xd6\xe7\x13\xaah\xf2i\xe7xo2\
\x12p\x1f\x1c\x8fcY\x8c\x95\xe83@\xb2##\xa8\
ea\x82\xa7\xb8\xaeGU\xd2\x9bO\x97\x8c\xb4.~\
F\xf4\xf65\xad:\x9c\xda3\x1a\xd4y}\xe8\xecc\
\xb2T2\xc4\xb2\xa3#\xa8en\xaa{\xd5\xd6J\x89\
\xa3\xadNs\x96\xd4tG\xb7\xcc\x96\xc0\xc9\x17R\xbf\
\xc4\xbf\xe3Y\x83\x91]\xc1Z\xcc\xbf\xd1b\xba%\xe3\
\xc4R\xfa\x81\xc3}ER\x97r\x8ek\x1e\xd4b\xa7\
\xb8\xb5\x9a\xd1\xf6L\x85Oc\xd8\xfd\x0dE\x8a\xbb\x80\
\xdcQ\x8av(\xc5\x00B\xf0\xab\xf2\x06\x0f\xad@\xd1\
2u\x1cz\x8a\xbb\x8a1@\x141F*\xdb\xc2\xad\
\xdb\x07\xd4TMn\xc3\xa6\x1a\x80!\xc5%<\xa9\x1d\
A\x14b\x80\x19E;\x14b\x80\x1b\x8a1K\x8a1\
@\x0d\xc5\x18\xa7b\x8a\x00f(\xc5:\x8cP\x031\
I\xb6\xa4\xc5&(\xb8Xf(RT\xe4u\x14\xfc\
Rb\x98\xacXR\x19C\x0e\xf4\xb8\xa6[\xfd\xd2*\
\x5c\x1a\x00f(\xa7Q\x8a\x042\x8cS\xb1F(\x0b\
\x1a\xfe\x1a\xca\xc9p}\x02\xff\x00:\xe0\xfc[\xa7\x8d\
;\xc47q(\xc4nD\xa8=\x9b\x9f\xe7\x9a\xf4\x1f\
\x0eG\x88'\x90\xff\x00\x13\x00?\x0a\xe6\xfe$\xda\xed\
\xb9\xb0\xba\x03\xef\xa3F\xc7\xd4\x83\x91\xfc\xeb)\x97M\
\xfb\xc7\x17\x8a\xb7\xa5M\xe4_F\xc7\xee\xb1\xda\x7f\x1a\
\xaf\x8aA\x95!\x87Q\xcdBgT$\xe3%%\xd0\
\xec\x8a\xd2\x15\xa5\x81\xfc\xe8\x12O\xef(4\xfcV\xd7\
>\x99j\xaeDE4\xa8\xa9\xb1HV\x9d\xc0\x84\xa5\
4\xa9\xa9\xb6\xd2b\x9d\xc0\x84\xad4\xadNEIm\
k\xe7\xb6O\xdc\x1d}\xfd\xa9\xadt\x1aWvAc\
nG\xef\x98\x7f\xbb\xfe5r\xa4\xdb\x8e\x83\x8aB+\
\xa6:+\x1d\x91J*\xc4eO\xadV\xbb\xbb\x8a\xcd\
\x09\x91\x86\xfc|\xab\xdc\x9aMJ\xf8Y\xa6\xc8\xc83\
7O\xf6G\xads\xecY\x98\xb3\x92\xccz\x93\xde\xb9\
\xeb\xe2\xf9=\xd8\xeea[\x11\xc9\xee\xc7r\x13\x93\x92\
z\x9eMh@\x9b!U\xf6\xcdU\x8e?2E\x5c\
u5\xa2V\xb9\xb0\xaby\x1c\x94\x97R:6\xd3\x88\
\xa4\xc5v\x5c\xd8n)1O\xa4\xc5;\x80\xccQN\
\xc5\x18\xa0\x06b\x93\x06\x9f\x8aLS\x10\xccRb\xa4\
\xebM\xdbN\xe07\x07\xa69\xadhb\x10\xc4\xa9\xe8\
9\xfa\xd5+(\xb7\xcf\xb8\x8e\x13\x9a\xd2\xc5oIu\
:hGNb\xa6\xa3s\xf6KG\x90}\xf3\xf2\xaf\
\xd4\xd7-\x8a\xd3\xd6\xee|\xeb\xaf)NR.>\xa7\
\xbdP\x8d7\xb8\x15\xe5\xe3+sO\xc9\x1cX\x9a\x9c\
\xd3\xf2D\x90FUwz\xd3\xf1R\xe3\x1d)\x08\x06\
\xbciK\x99\xdc\xe3dx\xa4\x22\x9eW\xd2\x92\x90\x86\
m\xa6\x91\x9a\x93\x14\x98\xa7p\x22+IR\x91M\x22\
\x9d\xc4FV\x9aEHV\x93\x14\xee\x04x\xa4\xc5H\
E4\x8cS\x10\xc2\x01\xa6\x95\xa9\x08\xa4\xc50\x22\xc5\
\x18\xa9\x08\xcd4\xae(\x022)\x08\xa7\x91I\x8aw\
\x10\xc2\x01\xa6\xe3\x15!\x14\x98\xaa\xb8\x11\x95\x06\x9aF\
*B)\x08\xf5\xa7q\x11\x91I\x8e\xd5&\xdfJr\
\xa6:\xf5\xa5)\xd9\x119(\xa1\xa9\x1e\xde{\xd3\xaa\
\xc5\x95\x94\xda\x85\xca\xdb\xdb\xae]\xba\x93\xd1G\xa9\xad\
mk\xc3\xaba\x04rZ\x96\x93\x03\x12g\xab\x1fQ\
\x5cr\xaf\x1eu\x06\xf5g\x9dS\x11\x155\x19=Y\
\xceK\x1e\xeeGZ\x87\x15n\xa2\x92?\xe2\x02\xba\xa9\
\xcf\xa3:\xe9O\xec\xb2\xb9\x14b\x9eE7\x15\xb9\xd0\
0\x8aLS\xe91@\x86\x11I\x8ay\x14\xdcU&\
\x03i\x08\xa7\xe2\xbb\x8f\x85\x7f\x0c\xdf\xe2&\xa5q\xe7\
\xdc\xb5\xae\x9df\x14\xce\xe82\xeeOE_N\x9dh\
rI]\x88\xe0\xa9\x08\xafR\xf8\xad\xf0i|\x07\xa7\
G\xaci\xd7\xd2]X\x19\x04RG*\xe1\xe2'\xee\
\x9c\xf7\x15\xe5\xe4b\x88\xc95t\x03\x08\xa4\xc5<\x8a\
B*\xc43\x14\x98\xa7\x11\x8a\x9a+|\xfc\xcf\xf9R\
\x94\x94U\xd8\xa5%\x1d\xc4\xb7\x83\xa3\xb7\xe0*\xc5-\
Y\xd3\xf4\xcb\xadR_.\xd6=\xc0}\xe7<*\xfd\
MqT\xa8\xbe)=\x0e:\x93_\x14\x9e\x85Rq\
\xd6\xb6\xb4\xcf\x0a]^\x85\x96\xe8\x9bXO \x11\x97\
o\xc3\xb5t\x1aW\x87\xad4\xbcHG\x9fq\xff\x00\
=Xp>\x83\xb5j\x1eNMx\xd8\x8c\xc9\xfc4\
\xbe\xf3\xc7\xc4f?f\x97\xdeT\xb0\xd3m4\xc4\xd9\
k\x08C\xdd\xcf,\x7f\x1a\xb3JE%yr\x93\x93\
\xbbwg\x97)9;\xb7\xa8U\x1dF\xf3\xc9\x1eL\
g\xf7\x8d\xf7\x8f\xf7EY\xb9\x9c[B\xd2\x1e\xbd\x14\
z\x9a\xe6\xee\xefV\xdf-!/+s\xb7\xb9\xafC\
/\xc2\xfbYs\xc9h\xbf3Z\x14\x9c\xde\x88\x94\xe1\
FI\x00\x0e\xe6\xa9\xcd\xaaB\x9cF\x0c\xa7\xdb\x81Y\
\xf7\x172\xdc\x9c\xc8\xdcvQ\xd0T$\x802H\x15\
\xf4\x91\xa2\xb7\x91\xec\xd2\xc1%\xac\xcbo\xaaN\xdft\
\x22\x0f\xa6j3\x7ft\x7f\xe5\xb1\xfc\xaa\xee\x99\xe1]\
{Y\x01\xac4\x9b\xa9\x90\xff\x00\x19]\xab\xf9\x9cV\
\xdc_\x09\xfcW \xcb[ZG\xec\xf7\x035\xaa\xa6\
\xbb\x1d\x0a\x9d(\xe9dr\xe3P\xba\x1f\xf2\xd7\xf3\x02\
\xa4]Ve\xfb\xe8\x8e?*\xe9_\xe1/\x8a\xd4d\
Cb\xfe\xc2\xe0Vu\xef\x80<U`\xa5\xe5\xd1\xa7\
t\x1dZ\x12\x1c~\x86\x87Mv\x07N\x8c\xba\x22\xa4\
z\xac\x0d\xc3\x86\x8c\xfb\xf2*\xda:J\xbb\x91\x83\x0f\
j\xe7\xe4V\x8aC\x1c\xa8\xf1\xc8:\xa3\xa9R?\x03\
B\xb3F\xdb\x91\x8a\x9fQY\xba+\xa1\x84\xf01\x7f\
\x03\xb1\xd0m\xa4\xc5g[\xea\xae\xbcN\xbb\xc7\xf7\x87\
Z\xd1\x8aX\xe7M\xf1\xb0a\xedX\xca.;\x9c\x15\
hN\x9f\xc4\x86\xcb\x12O\x1bE\x22\xeeF\xea+\x9b\
\xbd\xb3{)\xbc\xb69S\xca\xb7\xf7\x85u\x18\xa8/\
-\x12\xf2\x03\x13pz\xab\x7ft\xd4\x95\x87\xaf\xec\xde\
\xbb\x1c\xa4\xb1\x09\x17i\xfc*\x83)V*z\x8a\xd5\
\x927\x8aF\x8eA\x87S\x82*\xad\xd4[\x97x\xfb\
\xc3\xaf\xbdtP\xa9gf{t\xa7\xd0\xa7\x8a(\xa2\
\xbbN\x81\x0d\x14t\xa2\x90\xc34\xb8\xa4\xa34\x00b\
\x8aZLR\x18Q\x8a\x05\x19\xa0\x02\x8a1F(\x00\
\x14\xb4\x94R\x01h\xa2\x8a\x00(\xa2\x8a\x00(\xa2\x8a\
@\x14QE \x0a(\xa2\x95\x86\x14QE \x0ad\
\xbfp\xd3\xe9\x92\xfd\xc3S-\x98\x0f\xa2\x8a*\x80(\
\xa2\x8a`\x14QE1\x05\x14QL\x02\x8a(\xa6\x01\
E\x14\x94\x00QE\x14\xc0(\xc5\x18\xa5\xe9@\x054\
\x9a3J\x05\x00\x18\xa5\xe9E%;\x08(\xa2\x8a\x04\
\x14QJ\x050\x0a(\xa2\x81\x85\x14Q@\x05\x1d(\
\xa5\x02\x9d\x84 \xa7RQ\x9a\x00(\xc6M\x00f\x9d\
@\xc4\x14\xb4P\x06i\x00R\xe3\x14\xbd)@\xc5 \
\x00=ih\xa2\x90\xc2\x80)qJ\x05H\x08\x058\
\x0a1KH\x02\x80)@\xa5\x02\x90\xec \x14\xecQ\
\x8a\x5cP0\xc5^\xd0\xf4k\xcf\x10\xea\xd6\xdaU\x82\
+]\x5c\xb6\xd8\xc36\xd1\xc0\xc9$\xfd\x05R\xc6j\
{;\xa9\xec.\xa2\xbb\xb4\x95\xe1\xb8\x85\x83\xc7\x22\x1c\
\x15#\xbd&\x0f\xc8\xdf\xd7\xfc%\xa8\xf83R:n\
\xa5\xe4\xb4\x8c\x8b*<M\x95e5B>$S\xe8\
E,\xfa\xc6\xa1\xae^Iy\xa9\xdeKyr\xc0\x03\
$\xa7'\x03\xb5'\xa7\xd6\xb8j\xfcL\xb8^\xca\xe7\
Hz\xd1\x8a_O\xa5\x15\x89\xb9\xd3xQ\x08\xb3\xb8\
\x7f\xefH?A[x\xaegH\xd6\xad\xf4\xdd=\xa3\
uy%.HE\xf4\xfa\xd3\x8f\x8b'\xdd\x91i\x1e\
\xdfM\xc75\x0d;\x93c\xa4\xa2\xabi\xfa\x95\xb6\xa6\
\x99\x81\xb0\xe3\xefF\xdfy\x7f\xc6\xad\xd4\x0a\xc2b\x96\
\x8a1@\xc2\x8cR\xe2\x8a\x00LR\x81K\x8a(\x00\
\xa2\x8aP\x09\xa43\x93\xf1\x1d\xaf\x91\xa9\x19\x00\xf9g\
]\xc3\xeb\xd0\xd7)\xa9E\xb2\xf1\x8fg\x01\xab\xd1<\
Ii\xe7i\xdeh\x1f4\x0d\xbb\xf0=k\x86\xd5\xe2\
\xcaE(\xecJ\x9a\xd2,\x1e\xc4~\x1f\x9dm\xb5\xcb\
)\x1c\xe1<\xcd\xa4\xfdk\xd4\xd9Hb\x0fc^:\
r\x06W\x829\x1fZ\xf5\xbd6\xeb\xfbCN\xb6\xbb\
\x04~\xf60O=\xfa\x1a\x9a\x9d\xc4\x89\x80\xa5\xc5C\
q}gh3qw\x04C\xfd\xa7\x15\x8fy\xe3}\
&\xdb\x22\x16\x96\xed\xc7h\xd7\x03\xf35\x16oa\x9b\
\xd5\x1d\xd5\xd5\xbd\x8c^m\xd4\xf1\xc1\x1f\xab\x9cW\x0d\
{\xe3\x9dN\xe7+j\x91\xd9\xa1\xee\xbf3~f\xb0\
f\x96[\x99L\xb7\x12\xbc\xd2\x1f\xe2s\x9a\xa5\x07\xd4\
.u\xba\xb7\x8e\x81\x06-&3\x9e\x9fh\x90t\xff\
\x00u\x7f\xc6\xb9\x17v\x92F\x92Gg\x91\xceY\x98\
\xe4\xb1\xa4\xa4.\x07J\xd21\xec c\x81\xefQ\x81\
\x8av\x094\xa0b\xb6\x8a\xb0\x84\xc14\xa0\x01N\x0a\
M8(\x14\xee\x03B\x93N\x00\x0aP3J\x05K\
` \x14\xe0)qK\x8aC\x13\x14\xa0R\x85\xa9\xad\
\xad'\xbc\xb8KkX^y\xe48H\xe3\x19f\xfa\
Qp!\xc5E\x8a\xbf\x7f\xa7\xdei\x93\x1b{\xebY\
mf\xc6\xed\x92\x0c\x12=j\x96+\x9a\xbb\xd8\xeb\xc3\
-\xce\x87\xc3\x11\xe2\xd6g\xfe\xf3\x81\xf9\x0a\xd8\xc5g\
x}6\xe9h\x7f\xbc\xcc\x7fZ\xd2\xaf\x12\xb3\xbc\xd9\
\xf4T\x15\xa9\xa0\xa2\x8eiqY\x9a\x88)qK\x8a\
\x5cP\x02b\x8av)\xc8\x86WX\xc7V P#\
\x7fJ\x83\xc9\xb1\x8f?y\xfecV\xe8\x0a\x14\x05\x1d\
\x00\xc5;\x15\xf3\xf3\x974\x9c\xbb\x9d\x0bEa\xb8\xa5\
\xc5-.*l\x17\x13\x14\xb8\xa5\xc5.)\xd8\x04\xc5\
\x18\xa5\xa5\xc51\x5cLQN\xc5.(\x15\xc6\xe2\x94\
\x0a\x5cR\xd3\xb0\x84\xc5.)qF)\xd8\x04\xc5.\
)qK\x8a`6\x97\x14\xecQ\x8a\x04&)qK\
\xb6\x94\x0a\x02\xe3qJ\x05;\x14\xb8\xa7a\x5cn\xda\
\x5cS\xb1F(\x01\xb8\xa5\xc5;\x14b\x98\x84\xc5\x02\
\x9dF(\xb0\x1c\x07\x89W\xfe'\xb7_U\xfeUW\
M\xe3P\x83\xfd\xea\xbd\xe2U\xff\x00\x89\xed\xd7\xfc\x07\
\xf9U;!\xb6\xf2\x13\xe8\xe2\xbe\x9e\x97\xf0c\xe9\xfa\
\x1e4\x9f\xef~\x7f\xa9\xd1\xe2\x8cS\xc8\xe6\xb1<[\
\xae\x7fbi\xbf\xba?\xe9W\x19X\xbd\x87v\xfc+\
\x9a\x10rj+\xa9\xe87es\x98\xf1\xdf\x88>\xd5\
7\xf6]\xb3\xfe\xea#\x99\x98\x1e\x1d\xbd>\x82\xb9\x0a\
q\xc9$\x92I<\x92iq^\xf5*J\x9cTQ\
\xc9)6\xee7\x15\xb3\xe1\xdd3\xed\x12\xfd\xaee\xcc\
Q\x9f\x90\x1f\xe2o\xfe\xb5P\xb0\xb1}B\xe5 N\
3\xcb7\xf7W\xd6\xbb\x12\x22\xb1\xb6\x0a\x8b\x88\xe3\x18\
U\xf5\xac\xb1\x15\x1a\xfd\xdcwg\xb1\x94\xe0\xd5I{\
z\x9f\x0c\x7f\x17\xff\x00\x00\xad\xa8\xce@\xf2T\xf2\xdc\
\xb7\xd3\xd2\xa8b\x9e\xc5\x9d\x8b7,NI\xa8\xe7\x93\
\xc9\x8c\xb7\xf1\x1e\x00\xafF\x85\x15F\x0a(\xe8\xc4\xe2\
\x1dY\xb9\xbd\x8a\xd7\x93\x7f\xcb%?\xef\x7f\x85T\xc5\
?\x04\x9c\x93\x92iv\xd5\xb7s\xcb\x94\xb9\x9d\xc8\x9d\
\xb6.\x7f*\xab\x82NNI\xa9\xa5m\xed\xc7A\xd2\
\x9b\x8a\xe7\x9c\xae\xceY\xca\xecf\xda1\x8eM?\x15\
\xa7\xa1i\xbfn\xba\xf3$\x1f\xb8\x87\x96\xff\x00h\xf6\
\x15\x9c\xe6\xa2\xb9\x98\xe8\xd1\x95j\x8a\x9c7f\xa6\x81\
\xa6}\x8e\xdf\xcf\x94bi\x87C\xfc+\xe9\xf8\xd6\xa6\
)\xe7\x9a1^<\xe6\xe7.f}\xe6\x1e\x8chS\
T\xe1\xb2\x19\x8a\x5cS\xb1A\xc2\x82I\xc0\x1c\x93R\
kr\xad\xec\xfeL8S\xf3\xbf\x03\xd8Vf*i\
\xe53\xca\xcez\x1e\x00\xf4\x15\x1e+\xe80\xb4=\x95\
;=\xde\xe7\xce\xe2\xeb\xfbj\x97[-\x86\xe2\x8cS\
\xb1K\x8a\xe99Fb\x8cS\xf1F(\x01\x98\xa6\xcc\
v\xc4\xe7\xda\xa5\xc5Axq\x0e=M\x0c\x99;&\
\xcc\xfcQ\x8av(\xc5fq\x0d\xc5I\x1fqM\xc5\
*\xf0sN.\xce\xe7>.\x8f\xb6\xa3*}\xff\x00\
2LV\xdf\x82u\x05\xd2|[\xa6]H\xdbb2\
yR\x1ff\x18\xfe\xb5\x8d\x81\xd6\x82\xa1\x86?\x95v\
\x1f\x12\xe3\xd1\x9fII\x19RT\xf5\x1cT\x0c\x95\xce\
|=\xf1\x82\xf8\x97O\x167\x8e\x06\xa9j\x806\x7f\
\xe5\xba\x0e\x8e=\xc7z\xea\x99k]\xce\x16\x9avf\
\xa7\x86e\x05g\xb5=x\x91G\xf3\xadg\x8e\xb9[\
k\x87\xb2\xb9\x8e\xe21\x96C\xd3\xd4w\x15\xd8#\xc7\
q\x0aM\x11\xdd\x1b\x8c\x83\x5c\xb5\xa3gs\xd0\xc3N\
\xf1\xe5\xecRt\xaa\xd76\xb1\xdcD\xd1J\xbb\x91\x87\
\x22\xb4\x9d*\x16J\xc8\xe8h\xe1\xb5=.M>N\
r\xd17\xdd\x93\xfa\x1fz\xa0\xc9\xeb]\xfc\xd0$\xa8\
\xc9\x22\x87F\xe0\xa9\xef\x5c\xde\xa5\xe1\xf9 \xcc\x96\xa0\
\xc9\x1ft\xfe%\xff\x00\x1a\xe8\x85[\xe8\xce*\xb4\x1a\
\xd6;\x1c\xfb%D\xc9W\x0a\xd4l\x95\xb1\xceR\x96\
\x14\x95\x0aH\x8a\xe8z\x82+\x1e\xef@\xe4\xb5\xa3\x7f\
\xdb6?\xc8\xd7B\xc9Q\xb2P\x9d\x80\xe3%\x86H\
\x1fd\xa8\xc8\xde\x86\x99\x8a\xece\x85&M\x92\xa2\xba\
\xfa\x11Yw:\x04m\x96\xb6\x90\xc6\x7f\xba\xdc\x8f\xce\
\xadHf\x16(\xc5Y\xb8\xb0\xb9\xb5?\xbd\x85\x80\xfe\
\xf0\xe4T\x03\x07\xa5U\xc0f(\xc5?\x14b\x8b\x80\
\xc23\xc1\xe6\x98aC\xfc?\x95K\x8a1@\x15\xcd\
\xb0\xec\xc4S\x0d\xbbv \xd5\xbcRb\x80*\x18\x1f\
\xd0~t\xd3\x1b/U5w\x14\x98\xa6\x05\x1a1W\
\x1a5n\xaa\x0d0\xdb\xa1\xe9\x91@\x15qF*\xc1\
\xb6\xf4o\xce\x9am\xdf\xd8\xd0\x04\x18\xa3\x15/\x91'\
\xa7\xebJ-\xdc\xf6\x02\x80 \xa2\xac\x0boV\xfc\xa9\
\xeb\x0a/A\xf9\xd0\x04p!\x0aI\xe35%:\x8c\
P\x03i0)\xd8\xa3\x14\x0a\xc3v\xd3N@\xa7\xe2\
\xb4tk\x03u?\x9d \xfd\xccG\xfe\xfaoJ\x1b\
\xb0\x1a\xdau\xb7\xd9l\xa2\x88\x8f\x9b\x1b\x9b\xeak\x9d\
\xf8\x8d\x10m\x22\xd6O\xf9\xe7?\xf3\x15\xd6\x9ek\x99\
\xf8\x84?\xe2@\x83\xfe\x9b\xaf\xf5\xac\x98\xe1\xf1#\xce\
1I\x8ayZLT\x1d\x07K\xa2\xcc\xb2X\xc5\x1b\
p\xcb\x90=\xea\xf9J\xc6\xd29\xb3\x1e\xcckb\x09\
|\xc1\xb5\xbe\xf0\xfdj!W\xdeqg\xd0\xe1\xa7z\
qO\xb0m4\x98\xa9\xb1HEt\x5c\xe8!\x22\x90\
\x8a\x94\xa0\xa5\x8a\x06\x99\xf6\xaf\xe2})\xa65\xae\x83\
!\xb73\xbe\xd1\xc2\x8f\xbc}+AcTP\xaa0\
\x07AOH\xd6%\x08\xa3\x00~\xb4\xa4WD\x15\x8e\
\xaapQDd\x1a\xab\x7fx\xb6qg\x01\xa4o\xba\
\xbf\xd6\xa7\xbb\xb8KH\x8c\x8d\xc9\xe8\xab\xfd\xe3\x5c\xec\
\xf2=\xc4\x8d,\x87,\xdf\xa5c\x88\xc4r.X\xee\
g^\xb7\x22\xb2\xdc\x81\xf7J\xe5\xd8\x96v<\x9fZ\
k!RA\xea*\xecQyq\x99\xdb\xb7\xdd\x15X\
\x83\xd6\xbc\x95;\xb6y\xc3\xac\xe3\x04\xb3\x9e\xdc\x0a\xb2\
V\x9f\x0ca\x22U=z\x9aqOJ\xf5).X\
\xa4tAYX\x80\x8aB*b\xa6\x9aV\xb5\xb9d\
Ei\xa6\xa5\xdbHE;\x81\x1e(\xa7\x15\xa4 \xd3\
\xb8\x0d\xc5!\x14\xea)\xdc\x06R\x11O\x22\x9f\x04>\
t\xca\x9d\x8f'\xe9Mj\x09]\xd8\xb9g\x17\x95\x00\
\xc8\xf9\x9b\x93Kw8\xb5\xb6\x92n\xea8\xf7=\xaa\
\xc1\xfaV&\xbdq\xbaD\xb7S\xc2|\xcd\xf55\xad\
j\x9e\xce\x9bh\xe9\xa9/g\x0d\x0c\x82\x09$\x9eI\
\xe4\x9a\xb1o\x18\x0b\xb8\xf55\x1a!w\x0b\xebWv\
\x81\xc5|\xe5y\xd9r\x9eD\x88\x8a\x9aJ\x94\xa9\x14\
\xd2\x01\xae[\x90G\x8aB3\xd6\xa4+M\xa7p#\
+\xe9I\x8a\x93\x14\x84g\xad;\x88\x8f\x14\x84T\x85\
=)\xb8\xa6\x036\xd3H\xa91HE;\x85\x88\x8a\
\xd2b\xa5\x22\x9aE4\xc4FV\x9aEHV\x93\x14\
\xee\x04X\xa2\x9eW\xd2\x93\x14\xc0\x8c\xaei\xa4b\xa4\
\xc5&)\xdcDt\x86\xa4+M#\x14\xc0aZL\
S\xf1@\x5c\x9ehn\xc8\x994\x95\xc6\xaaw\xa7\xac\
m+\xacq\xa9gc\x85Q\xd4\x9aS\xc5u\x1e\x16\
\xd2|\xa8\xff\x00\xb4f_\xde8\xc4 \xff\x00\x0a\xf7\
?\x8dq\xe2q\x0a\x9c\x5c\xd9\xe6bq\x0a\x9c\x5c\xe4\
_\xd1\xf4\x84\xd2-vp\xd3\xbf2\xbf\xa9\xf4\x1e\xc2\
\xa5\xd4\x13}\xa3\x1e\xeb\x86\x15o\x15\x1c\xeb\xbe\x19\x17\
\xd5M|\xf4j\xc9\xd5U%\xbd\xcf\x9dsr\x9f4\
\xb78\x8dSN\xf2\xf3q\x02\xfc\x87\x97Q\xfc>\xf5\
\x9b\xd6\xba\xbe\xd5\x8b\xa9\xe9\x9eFg\x80~\xeb\xf8\x97\
\xfb\x9f\xfdj\xfad\xcfg\x0f^\xfe\xe4\x8c\x89#\xc7\
#\xa5FEZ\xa8\x9e<r:V\xf0\xa9\xd1\x9e\xad\
:\x97\xd1\x90b\x90\x8fJ\x93\x14\xd2+k\x9b\x0c\x22\
\x93\x14\xfcR\x11LC\x08\xcdv\x1f\x0d>#\xdd\xfc\
;\xd4\xa6\x91m\xc5\xdd\x8d\xde\xd1q\x06pN3\x86\
S\xd8\x8c\x9f\xadr$Shj\xea\xccG\xa3|S\
\xf8\xc1'\x8f\xec\xe1\xd2\xec\xac\x9e\xcbO\x8d\xc4\xb2y\
\x8c\x0b\xcc\xc3\xa6q\xd0\x0ek\xcdi\xe4R\x11N)\
%d\x036\xd2c<S\xf0I\xc0\xa9\xe2\x84 \xc9\
\xfb\xdf\xca\x89ME\x139\xa8\xa1\xb1A\xb7\xe6n\xbf\
\xca\xa4#\xbd-li\x9a+;\xa3N\x9b\x9d\xbe\xec\
_\xd4\xd7$\xe7}dpV\xac\xa0\xb9\xa4A\xa3h\
R\xea\x92\x82\xf9\x8e\x01\xc9n\xe4{Wm\x04\x11Z\
\xc2\xb0A\x18\x8e$\xe0(\xa5\xb6\xb7[h\x84k\xc9\
\xfe#\xeaj\x5cW\xcec1N\xb4\xac\xbe\x15\xfd\x5c\
\xf9\xfcN&U\xa5\xae\xc31F)\xc4Rc\x15\xc8\
r\x89GZZd\xae\x22\x8d\xe4\xfe\xe8\xcd\x096\xec\
\x80\xc3\xd7\xaf\xc4M\x81\xce\xcf\x95\x07\xa9\xeek\x98v\
i\x18\xb3\x92X\xf5&\xac^\xdc\x1b\x9b\x86|\xe5G\
\x02\xaf\xf8[\xc3W>+\xd5\xd3O\xb7o*07\
\xcf>2\x22O_\xa9\xe8+\xed0\xd4\x15*j\x08\
\xfaL-\x05F\x9e\xbb\x8c\xf0\xef\x865/\x14\xde\x1b\
m>!\xb5?\xd7N\xfcG\x08\xf7=\xcf\xb0\xafY\
\xd0\xfc\x0b\xe1\xdf\x09D\x977>]\xd5\xd8\xe7\xedW\
C\x8c\xff\x00\xb0\x9d\x05]\xba\x9e\xc7\xc2\x1al:V\
\x93\x02F@\xca\xa9\xe7\x1f\xed\xb7\xa95\xcb\xdcM5\
\xd4\xa6i\xe4id=Y\x8dwB\x9fV\x13\xa8\xe5\
\xb6\xc7}i\xabZjD\xad\xb5\xc0\x91\x90}\xcc`\
\x81\xf4\xab\x15\xe6\xf1K$\x12,\xb19\x8eD9V\
\x1dEw\x1a&\xae\xba\xbd\xb1,\x02\xdcG\xc4\x8a:\
{\x11\xedW(\xd8\xca\xc6\x86(\x04\xa9\xc88\xa5\xc5\
%@\x8az\xae\x8d\xa6k\xd1\x18\xb5K\x18.\x97\xd5\
\xd7\x0c>\x8c9\xaf6\xf1?\xc1\xf9\xa0W\xb9\xf0\xec\
\xadr\x83\x93g1\xf9\xc0\xff\x00e\xbf\x8b\xe8k\xd5\
ihj\xe5Fr\x8e\xc7\xccrF\xf0\xca\xf0\xcb\x1b\
\xc5,g\x0f\x1b\x8c2\x9fqDr\xbcO\xbe6*\
\xde\xa2\xbe\x80\xf1O\x834\xaf\x16\xc3\xfe\x9b\x19\x86\xed\
F#\xbc\x88|\xeb\xf5\xfe\xf0\xf65\xe2\xbe&\xf0\x9e\
\xa9\xe1+\xa1\x0e\xa1\x18h\x5c\xe2\x1b\xa8\xff\x00\xd5\xcb\
\xfe\x07\xd8\xd6r\x8d\x8e\x98\xd4\x8c\xd5\x98\x96\x97\xe9q\
\x84\x93\x09'oF\xab}+\x9d\xad+\x1dC8\x86\
s\xcfEs\xfc\x8dsN\x95\xb5\x89\xc1\x88\xc2[\xde\
\xa7\xf7\x0c\xd6\xac\xfc\xd8\xfe\xd2\x83\xe7\x8ca\xfd\xd7\xff\
\x00\xadX\x9c\x11]q\x1dC\x0c\x8e\x84W1}j\
m.\x9e/\xe1\xea\xa7\xd4V(\xac\x1d[\xaeG\xd0\
\xc8\x9e/*B;\x1eEGW\xae\x93|Y\xee\xbc\
\xd5\x1a\xf4h\xcf\x9a'\xb1N\x5c\xc8):R\xd1Z\
\x14!\xa2\x97\xa5'ZC\x01KIFh\x00\xc5\x14\
\xb4R\x18QI\x9aZ\x00(\xc5\x14P\x02t\xa5\xa2\
\x8a\x00(\xa2\x8a@\x14QE\x00\x14QE \x0a(\
\xa2\x90\x05\x14QHaL\x97\xee\x1a}2_\xf5f\
\xa6[0\x1fE\x14U\xa0\x0a(\xa2\x81\x05\x14QL\
\x02\x8a(\xa6\x01E\x14\x98\xa0\x02\x8cQ\x8aZ` \
\x14\xb4Q@\x056\x96\x80)\x80b\x96\x8aJ\x04\x14\
QE\x02\x0a(\xa5\xa6\x00(\xa2\x8a\x06\x14QE\x00\
\x14QK\x8ab\x0cQE\x14\x00f\x80)@\xa5\xa0\
aE\x14\xb8\xa4\x00\x05-\x1dii\x00\x01\x8a\x5cP\
\x05-H\xc4\xa5\xa5\x02\x94\x0a\x06 \x14\xea(\x02\xa5\
\xb0\x0aP(\x02\x9c\x05 \x13\x18\xa5\x02\x94\x0aP(\
\x18\x98\xa7b\x80)\xc0R\x011K\x8aP)qH\
d\xf6\x5c;\x0fQV\xcfJ\xa7i\xfe\xb8}*\xf6\
+\x8e\xb7\xc4\x5cv:(\xf9E>\xaa)\xddk.\
\xc3P\x10\xaf\x959;\x07\xddoOj\xb3&\xa9l\
\x9ft\xb4\x87\xd8V\x06\xb7-\xd2\x81Y\xa3Wr\xc0\
%\xb8>\xd9\xc9\xad4b\xe8\xacT\xa1#;OQ\
@\xd0\xa8\xcd\x1b\x87F(\xeb\xd1\x94\xe0\x8a\xde\xd3\xfc\
NW\x11\xdf\xae\xe1\xff\x00=\x94s\xf8\x8a\xc1\x1c\x9c\
\x0eO\xa0\xe6\xacG\xa7\xdeK\xfe\xae\xd6c\xef\xb7\x15\
- ;he\x8e\xe21$2,\x88\x7f\x89M;\
\x15\xc9[i\xba\xcd\xa4\x9ee\xbc\x12\xc4\xde\xc4`\xfd\
Et\x16\x17:\x8b\xe1/l\x0a\x1f\xf9\xea\x8c1\xf8\
\x8a\x86\xac\x22\xf6(\xa7m\xa3\x157\x10\x98\xa0\x0ap\
\xe6\x96\x95\xc6 ZZ(\xa0\x04x\xd6dh\xdf\xee\
\xb8*\x7f\x1a\xf3\xfdN\xcd\xd1'\xb5q\xf3\xc6\x7f\x95\
z\x0dP\xd54X\xb5&\x12\x870\xce\x067\x81\x90\
\xc3\xdcS\x8c\xac4yp\xa7\x07p6\x89\x1c/\xa0\
c\x8a\xd7\xf1.\x86tK\x88\x7fx\xae'\x05\xbeQ\
\x8c\x11Y\x00V\xa9\xdc\x91\xbb\x17=2}\xf9\xa7\x01\
H\xecW\xa57s\x1e\xa6\xadE\xb1\x12p)\x0b\x8e\
\xd4\xcaP\xbe\xb5J\x0b\xa8\x5c2Z\x94-(\x1e\x94\
\xe0\xb5[\x00\xd0\x09\xa7\x05\xc5:\x94\x0aM\x80\x80f\
\x94\x0a\x5cR\xe2\xa4a\x8a1N\x034\xe0\xb8\xa0\x06\
\x85\xa7\x05\xa5\xa5\x02\x95\xc6&+\xa1\xf0\x1e\xbfo\xe1\
\x9f\x12E\x7fx\x0f\xd9\x9a6\x8aGQ\x93\x18#\xef\
\x0a\xc0\xc58-L\xb5V`\x9d\x9d\xce\xb3\xe2_\x8b\
l\xbcUwh\xbavd\xb6\xb5F\xfd\xf3)Vv\
n\xa3\x9e\xc3\x15\xc5m\xf5\xab\x12\x8f\x92\xa1#\x83\x5c\
\xb5\x12M$wPm\xa6\xd9\xd6h\xe9\xb7K\xb6\x1e\
\xab\x9f\xd6\xae\xe2\xa1\xb2]\x96P/\xa4b\xa7\xc5x\
\xd3w\x93g\xd0AZ)\x09K\x8aZ1RPQ\
\x8aZP(\x0b\x88\x05]\xd2b\xf3/\x90\x9e\x88\x0b\
\x1a\xa9\x8a\xd6\xd0b\xf9\xa6\x90\xf6\xc2\x8a\xc7\x11.Z\
rc\x8e\xac\xd5\xa5\xc5.)k\xc4\xb1\xb0\x98\xa5\xa5\
\xc5\x00S\x0b\x89\x8a\x5cR\xe2\x9d\x8a\x05q\xa0R\xe2\
\x96\x97\x14\xec!(\xc5-.*\xac\x02b\x97\x14\xa0\
b\x94\x0c\xd0\x02m\xa5\xc5.\xda\x5c\x01@\xae7\x19\
\xa5\xdbN\xc5.)\xd8W\x1b\x8a\x5cS\xb1K\x8a\x04\
7\x14\xb8\xa5\xc5\x14\xc0LR\xe2\x97\x14b\x8b\x05\xc4\
\xc5\x14\xecR\xe0\xd3\xb0\xae7\x14b\x9d\xb6\x97\x14\xec\
!\xb8\xa5\xc5;\x14b\x8b\x01\xc2x\x95\x7f\xe2ys\
\xff\x00\x01\xfeUF\xdcm\xb8\x88\xff\x00\xb6?\x9di\
\xf8\x91?\xe2ws\xff\x00\x01\xfeU\x9f\x18\xc4\x88}\
\x18\x7f:\xfaZ\x1f\xc2\x8f\xa2\xfc\x8f\x1a\x7f\x1b\xf5:\
\x0b\xbb\x88\xac\xe0\x96\xe2v\x09\x1c`\xb3\x1a\xf2=s\
V\x9b[\xd4$\xbb\x94\x9c\x1f\x95\x13\xb2(\xe8+\xa7\
\xf8\x83\xae\xf9\xd3\x7fe[\xb7\xc8\x87t\xc4w=\x87\
\xe1\x5cf+\xaf\x05C\x96<\xefvuT\x95\xdd\x90\
\xcd\xb4\xbb~\xa7\xe9O\xc5lxwN\xfbD\xe6\xee\
A\x98\xe1?(?\xc4\xdf\xfdj\xec\xa95\x08\xb92\
\xb0\xf4%^\xa2\xa7\x1d\xd9\xa9\xa3i\x83O\xb5\xc3\x8f\
\xdf\xcb\xcb\xfbz\x0a\x8e\xf6\x7f:]\xab\xf7\x13\x81\xee\
j\xed\xf4\xc6\x18\xb0\x0f\xce\xfd>\x9e\xb5\x99\x8a\x8c\x0d\
'&\xebO\xe5\xfd~\x07\xd2\xe3'\x1aPXj[\
/\xeb\xfe\x0b\x1b\x8f^\x95\x9d<\x86i\x0bt\x03\x80\
*\xd5\xe4\x98_,u=j\x9e+\xd1\x93<Z\xd3\
\xbf\xba\x84\xc5G;m]\xa3\xa9\xa9N\x14\x12z\x0a\
\xac\xc7s\x16=Me9YX\xe4\xa9++\x0c\xc5\
.)iqX\x98\x04P\xbc\xf2\xa4Q\xae]\xce\x00\
\xae\xd2\xca\xcd,m\x92\xdd9\xdb\xd4\xff\x00x\xf75\
\x99\xe1\xcd;\xcbC{ \xf9\x9cb0{\x0e\xe7\xf1\
\xad\xbcW\x9b\x8a\xab\xcc\xf9V\xc8\xfa\xbc\x9b\x07\xec\xa1\
\xed\xa5\xbc\xb6\xf4\xff\x00\x83\xfeBb\x8cR\xe2\x8cW\
)\xed\x09T\xf5\x19\xf0\xa2\x15\xeayo\xa5\x5c\x91\xd6\
(\xd9\xdb\xa2\xd6;\x96\x91\x8b\xb7%\xb9\xae\xfc\x05\x0e\
y\xf3\xbd\x97\xe6y\xf9\x85~Hr-\xdf\xe42\x8c\
S\xb1F+\xda<;\x8d\xc5\x18\xa7\xe2\x8cP\x17\x19\
\x8a1O\xdbK\x8a\x02\xe4x\xaa\xb7\xddQ~\xa6\xaf\
b\xa8\xdes6=\x05)lgU\xfb\xa5\x5cQ\x8a\
\x93\x14b\xa0\xe5#\xc5\x18\xa90(\xc0\xa0\x05\x8c\xf6\
\xa7b\x99\xd2\xa5\x5c0\xf7\xad\xe9O\xec\xb3\xe7sl\
\x17,\xbd\xbc6{\xfa\xf7\xf9\x92Y\xdd\xdc\xe9\xf7p\
\xdeY\xcc\xd0\x5c\xc2\xdb\xa3\x91z\xa9\xff\x00\x0a\xf6\xff\
\x00\x07x\xba\xdb\xc5\xf6\x05\xc0Xu\x08\x00\xfbM\xb8\
\xed\xfe\xd2\xfa\xa9\xfd+\xc3\xb1S\xe9\xf7\xf7zM\xec\
W\xd63\xb4\x170\x9c\xa3\x8f\xd4\x11\xdc\x1fJ\xdd;\
\x1e\x04\xe0\xa4\x8f\xa1\x99*\xfe\x8b\xa9}\x86C\x04\xc7\
\xfd\x1eC\xd7\xfb\x87\xd7\xe9\x5c\xc7\x84|[i\xe2\xeb\
\x22\xe8\xa2\x0b\xe8@\xfbE\xb6~\xef\xfbK\xea\xa7\xf4\
\xad\xa6L\xf5\xaaiIX\xe7\x8c\xa5\x09]nv/\
\x1f\xf9\xf5\xa8^:\xc9\xd1\xf5\x8f\xb3m\xb5\xbac\xe4\
\xf4I\x0f\xf0{\x1fj\xdfx\xff\x00\x11\xd8\x8e\xf5\xc7\
(\xb8\xbb3\xd3\xa7QM]\x14\x1a:\x85\xa3\xab\xed\
\x1dB\xf1\xd4\x96c^\xe96\xb7\x84\xb4\xb1\xe1\xff\x00\
\xbe\xbc\x1a\xc2\xbd\xf0\xfd\xc5\xb8-\x09\xf3\xd0v\x1c0\
\xfc+\xb0x\xea&\x8e\xb4\x8dF\x8c\xa7F2\xdc\xf3\
\xe6NH \x82:\xfbTm\x1dv\x9a\x8e\x8f\x0d\xf0\
$\x8d\x92\xf6\x90\x0f\xe7\x5c\xbd\xcd\x9c\xb6\xb342\xae\
\xd7\x1f\x91\x1e\xa2\xba#5#\x8e\xa5'\x0fC=\x92\
\x98R\xad\x94\xa8\xda:\xb32\xb7\x22\xaa\xcf\xa6\xda\x5c\
\x1c\xbc 7\xf7\x97\x83Z\x0d\x1d0\xa5\x17\x03\x0eo\
\x0f\xf7\x82\x7f\xf8\x0b\x8f\xebTf\xd2\xef \xc9hK\
\x0fU9\xae\xa3m&1\xd3\x8ajLg\x1cF\xd3\
\x83\x90}\x0f\x14b\xba\xe9\x22\x8eQ\x89\x11\x5c{\x8a\
\xa9&\x8de'H\xca\x1fUj|\xc0s\x98\xa4\xad\
\xa9<<?\xe5\x95\xc9\x1e\xcc\xb5^M\x0a\xf1~\xef\
\x96\xe3\xd8\xe2\x9d\xd0\x19\xb8\xa3\x15i\xf4\xdb\xc8\xfe\xf5\
\xb3\xfe\x1c\xd4\x0d\x14\x89\xf7\xa3u\xfa\x8a`G\x8a1\
K\xc7\xad\x1d})\x85\x86\xe2\x8cS\xa8\xc5\x17\x01\x98\
\xa3\x14\xfcRb\x81\x0c\xc5\x18\xa7b\x8e\x07\xa50\x19\
\x8a1N\x03'\x03$\xfbT\xd1\xd8\xddM\xfe\xae\xdd\
\xcf\xd4b\x80+\x11I\xd3\xadj\xc5\xa0\x5c\xbf\xfa\xd6\
H\x87\xe6kF\xd7G\xb5\xb5!\xb6\xf9\xae?\x89\xfb\
~\x14\x9c\x90\x19\x16\x1aD\xb7\x84<\x99\x8a\x0fS\xd5\
\xbe\x95\xd0G\x1aB\x8b\x1cj\x15\x14`\x01\xda\xa4\xea\
y\xa3\x15\x0d\xdcCk\x93\xf8\x8d.\xdd2\xce.\xef\
1?\x90\xae\xb7\x15\xc1\xfcE\xb8\xdf\x7fgj\x0f\xfa\
\x98\x8b\xb0\xf7c\xc7\xe8*^\xc5A{\xc7#\x8a1\
N\xc5!\x1cT\x1d\x07_\xa0\xd8-\xce\x83\x18\xc0\x12\
nfV\xfcj\x0d\xad\x13\xf4*\xcazV\xe6\x8dn\
m\xb4\xabh\xc8\xe4&O\xe3Qj\xb6A\x81\xb9A\
\xc8\xfb\xe0w\x1e\xb55\xe9]s\xad\xd1\xf4\xca\x8d\xa9\
E\xad\xd2ED\x22D\x0c;\xfe\x94\xa4T6\xed\xb1\
\xf0O\xca\xd5h\xae)\xd2\xa9\xcc\xae8\xca\xe8\x8d\x22\
i\x5c*\x8eO\xe9Z\x11\xc2\xb0\xa6\xd5\xfcO\xad\x16\
q\x05\x8b~9o\xe5Sm\xae\xa8+juS\x82\
J\xe4dS$d\x89\x1aG;UFI\xa9\xb6\xd6\
.\xa9v.$\xf2\x90\xfe\xed\x0f\xfd\xf4iU\xad\xec\
\xe3q\xd5\xa9\xc9\x1b\x94n\xe7{\xb9\x8c\x8d\xc0\xe8\xab\
\xfd\xd1Ionf~G\xca:\xd3\x92&\x91\xc2\xaf\
SZ\x1b\x16\xda\x1e\x9c\x01\xf9\xd7\x8bZ\xb3\xf9\xb3\xcc\
\x94\x9bwf}\xf3\x0d\xc21\xd0u\xaa\xf0\xc3\xe6J\
\xa3\xb7SR8\xde\xc5\x8fSH\xa5\x90\x10\xa7\x19\xef\
\xde\xb4\xa4\x94RL\x15\x8b\x12\xcb\x1c\x7fy\xb0}\x05\
Wk\xbf\xee\xa7\xe6i\xa9\x13H\xfb\x11\x0b1\xec*\
\xdcz$\xef\xcc\x8c\xb1\x0fN\xa6\xbb\x15J\x95>\x04\
j\xb9\xe7\xf0\xa2\x99\xbb\x93\xfb\xabL7r\x1f\xe1Z\
\xd5\x1a\x0a\xe3\x9b\x86\xfc\x16\x98\xfa\x08#\xe5\xb8\xfc\xd6\
\xab\xd9\xe2?\xab\x15\xecj\x99\xa2\xec\xff\x00\x12~U\
2:J>S\x9fn\xf4\xf9t[\xa4\xe56\xca=\
\x8f5E\x91\xe2|0da\xd8\xf5\xa5\xedjA\xfb\
\xe8\x86\xe7\x0f\x89\x17\x0a\xd3J\xd2C8\x93\xe5~\x1b\
\xd7\xd6\xa5*EuBjJ\xe8\xd1I=\x88H\xa3\
\x18\xa9\x08\xa4+Z\x5c\xa2*\xbb\xa7\xc5\x85iO~\
\x05U \xd6\xacqyQ\xaa\x0e\xc2\xb4\xa7\xab\xb9\xad\
\x18\xdeW\x1b$\x8b\x0cm#\xfd\xd4\x195\xca\xca\xed\
<\x8f+\x9f\x99\xceMmk\xb7\x1b\x22Kq\xd5\xfe\
f\xfaV2&\xf7\x0a;\xd7\x1e6\xad\xe5\xcb\xd1\x18\
\xe2\xe7yr\xf6&\xb5\x88\x85\xde{\xf4\xa9\x88\xa9\x02\
\x800:\x0a\x08\xaf\x06s\xe6w8H\x88\xa4\x22\xa4\
+M\x22\x90\x88\xf6\xd3H\xcfZ\x97m4\x8aw\x11\
\x19_JmJW\xd2\x9b\x8c\xf5\xa7p#\xc5!\x1e\
\xb5!_Jm;\x80\xc2\xbe\x94\xda\x93\x14\x84f\x9d\
\xc0\x8f\x14\x84S\xca\xfaRS\x11\x1e)\x08\xa91I\
\x8aw\x0b\x11\x11\x8ai\x15)\x14\xd2\xb4\xee\x222\xb4\
\xdcT\x84R\x11\x9a\xab\x81\x1e)1O\x22\x90\x8a\x04\
FV\x94\x0cS\xb1F\xd2\xc4\x05\x19bp\x00\xeej\
'.\x875i]\xd8\xbd\xa2igT\xbd\x08\xe0\xf9\
\x11\xfc\xd2\x9fn\xc3\xf1\xae\xe3\x03\xb0\x00\x0e\x00\x1d\x85\
T\xd2t\xd5\xd2\xec\x92\x0e\xb2\x1f\x9aF\xf5o\xfe\xb5\
\x5c\xaf\x9b\xc5\xd7\xf6\xb3\xd3e\xb1\xf38\xba\xfe\xd6z\
l\xb6\x1b\xd2\x91\xc8\x08\xc4\xf4\x00\xe6\x9fU\xb5\x17\xf2\
\xedXws\xb4V\x14\xa1\xcf5\x1e\xe7*Wv1\
@\xe2\x90\x8f\xc4zS\xb1E}9\xd8a\xea:g\
\x93\x99\xa0\x5c\xc7\xd5\x90\x7f\x0f\xd3\xda\xb3q]n+\
#Q\xd2\xb6\xe6ke\xe3\xabF;{\x8ai\x9d\xf4\
1\x17\xf7fb\xbc}\xc5EV\xb1\x9e\x94\xc7\x8f>\
\xc6\xb7\x85N\x8c\xf4\xe1V\xdaH\xaeE&)\xe4\x10\
i1[\xdc\xe8\x18E4\x8a\x93\x14\x84S\x15\x88\xc8\
\xa4\xc6zS\xf1R\xc7\x16\xdeOZR\x9f*&r\
QCc\x8bg$sO\xc7\xa7'\xd2\x9d[:^\
\x9b\xe4\x81q0\xfd\xe1\xfb\xab\xfd\xdf\xfe\xbdr\xb9_\
Vy\xf5\xab(.i\x06\x9b\xa6\x8bp&\x98fS\
\xd1\x7f\xb9\xff\x00\xd7\xae\x9a\xc2\xcf\xec\xe9\xe68\xfd\xeb\
\x0f\xfb\xe4TZm\x9e\xe2.$\x1c\x0f\xb8\x0f\x7fz\
\xd1\xaf\x1b\x1f\x8a\xbb\xf6Q\xf9\xff\x00\x91\xe0b+:\
\x92\xd4m\x14\xeaLW\x94r\x89E-%\x00&+\
;_\x94\xc1\xa5L\xcay8QZU\x8f\xe2\xac\x8d\
(zy\x835\xd5\x83I\xd7\x82}\xd1\xae\x1a*U\
b\x9fs\x90\xe8>\x95\xed\x1f\x0bt\xb8\xb4\x9f\x08\x8b\
\xf9\x14\x09o\x8bO!\xef\xb1I\x0a+\xc5\xe5\x1f\xbb\
\x7f\xa1\xafx\xd3\x88_\x87\xb6\x8d\x17\x1f\xe8J?^\
k\xeda\xab>\x8e\xbb\xd0\xe6\xeen\x1e\xf6\xe6K\x99\
\x0eZV\xcf\xd0v\x15\x15(\xe0b\x96\xba\xceq\xb8\
\xab:]\xf3i\x97\xf1\x5c\xa9\xf9A\xda\xe3\xd5OZ\
\xaeE!\x19\x18\xech\x11\xe9<\x1eT\xe4\x11\x90}\
\xa8\xebY\xde\x1c\xbc\xfb^\x91\x16\xe3\x97\x8b1\xb7\xe1\
\xd3\xf4\xad<\x03X5bF\xe2\x80\x09 \x00I<\
\x00;\xd2\xe0\xd7C\xe1+X\xd8\xcfr\xc0\x17R\x11\
}\xbdjg>Ur\xe9\xd3s\x92\x89\x84\xd6\xb7\x11\
\xae\xe9-\xe5U\xf5+Un\xec\xedu+I,\xef\
 \x8e\xe6\xdaQ\x87\x89\xc6A\xff\x00\x03^\x96y\x18\
5\x99\xa8h\x16\x97\xa0\xb0_&_\xef\xa7\xf5\x15\x94\
q\x09\xfcH\xe9\x9e\x0d\xadb\xcf\x98<u\xf0\xe6\xe7\
\xc2\xfb\xaf\xec\x0b\xddi$\xf2O/m\xec\xde\xa3\xde\
\xb8\xde\xa3\xd4W\xd57\xfat\xfas\x98\xeecV\x8d\
\xc1]\xd8\xca8\xf4?\xe1^-\xf1\x0f\xe1\xc7\xf6(\
\x93Y\xd1cf\xd3\xb3\x99\xed\xc7&\xdb\xdcz\xaf\xf2\
\xad\x1aV\xba&\x15\x1d\xf9g\xb9\xc8\xe9\xd7\xbb\xb1\x04\
\xa7\x9f\xe0c\xdf\xd8\xd3u\xdb}\xd0$\xe0s\x19\xc1\
\xfa\x1a\xcf\x1e\xa0\xf1\xedZ\xb6\xf3\x0dB\xceX\x1f\xfd\
`R\x0f\xbf\xa1\xaeZ\x90\xb7\xbc\x8eZ\xd4\xbd\x9c\xd5\
X\xed\xd4\xe7\x88\x0c\x08\xf5\xac\xc6\x1bI\x1e\x95\xa8:\
V}\xc0\xc4\xcdZa\xde\xad\x1e\x95'\xabDTQ\
Eu\x9b\x85\x14QE\x80N\xb4R\xd1@\x09KI\
Fi\x00\xa6\x92\x96\x8a\x06\x14RR\xd2\x00\xa2\x8a(\
\x00\xa2\x8a(\x00\xa2\x8a)\x00QE\x14\x00QE\x14\
\x80)qIE \x0ad\xbf\xea\xcdIL\x97\xfdY\
\xa9\x96\xccc\xa8\xa2\x8a\xa1\x05\x14QL\x02\x8a(\xa6\
\x01E\x14P\x01\x8a(\xa2\x98\x05\x14Q@\x05%!\
\xa5\x02\x98\x06)sA\xa4\xa0AE\x14P \xa3\x14\
R\xd3\x00\xa2\x8a(\x18QE\x14\x00Q\x9a)qL\
@\x05.h\xa4\xa0\x03\xad(\x14\x0aZ\x06\x14\xb4b\
\x97\x14\x801F)@\xcfZZ@\x14\x0aZ\x00\xa9\
\x18b\x96\x8a\x5cb\x90\xc0R\xd1\x8a\x5cRl\x04\xc5\
;\x14\xa0R\xe2\x90\x08)qKK\x8a.1\x00\xa7\
\x0a\x058\x0a\x91\x88)h\x02\x9c\x05 \x13\x14\xf5B\
\xc7\x00d\xd3\xa2\x88\xc8p?:\xbb\x1cK\x18\xc0\xfc\
\xeb9\xd4Q\x1aW\x19\x0c\x1eP\xcfV\xa9\xb1O\x8a\
\x19&}\x91!f\xf4\xf4\xad(4u_\x9a\xe1\xf7\
\x1f\xee\xaf\x03\xf3\xaeII\xbdY\xa2]\x8c\xd8\xe3y\
\x9bljX\xfa\x0a\xbf\x06\x8e\xc7\x99\xdfo\xfb+\xd7\
\xf3\xad8a\x03lP\xc7\xc9\xe0*\x0eMt\x9ag\
\x86U1-\xff\x00\xcc\xddD \xf0>\xa7\xbdC\x95\
\x8b\xb5\x8c-3F\x9a\xe3\xe5\xb2\xb7\xc2\xf7\x90\xf0\x07\
\xe3]\x0d\xa7\x85\xad\xa2\xc3]H\xd3\xb7\xf7W\xe5Z\
\xdbT\x0a\xa1T\x05Q\xd0\x01\x80)p+'&\xc2\
\xe40Z\xc1l1\x04\x11\xc6=\x96\xa6\xf9\x8fRi\
h\xa9\x10\x98\xa5\xa2\x97\x14\x0cN\xb4\xb8\xa2\x97\x14\x80\
J)qK@\x09\x8a1KE\x03\x0a(\xc5\x0c\xc9\
\x1a3\xc8\xc1\x11Afc\xd8R\x03\x8b\xf8\x83\x22\x9b\
\xbb\x18\xb3\xf3$l\xc7\xd8\x13\xc5r\x9dj\xf6\xb3\xa9\
\x1d_S\x9e\xf0\xf0\x8eq\x18\xf4Q\xc0\xaa\xf1[I\
4rH\x8b\x90\x9d}\xebe\xa2\x11\x0b.E0\x0c\
\xd4\xc0w\xa6\xb2s\xedZB]\x04\xc6\x01N\x0b\xeb\
N\x00\x0aP3Wq\x08\x058\x0fZP1K\x8a\
\x9b\x8e\xc2\x01K\x8aZpZ\x00h\x19\xa7\x05\xc5;\
\x14b\x95\xc6\x14\xb8\xa5\xc5(ZW\x01\x00\xa7\x05\xa5\
\x02\x9c\x05+\x80\x80R\x85\xa5\x02\x9c\x05+\x8c\x8ao\
\xba*\x16^*\xc4\xe3\x00TAr\xca=\xc5r\xd5\
\xf8\x8e\xea\x0b\xdc;H\x97lQ\xaf\xa2\x81\xfaS\xb1\
K\x8c\x00=\xa9q^)\xf4\x22R\x81J\x05(\x14\
\x08LR\x81N\x02\x94\x0a\x02\xe2b\xb7tX\xf6\xd9\
n\xfe\xfb\x13X\x98\xc0\xae\x92\xc6?.\xce\x15\xff\x00\
g5\xc7\x8d\x95\xa0\x97\x99P\xdc\x9b\x14\xb8\xa5\xc5-\
y\x86\x97\x10\x0a\x5cQ\x8a\x5cS\xb0\x09\x8a\x5cR\xe2\
\x94\x0a`&)qK\x8a]\xb4\x0a\xe2b\x97i\xa5\
\xc5.(\x15\xc4\xc6)i@\xa5\xc5;\x00\xdcR\xe2\
\x9d\x8a(\x10\x98\xa5\xc5.\x0d\x18\xa7`\xb8\x98\xa5\xc5\
.)qN\xc2\xb8\xdcR\x81N\x02\x97\x14\xc47\x14\
\xb8\xa5\xc5.(\xb0\x09\x8a1N\x02\x97\x14\xc2\xe3v\
\xd2\xe2\x9d\x8aP\xb4\x0a\xe3qF)\xf8\xa3\x14\x08\xe1\
\xfcH\xa3\xfbj\xe3\xe8\xbf\xca\xb05}At\xdb6\
\x94\x7f\xac< \xf7\xae\x8f\xc4\xa0&\xb1p\xcd\xc0\xc2\
\x92O\xd2\xbc\xcf[\xd4N\xa5xYO\xee\x93\xe5A\
\xed\xeb_S\x82\x87<#\xda\xc8\xf2e\x1b\xcd\xfa\x99\
\xf2;K#I#\x16v9$\xf5&\x9b\x8av(\
\xc5z\x86\x83\xed\xed\x9e\xeat\x82!\x97s\x81\xed\xef\
]\xa4\x10Een\xb0\xa7\x11\xc6:\xfa\xfa\x9a\xcb\xf0\
\xdd\x87\x95\x09\xbcq\xf3I\xc2{/s\xf8\xd5\xddF\
^\x04*z\xf2\xdf\xe1\x5csN\xbdUJ;\x1fO\
\x96\xd1X\x5c;\xc4O\xe2\x96\xde\x9d>\xfd\xfd\x0as\
Jg\x94\xc8{\xf4\x1e\x82\xa2\x91\xc4H\x5c\xf4\x14\xfc\
U+\xb9<\xc7\xd8>\xea\xfe\xa6\xbd\x84\x94U\x91\xc1\
V\xa3\xd6OvWb]\x8b\x1e\xa7\xad\x18\xa7m\xa4\
s\xb1I\xfc\xaanq7\xd5\x90N\xd9;=:\xd4\
X\xa7\xed\xa5\xc5s\xb7ws\x96R\xbb\xb8\xccU\xad\
3O:\x85\xda\xc5\xd1\x07\xcc\xe7\xd0T\x18\xae\xb7G\
\xd3\xfe\xc1h\x03\x0cM'\xcc\xfe\xde\x82\xb9\xeb\xd5\xe4\
\x8e\x9b\x9d\xd9n\x13\xeb\x15l\xfe\x15\xab\xff\x00/\x9f\
\xf9\x96\xc2\x85\x01T\x00\xa0`\x0fAK\x8av(\xc5\
yg\xda\x0d\xc5\x18\xa7b\x99<\xa2\x08\x8b\xf7\xe8\x07\
\xbd8\xc5\xc9\xa8\xad\xc9\x94\xd4S\x93\xd9\x14u\x09w\
8\x89O\x0b\xd7\xdc\xd5\x5cS\xb1\x9eO$\xd1\x8a\xfa\
*T\xd58(#\xe6\xabUu&\xe6\xc6\xe2\x8cS\
\xf1F+C;\x8c\xc5.)\xd8\xa5\xc5\x003\x14b\
\x9f\x8a1@\x0c\x02\xb3\xee>i\x9c\xfb\xd6\x98\x1c\xd6\
cr\xc4\xfa\x9a\x96cY\xe8\x86b\x8cS\xb1F)\
\x1c\xe3qF)\xd8\xa3\x14\x00\xdcR\x8e\x0eiqF\
\x05\x02i5g\xb1 \xc1\x19\xa5\xc51N\xd3R\x0e\
G\x15\xd1\x09\xdfG\xb9\xf2\xb8\xfc\x0b\xa1.h\xfc/\
\xf0\xf2%\xb1\xbd\xbb\xd2\xefb\xbe\xb1\x9d\xa0\xb9\x84\xe5\
$\x1d\xbd\x88\xee\x0f\xa5{_\x83\xfcci\xe2\xebR\
\xb8[}J%\xcc\xd6\xd9\xeb\xfe\xd2z\x8f\xe5^!\
\x8a}\xbc\xf3\xda\x5cGsm3\xc1<Gtr!\
\xc3)\xadS\xb1\xe5\xce\x0aG\xd1L\x99\xab\xfaf\xb1\
%\x86!\x94\x19-\xfd;\xa7\xd3\xfc+\xcf\xfc\x1f\xf1\
&\xdb[\xd9a\xac\x98\xed5\x13\xc2K\xd2+\x83\xff\
\x00\xb2\xb7\xb7C]\xab\xc6T\x90F\x08\xaaiIY\
\x9c\xe9\xca\x9c\x8e\xb66\x8e\xe2!,.\xb2F\xdd\x18\
SZ:\xe5\xadn\xe7\xb0\x93\xcc\x81\xf6\xe7\xef)\xe5\
[\xea+\xa1\xb1\xd6-\xaf\xb0\x8d\x88&\xfe\xe3\x1e\x0f\
\xd0\xd74\xe98\xecw\xd2\xc4Fz=\x18\xe6\x8e\xa2\
x\xea\xfb\xc6G\x04TM\x1ddnPh\xfd\xab;\
V\xd3E\xed\xa9\xc0\xfd\xec\x7f2\x1f\xe6+m\xa2\xa8\
\xfc\xbf\x98U'gre\x15%fy\xd9L\xf6\xa6\
\x14\xad\x0b\xa8\xc2\xdcL\x17\xa0s\x8f\xce\xab\x98\xeb\xb4\
\xf2\xd9P\xc7L1\xd5\xc3\x1d0\xc7@\x14\x8ct\xd3\
\x1f\xb5\x5c)\xedL1\xd0\x053\x1d!CV\x8ct\
\xd3\x1d\x00U\xc5\x18\xab\x06?ji\x8e\x8b\x8c\x87\x91\
A$\xf5\xa9<\xbaB\x94\x01\x0bE\x1b\xfd\xe4C\xf5\
QP\xbe\x9di'\xde\xb6O\xc3\x8a\xb6T\xd2m4\
\xee\x06{h\xb6'\xfeY0\xfa9\xa6\x1d\x0a\xcc\xf4\
2\x0f\xc6\xb4\xb0h\xc5;\xb1\x19\x9f\xd86\xbf\xf3\xd2\
_\xce\x94h6\x9d\xdaC\xf8\xd6\x8e(\xc5\x17`P\
]\x12\xc4u\x8d\xcf\xd5\x8dJ\xbae\x9at\xb7O\xc7\
&\xadsG\xe1J\xec\x06,i\x18\xc2\x22\xaf\xd0R\
\x92OSN\xc5\x1bM\x02\x1bI\x8a\x90%\x1e]\x00\
G\x8a6T\xc1)B\x1fJ\x00\x89c\xc9\x02\xbc\x97\
\xc47\xc3S\xd6\xee\xee\x94\xe5\x0b\xecO\xf7W\x81^\
\x91\xe2\xcdLh\xfa\x1c\xd2)\xc4\xf3~\xe6\x11\xeez\
\x9f\xc0W\x94\x84\x00\x00;T\xc9\x9a\xd2]Fb\xa7\
\xd3\xedZ\xf2\xf6\x18\x14d\xbb\x01\xf8Tek\xa3\xf0\
e\x87\x9bs-\xe3\x0f\x96!\xb5~\xa6\x85\xa9\xd9\x86\
\xa5\xedj\xc6\x07V\x10 \x0a\x07\x00`PT\x1e\xa3\
5!SI\x8a\xda\xe7\xd7\x1c\xf5\xf5\x97\xd9e\xc2\xff\
\x00\xabnW\xfc*H\x98\xbca\xbb\xf45\xb1ql\
\xb71\x18\xdb\x8c\xf4>\x86\xb1\xed\xd1\xa3w\x89\xba\x8e\
\xd5\xc6\xe1\xec\xe7\xa6\xcc\xe3\x9c9%\xa6\xcc\xd1\xb5\x1f\
\xb8Z\x90\xa6i\xb6\x83\xf7\x03\xeai\xf2\xba\xc3\x1bH\
\xc7\x0a\xa35\xd8\x9d\x91\xd5\x17\xee\xa6P\xd4\xeeM\xbc\
^Z\x1f\xde8\xfc\x85bm\xf6\xabSH\xf3\xca\xd2\
?\xdeo\xd2\xa6\xb3\xb6\xde|\xc7\x1c\x0e\x83\xd6\xbc\xac\
E{\xbeg\xb1\xe7\xd5\xa9\xce\xee\x16\xb6\xbeRn?\
x\xfe\x95\x1e\xa0v\xc6\xab\xeakD\xa0\xac\xfdEH\
t\xfaW\x9fM\xf3T\xbb23\x8a\xd4\xf6\x9a|\x97\
\x87#\xe5\x8cuo\xf0\xa9\xacl\x96\xf2R\x1d\xb0\xaa\
2@\xeakhF\x11B\xa0\x01G\x00\x0e\xd5\xeca\
\xe8s\xfb\xd2\xd8\xe9\xa3C\x9b\xde{\x10\xc3o\x15\xb2\
l\x896\x8e\xe7\xb9\xa7\x14\xa9\x08\xa4\xc5zj\xc9Y\
\x1d\xc9[DDV\x9b\x8a\x9b\x14\x84f\xa91\xdc\x84\
\x8a\x8a{h\xaeSl\xc8\x18z\xf7\x15d\xa54\x8c\
Svj\xcc\x1d\x9a\xb39\xcb\xfd5\xed\x0e\xe0w\xc4\
z7\xa7\xd6\x99o9$F\xfc\x9e\xc6\xbaGEu\
*\xc0\x15#\x04\x1e\xf5\xce\xdf\xd9\x9b9\xf6\x8eP\xf2\
\x8d\x5c\x15i\xba/\x9e\x1b\x1c5\xa9{7\xcd\x1d\x89\
\x8a\xd3JS\xe3o25oZR\xb5\xd0\xa5up\
\x1de\x07\x99&\xf6\x1f*~\xa6\xaf\x10:\x93\x809\
4\x96\xb1\xec\xb7Pz\x9eMV\xd6&\xf2-J)\
\xc3\xcb\xf2\x8f\xa7z\xdf\x99B\x1c\xcc\xea\x8bP\x85\xd9\
\x83y1\xba\xb9\x92S\xd1\x8f\x03\xda\x9di\x17%\xf1\
\xec*2\xbd\xb1Z\x11E\xe5\xc6\x17\xf3\xaf\x03\x11Q\
\xdb]\xd9\xe5\xc9\xb7\xab\x19\x8aLT\xa5i\xa5k\x8a\
\xe6dx\xa4\x22\x9eE&(\x022\xb4\xd2*\x5cR\
\x11N\xe0DV\x90\x8fZ\x90\xaf\xa54\x8fZb\xb1\
\x1e\xdai\x1e\xb5#\x10\xbc\x92\x05\x01w\x0e\x99\x149\
%\xb8Y\x91\x15\xf4\xa6\xd4\xfeI\xf5\xa3\xc9\x07\xa9\xa8\
u\xe0\xba\x94\xa1\x22\xbe)\x08\x06\xac\xf9*;R\x18\
\x94\xf6\xa9\xfa\xd4\x07\xec\x99T\xa9\x14\xda\xb6a_z\
i\xb7\x07\xa1\xc5R\xc5C\xa8\xbd\x9c\x8a\xa4R\x15\xab\
\x06\xdc\x8e\x84S\x0c.;f\xb4U\xa0\xf6d\xb8>\
\xc4\x04SJ\xd4\xc5H\xea\x08\xa6\x91Z\xa9\x13b,\
R\x11R\x11M#\x14\xefb$\xec\xaeG\x8cV\xd7\
\x85\xb4\xf1qx\xd7n2\x96\xff\x00w\xdd\x8f\xf8V\
98\x04\xd7s\xa3\xd9}\x87M\x86,|\xe4o\x7f\
\xa9\xaf;\x1d[\x92\x9d\x96\xec\xf1q\xd5y)\xdb\xab\
-\x9aJZ1^\x09\xe1XJ\xcb\xd5%\xdf2\xc6\
: \xe7\xeakQ\x98\x22\x97n\x02\x8c\x9a\xc1v.\
\xec\xed\xd5\x8ek\xd0\xcb\xa9\xdeno\xa1\xad\x18\xebq\
\x9dh\xa5\xa2\xbd\xa3{\x09\x8aN\x94\xb4P#/Q\
\xd2\xbc\xdc\xcdn1'VN\xcd\xf4\xf7\xacb9 \
\x82\x08\xe0\x83\xda\xba\xccU;\xfd5/\x06\xf5\xc2M\
\xfd\xee\xcd\xf5\xa7s\xae\x86&\xde\xec\xf69\xd6@z\
\xd4,\x85j\xdc\x91\xbc2\x18\xe4R\xae:\x83L+\
\x9a\xd23h\xf5!R\xde\x85JLT\xcf\x1e:t\
\xa4D\xfe#\xd2\xb7\xe7V\xb9\xd1\xce\xadq#\x8f\x1c\
\x9e\xb4\xfe\x82\x9dZZ^\x9d\xe6b\xe2u\xf9?\x81\
O\xf1{\xd7<\xa5wvqV\xaa\xa2\xb9\xa4;K\
\xd3q\xb6\xe6u\xe7\xaa!\xed\xeekf\xda\xd8\xddL\
\x13\x9d\xbdX\xfa\x0ag$\xf4\xc95\xb5gk\xf6X\
v\x9f\xbe\xdc\xb7\xf8W\x1e3\x11\xec\xa1\xa6\xefc\xc3\
\xc4Vr|\xcfr@\xa1@\x00`\x0e\x00\xa2\x9dI\
_=s\xcf\x13\x14\x98\xa7b\x92\x80\x12\x93\x14\xeaL\
Qp\x13\x15\x97\xe2X\xcc\x9a4\xc4\x0eQ\x95\xbfZ\
\xd5\xa8\xee [\x98$\x81\xbaH\xa5kZ\x15=\x9d\
H\xcf\xb3E\xd2\x9f$\xe3.\xcc\xf3\xc2\x01\x1fZ\xf6\
\xcf\x01L5_\x87\x96\xf1g/\x1cr@\xc3\xd0\x82\
q^*\xd1\xb4L\xd1\xb8\xc3!\xdaG\xb8\xafI\xf8\
3\xac\x08\xe7\xbf\xd1\xa4o\xf5\x80\x5c\xc2\x0fr2\x18\
~U\xf7\x10z\x9fMU^7C\xd7\xee\x8c\xd2\xd5\
\xcdZ\xd0\xd8\xeaW\x10c\x0a\x1br\xfd\x0f5S\x15\
\xd9s\x98LQ\xd2\x8e\x94\xb4\xc4ox:\xebe\xdc\
\xf6\xa4\xf1*\x87_\xa8\xae\xab\x15\xc0iw\x1fc\xd4\
\xad\xa7\xce\x02\xbe\x0f\xd0\xf1^\x82\xcb\xb4\x9fJ\xcak\
Q1\xb5\xb1\xe1\xbb\xf5\xb4\xbbh%8\x8e|`\xfa\
7\xff\x00^\xb21F\x01\xe2\xb3\x94T\x95\x98\xe17\
\x09)#\xd16\xd2V\x16\x83\xae\xf9\x81m.\xdb\xf7\
\x9d\x12C\xfc^\xc7\xde\xb7\xeb\x86Qqvg\xafN\
\xa2\x9a\xba!\x9e\x08\xae\xa2h\xa6@\xe8\xddA\xae;\
V\xd2_K\x9fo\xfa\xc8$\xc8R\xc39\x1d\xd4\xd7\
o\xb4Uk\xfb$\xbe\xb5\x92\xdeA\xc3\x0e\x0f\xa1\xec\
j\xe9T\xe5~Fu\xe8\xaa\x8b\xcc\xf9[\xe2O\x82\
\x07\x86oF\xa1\xa7\xc6F\x95t\xd8\x0a?\xe5\xdeO\
\xee\x9fc\xdb\xf2\xae>\x19Z\x09VT\xea\xa7\xf3\xaf\
\xa5um&\xdfU\xb1\xba\xd2\xb5\x04\xcc3\x03\x1c\x83\
\xba\x9e\xc4{\x83\xcd|\xe7\xaci7:\x0e\xabu\xa5\
\xdd\x8f\xdf[>\xd2{0\xec\xc3\xea1]R\x89\xc7\
N\x5c\xeb\x96FT\xb8\xf3_\x03\x00\x92@\xac\xeb\xb1\
\xfb\xf3\xf4\x15\xab:dn\x1d\xba\xd6]\xdf\xfa\xe3\xf4\
\x15\x8d\x18\xf2\xd4\xb1\xbd%fAIKEu\x9d\x02\
QK\x8aJ\x06\x14QE0\x13\xad\x18\xa5\xa2\x90\x06\
h\xa4\xe9J)\x00RR\xd1\x8a\x06\x14Rt\xa5\xa4\
\x01E\x14P\x01E\x14P\x01E\x14R\x00\xa2\x8a(\
\x00\xa2\x8a(\x00\x14\xd9\xbf\xd5\x9au6_\xf5f\xa2\
k\xdd`:\xba\x8f\x00|:\xd6\xbe#jSY\xe9\
+\x12%\xba\x87\x9eyN\x120s\x8frN\x0dr\
\xf5\xea?\x02~'\xe9\xff\x00\x0fu[\xdb}a\x18\
Xj!\x03N\x83&\x16\x5c\xe0\x91\xdc\x1c\xd16\xd2\
\xd0\x0c\xcf\x89_\x075\xaf\x86\xd1Awqq\x15\xfe\
\x9f1\xd8.b]\xbb\x1f\xfb\xac;{\x1e\xf5\xc0\xd7\
\xb9|t\xf8\xcf\xa3\xf8\xbbE_\x0d\xf8{u\xcd\xbb\
\xc8\xb2\xdc]2\x95\x1f/*\xaa\x0f=z\x9a\xf0\xda\
T\xdbkP\x0a(\xa2\xb4\x00\xa2\x8a)\x80QE\x14\
\x00R\x13A\xa0\x0a`\x00R\xf4\xa2\x92\x81\x05\x14Q\
@\x82\x96\x8a)\x80QE\x14\xc6\x14QE \x0a(\
\xa5\x02\x98\x80\x0aZ)(\x00\xebJ\x05\x14\xb4\x0c)\
i\x05;\x14\x80\x00\xc5(\x14\x01KJ\xe3\x0aZ)\
@\xa9\x18\x01J\x05\x00f\x97\x14\x00\x0aZ)qS\
q\x89N\x02\x8cR\x8a@\x00R\xd1\x8ap\x18\xa5p\
\x10\x0aP(\x02\x9dHb\x0av(\xa5\x034\x80\x00\
\xcdI\x14E\xce\x17\xf14\x22\x17`\xa0rj\xf4q\
\x88\xd7\x02\xb2\xa9S\x97a\xa4\x11\xc6#\x5c\x0e\x95,\
Q<\xd2\x08\xe3]\xcc{R\xc1\x04\x972\x08\xe2\x5c\
\x9e\xe7\xb0\xad\xcbK8\xed\x13\x0b\xcb\x1f\xbc\xde\xb5\xc8\
\xd9\xaaW\x0bKT\xb4\x8bb\xf2\xc7\xef7\xa9\xabV\
\xd6\xd3^L\xb0@\x85\xe4n\x83\xd3\xdc\xd2\xdb\xdb\xcb\
u:A\x0an\x91\xcf\x03\xfa\xd7g\xa6i\x91i\x90\
lO\x9aF\xff\x00Y'\xf7\x8f\xf8Vr\x95\x8b\xd8\
\x8fJ\xd1\xe1\xd2\xd3#\x12NG\xcd.?A\xe8*\
\xf8\x14\xb4VD\x85\x14Q\x8a\x06\x14R\x81K\x8cR\
\x01\x00\xa5\xc5-\x14\x00QE\x14\x00QE\x18\xa40\
\xa5\xc5\x14z\x9e\x80rI\xed@\x07Z\xe3\xbci\xaf\
\x87\xdd\xa4\xda\xbe@?\xe9\x0e\x0f\x04\xf6A\xfdj_\
\x11x\xc1Q^\xcfJ}\xd2\x1e\x1e\xe4t_e\xf5\
>\xf5\xc7\xa2\x12B\xa8,\xc4\xf0;\x93W\x18\xf5b\
\x16\x08\x1ay\x164\x1c\x9f\xd0V\xec1,\x11\xacq\
\xf4_\xd6\xa3\xb3\xb4\x16\xb1\xe0\xf3#}\xe3\xfd*z\
\xa6\xcaH\xc9\xd4-<\x87\xf3\x10~\xed\xfb\x7ft\xd5\
^\xb5\xd9h\xbalZ\x94\xd2\xa5\xcao\x81S\x0c=\
\xcfO\xcb\xadsZ\xae\x976\x8f|\xf6\x93|\xd8\xe5\
\x1f\xb3\xafcI=D\xd1Gn:\xd3\xb1K\x8c\xd0\
\x06kd\xeeH\x80S\x82\xd3\x82\xd2\xd1p\x10\x0cR\
\xe2\x94\x0aP)\x5cb\x01N\x0bJ\x06)\xc0R\xb8\
\x08\x058-(\x18\xa7\x01J\xe3\x1a\x058\x0aP)\
\xc1i\x05\x86\x81N\x0bN\x03\x14\xa0f\x95\xc6W\xb8\
\x18\xc6)\x91.e\x8c\x7f\xb4?\x9dKp9\x14@\
\xbf\xbf\x8b\xfd\xf1\xfc\xeb\x96\xa6\xec\xef\xa3\xf0\xa3\xb2#\
\xe64b\x9c\xc3\xe64\xa1k\xc7=\xe1\x00\xa5\x0bN\
\x03\x14\xa0P!\x00\xa5\x02\x97\x14\xecP+\x8d\xc7o\
^+\xa9E\xd8\x8a\xbe\x80\x0a\xe7!M\xd3F\xbe\xac\
+\xa6#\x9a\xe0\xc7}\x94iLn)@\xa5\x02\x9d\
\x8a\xe14\x1b\x8aP)\xd8\xa5\xc5\x02\xb8\xdcS\xb1K\
\x8a\x5cQa\x09\x8a1N\x02\x94\x0cS\x10\xd0)\xdb\
ih\xa6\x17\x12\x96\x80)qN\xc2\x13\x14\xb8\xa5\xc5\
.(\xb0\x08\x05.)qK\x8av\x10\x98\xa0\x0ap\
\x14\xb8\xa6\x17\x1a\x05.)\xc0R\xe2\x81\x5cn)@\
\xa7\x05\xa5\xc5\x02\x1b\x8aP\xb4\xecQ\x8a`&)q\
K\x8a1E\x80LQ\x8av\xda\xad\xaaj\x10i\x16\
\x13_\x5c\x9cG\x0a\xee>\xe7\xb0\xaa\x8c[vBl\
\xf3\xef\x8a\x97\xd1Z\xcd\x1c\x10I\xfe\x91p\x9f\xbd\x03\
\xf8Tt\xfc\xeb\xcd\xb1W\xb5mJ}gQ\x9e\xfe\
\xe0\xe6I\x9b8\xfe\xe8\xec*\xa8Z\xfb<-\x17F\
\x94`\xf7<\xf94\xdbhf*\xc5\x85\x93_]G\
\x00\xe8\xc7,}\x07z\x8f\x00\x0c\xd7Q\xa1\xe9\xbfc\
\xb6\xf3d\x5cM0\xc9\xff\x00e{\x0a\xaa\xd5}\x9c\
o\xd4\xec\xcb\xf0\x8f\x13YE\xec\xb5~\x9f\xf0K\xce\
R\xde\x1c\x81\x84A\x80?\x95d1.\xc5\x9b\x92N\
M[\xbf\x9b|\x825\xfb\xa9\xd7\xdc\xd5lV\xb8\x1a\
<\x90\xe6{\xb3\xda\xc7\xd7\xe7\x9f\x22\xd9\x10\xdcI\xe5\
E\x91\xf7\x8f\x02\xb3\xf6\xd4\xf3\xc9\xe6\xc8H\xfb\xa3\x81\
Q\xe2\xba\xdb\xb9\xe3T\x9f3\x1b\x8a\xaf+ol\x0e\
\x82\xacJ\xdb\x17\x8e\xa7\x81U\xc0\xf6\xacj>\x875\
It\x1b\x8a1N\xc5:8\x9aY\x164\x04\xbb\x9c\
\x01\xefY\x19Z\xfa#C@\xd3\xfe\xd3s\xe7\xc8\xb9\
\x8a\x1ey\xfe&\xed]7^\xb4\xcb;D\xb2\xb6K\
t\xe7oS\xea{\x9a\x9b\x15\xe5V\xa9\xcf+\x9fk\
\x80\xc2\xfd^\x8a\x8b\xdd\xea\xfd\x7f\xe0\x0d\xc5\x18\xa7b\
\x97\x15\x91\xd9q\xb8\xac\xcb\xc9\xbc\xe9p\x0f\xca\x9c\x0f\
z\xbdy7\x93\x16\x07\xde~\x05fb\xbd<\x05\x1f\
\xf9z\xfeG\x95\x98\xd7\xff\x00\x97K\xe67\x14\xb8\xa7\
b\x8cW\xa8yCh\xa7b\x97o\xb5\x003\x14b\
\x9f\xb6\x97m\x02#\xc5.)\xf8\xf7\xa3m\x03##\
\x0aO\xa0\xac\xccf\xb5e\x18\x89\xcf\xb5g\x01S#\
\x9e\xb3\xd5\x11\xed\xa5\xc7\xb5?\x14T\x98\x8c\xdb\xedF\
\xdfj}\x14\x00\xcd\xb4m\xa7\xd1@\x0c\xdbJ\xb9Z\
u\x14\x5cR\x8a\x92\xe5\x92\xba\x1e\xbf5\x1bi\xa3\x8e\
\x95\x22\xb05\xbc*_F|\xde7,\x95+\xce\x96\
\xb1\xfcW\xfc\x01\xa5\x03\x0c\x11\x91]\x97\x85>$\xdf\
\xe8J\x96z\x92\xbe\xa1\xa7\xaf\x0b\x93\xfb\xd8G\xb1\xfe\
!\xeck\x91\xa4\xadoc\xc8qMY\x9fA\xe9z\
\xa5\x86\xbbh/4\xcb\xa4\xb9\x87\xf8\xb1\xc3!\xf4e\
\xea*\xc3G\x9a\xf9\xf3O\xbf\xbc\xd2n\xd6\xefO\xb9\
\x92\xd6\xe1z:\x1e\xbfQ\xd0\xd7\xa3x\x7f\xe2\xcd\xbc\
\xdb`\xf1\x04\x1fg~\x9fk\x80e\x0f\xfb\xcb\xdb\xf0\
\xad\x14\xcc%E\xad\x8fH\xb4\xd6/,\x80M\xdet\
c\xf8\x1f\x9f\xc8\xd6\xac> \xb2\x9b\x89C\xc0\xde\xe3\
#\xf3\x15\xcf\xdb\xcb\x05\xed\xba\xdc\xdaO\x1d\xc4\x0d\xd2\
H\xdb*\x7f\xc2\x94\xa5L\xa9\xc5\x84+\xce:\x1d@\
\xbb\xb4\x90en\xa2?\xf0*\xa3\xa8\xea\xd6\xd6\xb10\
\x8aE\x9ab0\xaa\xbd\x07\xb95\x82\xd1\x8fAL1\
c\xb5B\xa2\x8d\x1e*MlT(z\x9eI\xe4\xd3\
\x0aU\xb2\x94\xc3\x1dls\x11\xdai\xf3_Jc\x85\
G\x1c\xb3\x1e\x8bW\x8f\x85\xe5\xc7\xfc|\xc7\x9f\xf7M\
ixl)\x82x\xf8\xde\x181\xf7\x15\xac\xd1W<\
\xea4\xec\x8e\xdaTc(\xa6\xce:o\x0e^G\x9d\
\x829G\xfb'\x15\x9f=\x94\xf6\xff\x00\xebat\xfa\
\x8a\xefLT\xc6\x8f\x8cu\xfa\xd2U\x9fR\xa5\x86\x8f\
C\xcf\xb6g\x91M1\xd7iw\xa2Z\xdd\x83\xfb\xb1\
\x1c\x87\xa3\xa7\x1f\xa5r\xd3[\xb42<o\xf7\x90\xe0\
\xd6\xd0\x9a\x91\xcdR\x93\x86\xe5#\x1d4\xc7V\xcct\
\xd3\x1dY\x99P\xc7\xedM1\xd5\xb3\x1d!\x8e\x80*\
\x18\xe9\xa6?j\xb7\xe5\xd2\x18\xfd\xa8\x02\xaf\x97\xedH\
S\xda\xady~\xd4\x9e]\x01r\xaf\x97\xedG\x97\xed\
V\xbc\xbaO/\xeb@\x15|\xbfj<\xbfj\xb5\xe5\
\xd1\xe5\xd0\x05a\x1f\xb5\x1b*\xcf\x97\xedG\x97L\x0a\
\xe2:w\x97\xedS\xf9tyt\x08\x84%9c\xc9\
\xf4\xf7=\xaaQ\x1ezW\x19\xe3\xdf\x14\x0bX\xdfE\
\xb1\x93\xf7\xee1s\x22\x9f\xf5k\xfd\xc1\xee{\xd1\xb0\
\xd4[vG1\xe3\x1dtk\xba\xa9\xf2\x1b6\x96\xd9\
\x8e\x1f\xf6\xbf\xbc\xdf\x89\xac\x12)\xf8\x18\xc0\x1c\x0a1\
Y\x9d)YXj\xa3;\x05Q\x96c\x80\x07s^\
\x8f\xa4i\xa3M\xd3\xe2\xb7\xfe02\xe7\xd4\x9a\xe3\xb4\
\x1b!4\xed;\xe0\xac]\x07\xbdu\xb6\xda\x83\xc5\x84\
\x94\x17O^\xe2\xb3u\xe3\x19r\xb3\xd9\xcbc\x18^\
r\xea_+HV\x9f\x1c\x892\xee\x8d\x83\x0f\xd4R\
\xe2\xba\x14\xae{i\xdfb\x1d\xb5\x9ds\x00[\x97p\
95\xacTU;\xd8\xf0\xca\xde\xa2\xa6n\xe8\xce\xaa\
\xba\x1bf?tG\xa1\xaa\x1a\xac\xe2I\x04*~T\
\xfb\xde\xe6\xad}\xa3\xec\xd0H\x7f\x8c\xe0(\xac\xb2\xb9\
>\xe6\xb9\xeb\xd5\xf7T\x11\x85J\x9e\xea\x8a\x1b\x05\xb9\
\x9a@\xa3\xa7sZa\x02(P8\x14\xebko&\
0?\x88\xf2jB\xb5\xe2\xd5\xa9\xcc\xfc\x8eR\x02\xbf\
\x85S\xd4\x22%\x15\xc7c\x8a\xd1**9!\x12#\
)\xe8ja.Y&\x06E\xa4\xdfg\xb9Y\x0f\xdd\
\xe8\xdfJ\xdd)\xe8k\x05\xe3*\xc5Xr8\xad]\
2\x7f6\x1f)\x8f\xcf\x1fOq^\xee\x12\xad\xbd\xc6\
ua\xa7g\xcaNE!\x15)\x14\x85k\xd0\xb9\xd9\
r\x22\xb4\xdcT\xa5i\x08\xa7q\x91b\x90\x8a\x93m\
!\x15I\x81\x19Pj\x96\xa7m\xe7Z9\xc7\xcd\x1f\
\xcc\xa7\xf9\xd5\xfcR2n\x05Oq\x8a$\xb9\xa2\xe2\
\xc5(\xdd4\xcen\xcc\xe5Y}9\xa9\x88\xa6@\x9e\
]\xc3\xa1\x1d2*\xc1N\x98\xaeJ\x0f\xdc\xb38!\
\xb1\xa0\xab\x85U\xf6\xc5s\xfa\x9c\xff\x00i\xbab\xa7\
(\x9f*\xff\x00Z\xde\xbb\x97\xcb\x89\x95N$#\x03\
\xda\xb2\x12\xce4\x1c\xfc\xc7\xd4\xd7>c\x8f\xa7N\xd4\
\xefvm\x89\x95\xed\x14Q\xb7\x8b\xcc\x94\x028\x1c\x9a\
\xbcR\xa4\x0a\x17\xa0\x02\x82\xb5\xe0\xd5\xc6s\xbb\xd8\xe3\
t\xc8\x0a\xd3J\xd4\xc4z\xd2\x15\xac\xfe\xb3\xe4/f\
@V\x9aENF)\xa5A\xa6\xb1>A\xec\xc8\x0a\
\xd2b\xa5+\x8aL\x03T\xb1+\xb0\xbd\x9b\x22\xc5\x1b\
3\xd6\xa4\xc6(8\xfaT\xcf\x10\xdf\xc25O\xb8\xd4\
-\x11%\x09\x05\x86\x09\x1d\xc7\xa57\x15r\xc7K\xbc\
\xd4[\x16\xb6\xed \xfe\xf1\xe1G\xe2kz\xd7\xc19\
\x01\xafn\xf1\xfe\xc4C\xfa\xd7\x15J\xf1\x8f\xc6\xf56\
\x8d6\xf6G+\xd2\x9b\xb9Oq^\x81\x07\x86\xb4\x9b\
lb\xd0HG\xf1H\xc4\x9a\xbc\x96\x96\xd1\x0c%\xb4\
*=\x90W;\xc6\xc7\xa26Xw\xd5\x9e`x\xf5\
\xfc\xa9\x09\x1e\xff\x00\x95z\x96\xc4\x1f\xf2\xcd?\xef\x91\
G\x97\x19\xff\x00\x96i\xff\x00|\x8a\x9f\xae\xff\x00w\
\xf1\x0f\xab\xf9\x9eVYGR(\x04\x1e\x84W\xa8\xbd\
\xb4\x0f\xf7\xed\xe1o\xaa\x0a\xad.\x8b\xa6M\xf7\xec`\
?A\x8a\xa5\x8d\x8fT\x1fW}\xcf7\xa4\x22\xbb\xd9\
|%\xa4I\x9c@\xf1\x7f\xb8\xe6\xa8O\xe0xNM\
\xbd\xf4\x89\xec\xe9\x9f\xd6\xae8\xbao\xc8\x97BG!\
\x8ai\x89[\xb0\xad\xfb\x9f\x07\xea\x90\xe4\xc6\xb1\x5c\x01\
\xfd\xc6\xc1\xfc\x8dd\x5c\xda\x5cY\xb6\xdb\x88%\x88\xff\
\x00\xb4\xbf\xd6\xba)\xd5O\xe0fR\x83[\xa2\x93[\
\xa9\xe8qP\xc9n\xe3\xa0\xc8\xf6\xab\xb9\x04ds\xf4\
\xa4\xae\x98\xe2&\x8c'F2V*\xe9\xf6\xdfk\xd4\
-\xe0#\x86q\x9f\xa0\xe6\xbb\xe3\xd4\xd7\x1d\x04\xadm\
:\xcf\x1e\x04\x89\xd0\x91\x9a\xdc\xb2\xd7\x22\x98\x84\x9cy\
O\xeb\xd8\xd7&2R\xaa\xd3KDx\x19\x9e\x02\xb3\
jQWK\xef\xfb\x8dLRR\x83\x91\x91L\x9ae\
\x82&\x91\xba\x0e\xde\xa6\xb8Rm\xd9\x1e\x05\x99KS\
\x9f\x0a S\xc9\xe5\xbf\xa5Q\x8a\x19&8\x8d\x0b}\
:U\xbb{&\xbac<\xf9\x0a\xc78\xee\xdf\xfdj\
\xd1UTP\xaa\x02\xa8\xec+\xd3x\x88\xe1\xa3\xec\xe1\
\xab\xeb\xda\xe6\xbc\xca\x0a\xc8\xcb\x1aT\xc4r\xc8\xbe\xdd\
j94\xeb\x88\xc6B\x87\x1f\xec\x9a\xd8\xa2\xb1Y\x85\
[\xdd\xd8\x8fk#\x9f \x83\x82\x08#\xb1\xa45\xbb\
,\x11\xce1\x22\x06\xf7\xefY\xf3\xe9n\xbf4'x\
\xfe\xe9\xeb]\xb4q\xf4\xe7\xa4\xb4f\x91\xaa\x9e\x8c\xa3\
I\x8aq\x04\x12\xac\x08#\xa84\x86\xbb\xd3.\xc5k\
\xcb(\xefc\xda\xff\x00+\x8f\xba\xfd\xc5`\x5c[\xc9\
k!\x8eU\xc1\xec{\x1f\xa5u\x15\x1c\xd0\xc7:y\
r\xa0u\xfeT\xce\x8a8\x87\x0d\x1e\xc7-\x8c\xd2\x11\
\x8a\xd5\xb8\xd0\xddNm\xe4\x0e?\xba\xdc\x1a\x854{\
\xb7`\x1dV1\xdd\x89\xcd;\x9d\xca\xbd6\xafr-\
:\xc7\xed\x93e\x87\xee\x93\xef{\xfbV\xff\x00\xb60\
\x07jl\x10%\xb4+\x14c\xe5_\xd4\xfa\xd3\xcd\x07\
\x9b^\xab\xa9+\xf4.iv\xe1\xe530\xe18\x1f\
Z\xd4\xa8\xed`\xfb=\xbaG\xdf\x19?Z\x97\x15\xf3\
x\xaa\xde\xd6\xa3\x97N\x87\x9b9s;\x8d\xa4\xc5:\
\x8cW9\x03qIN\xc5\x14\x0a\xc3qI\x8av)\
(\x10\xdcQ\x8au\x18\xa0\x0eK\xc56?g\xbd\x17\
H?wp9\xf6aY\xfaN\xa7q\xa1\xea\x96\xba\
\x9d\xaf\xfa\xebg\xde\x07\xf7\x87q\xf8\x8a\xed5\x1b\x15\
\xd4l\xe4\xb6~7r\xad\xfd\xd6\x1d+\x83edb\
\x8e0\xcap\xc3\xd0\xd7\xd4\xe5x\x9fkK\x91\xef\x1f\
\xcb\xa1\xf4\x18\x0a\xfe\xd2\x9f#\xdd~G\xb8\xeb\xa2\xdb\
]\xd2-u\xed<\xef\x85\x93w\x1dv\x1e\xdfU<\
W7\x8a\xc8\xf8e\xe2\xf4\xd1o\x1bF\xd4\x5c\x0d:\
\xf1\xbeF~\x90\xc8\x7f\xa3t5\xd5k\xba+\xe8\xf7\
X\x00\x9by\x0f\xee\xdb\xd3\xfd\x93^\xe59\xddX\xb9\
G\x95\xd8\xcb\xa2\x96\x8cV\xc4\x88FF+\xbb\xd0\xf5\
\x01\xa9i\xd1\xc8O\xefc\xfd\xdc\x83\xdct?\x88\xae\
\x12\xb44MT\xe9W\xbecd\xc1'\xcb*\x8fN\
\xc7\xf0\xa9\x92\xba\x13Gu\x8a1\xe9J\x0a\xba\x86F\
\x0c\xac2\x08\xe8E\x18\xc5dH\x9e\xc6\xb7t\x9f\x12\
4\x00CzK\xc68\x12\xf5+\xf5\xf5\xac>\xb4b\
\xa6QRVe\xc2r\x83\xbcOB\x8aX\xe7\x8cI\
\x13\xab\xa1\xe8A\xa7W\x9f\xdb\xdc\xcfh\xdb\xad\xe6x\
\x8f\xfb'\x83Ve\xd6\xb5\x19\x90\xa3\xdd6\xd3\xc1\xc0\
\x035\xce\xf0\xee\xfa3\xb1cU\xb5Cu\xa6\x8d\xf5\
k\x96\x88\x82\xbb\x87#\xd7\x1c\xd7\x93|g\xd0\x83A\
g\xaf\xc4\xbf2\x1f\xb3\x5c\x91\xdc\x1f\xb8O\xea+\xd3\
q\x8e\x95\x9b\xe2m)u\xaf\x0e\xea:s\x0c\x99\xa1\
%3\xd9\x97\xe6\x07\xf4\xae\x9e],q\xa9\xfb\xfc\xc7\
\xce$g\x8fZ\xc5\xbc\x18\xb8a\xe9\xc5l\xa1%A\
<\x1e\xf5\x95\xa9.\xdb\xa2}@50Z\xdc\xef\xa7\
\xb9R\x8aZJ\xd8\xd8(\xe9EZ\xd2\xef\x13N\xd4\
\xed/$\x81n\x12\x09VF\x85\xfaH\x01\xce\xd3\xf5\
\xa1\x81T\x82\x0e\x08 \xfa\x11\x8aJ\xf4?\x8b\xdf\x12\
\xf4\xcf\x88\xf7\x1ad\xda~\x884\xc3k\x1b,\xa5\x88\
,\xe4\xe3\x0b\x90\x07\x03\x15\xe7\x951m\xab\xb41M\
%\x14\xb8\xa6\x02R\x1aZ(\x00\xcd\x14\x9d)E \
\x0aJZ(\x18QI\x9aZ\x00(\xa2\x8a@\x14Q\
E \x0a(\xa2\x80\x0a(\xa2\x80\x0ad\xbf\xea\xcd>\
\x99/\xfa\xb3S?\x85\x80\xfa(\xa2\xa8\x02\x8a(\xa0\
\x02\x8a(\xa6\x01E\x14P\x01Hh&\x8a`\x02\x96\
\x8aJ\x04\x1dh\xa3\xa5\x1di\x88)E\x14P0\xa2\
\x8a)\x80QE.(\x01(\xa2\x94\x0a\x04\x00R\xd1\
I@\x07ZZ)q@\xc0\x0aZ)i\x00\x0aP\
(\x02\x97\x14\x80)h\xa5\x02\x91A\x8aP(\x02\x96\
\xa4\x02\x96\x8aP)\x5ca\x8a\x5cQN\x02\x90\x08\x05\
8\x0a\x00\xa5\xc5!\x86)@\xa5\xc5\x14\x80)h\xa7\
\x01\x8e\xb4\xae\x00\x07\xad--\x14\x9b\x02\xe5\xb4{S\
wv\xab\x11\xc6\xd2\xba\xa2\xf2\xccp)\xb1\x8c \xfa\
V\x86\x91\x16\xeb\x86\x90\xff\x00\x02\xf1\xf55\xc3)]\
\xdc\xd5#J\xde\xdd-\xa3\x11\xa0\xfa\x9f\xef\x1a\x94\x02\
\xc4*\x82\xccN\x00\x1d\xcd%t>\x17\xd3C\x13\xa8\
H3\xb4\x95\x88{\xf75\x9bv44t]%t\
\xc82\xe0\x1b\x99\x07\xce\x7f\xbb\xfe\xc8\xad\x1a\x5cQ\x8a\
\xc4\x91)qE\x14\x0c)qF)i\x0c(\xa2\x8a\
\x04\x14QE \x0a(\xa5\xa2\xe3\x13\x14\xb4t\x04\x92\
\x00\x1c\x92N\x00\xaeS[\xf1\xb2DZ\xdfI\xdb$\
\x9d\x0d\xc9\x1f*\xff\x00\xba;\xfdhJ\xe0n\xea\xda\
\xdd\x96\x8b\x16\xeb\xa9?x~\xe4+\xcb\xbf\xf8W\x09\
\xacx\x8e\xfbZ%\x1d\xbc\x8bn\xd0!\xfeg\xbdf\
\xc8\xef4\xad,\xce\xd2J\xfc\xb3\xb1\xc94\xf8-\xe4\
\xb9m\xb1\xae}I\xe8+E\x14\x84F\x88Y\x82\x22\
\xe4\x9e\x00\x15\xb1ed\xb6\xab\xb9\xb0\xd2\x9e\xa7\xd3\xd8\
S\xedm#\xb5_\x97\xe6s\xd5\xcfz\x9c\x0a\x1b)\
 \x034\xbd9\xa5\xc5\x5c\xd2,>\xdfv\x15\x87\xee\
\xa3\xf9\xa4?\xc8~4\x98\xcd\xed\x0e\xd0\xda\xe9\xeaX\
a\xe5\xf9\xdb\xfa~\x94\xdd{F]n\xc7\xca\x18[\
\x88\xfeh\x5c\xf6=\xc1\xf65\xa5\xd4\xd1\x8a\xce\xfa\xdc\
G\x93\xb4o\x1b\xb2H\xa5\x1d\x0e\xd6S\xd4\x1fJ\x5c\
Wa\xe3\x1d\x0f\xceC\xaa[/\xef\x10~\xfdG\xf1\
\x0e\xcd\xf8W 1\x8c\x8a\xd62\xeaM\x83\x14\xa0R\
\x81N\x02\xb4\xb8\x08\x16\x9c\x05(Zp\x14\xae\x03q\
N\xc5(\x14\xe0)\x0e\xc2\x01J\x058-.)\x5c\
`\x17\x14\xb8\xa5\x02\x9c\x174\x80h\x14\xf0\xa4\xd3\x82\
\xe2\x9e\x174\xae\x05K\x85\xc3\x0f\xa5\x16\xcb\x9b\x88\xbf\
\xdf\x1f\xce\xa4\xb9\x5c2\xfd(\xb5_\xf4\x98\xbf\xdf\x1f\
\xce\xb9j=Y\xdfG\xe1G^F\x18\xd2\x81N#\
\xe64\x01^I\xee\x88\x058\x0aP)@\xa6!\x00\
\xa7\x01J\x05(\x19\xa0\x09,\xd37p\x8f\xf6\xab\xa3\
\xc75\x85\xa7.ob\xfa\xff\x00J\xdf\xc5y\xb8\xd7\
\xef\xafB\xe0 \x14\xb8\xa5\xc5.+\x8e\xc5\x89\x8aZ\
P)@\xa6+\x88\x16\x97\x14\xb4b\x98\xae\x14b\x97\
\x14\xb8\xa7`\x13\x14\xb8\xa5\xc5(\x14\xc0LR\xe2\x97\
\x14\xa0S\xb0\xae&)qN\x00Q\x8a\x05q1K\
\x8aP\xb4\xecP!\xb8\xa5\x0bN\xc5\x18\xa6\x02b\x97\
\x14\xb4\xbbM\x16\x15\xc6\xe2\x96\x97\x14\xb8\xa7`\x13\x14\
m\xa7\x01K\x8ab\x1a\x05.)\xd8\xa5\xc5\x01q\xbb\
k\xca\xfe(\xf8\x8f\xed\x97\xab\xa3\xdb\xbea\xb7;\xa6\
#\xf8\x9f\xd3\xf0\xae\xf3\xc5\xda\xfaxsE\x96\xeb#\
\xcfo\x92\x15\xf5c\xdf\xf0\xaf\x0a\x91\xdeY\x1aI\x18\
\xb3\xb1%\x89\xeek\xda\xcap\xbc\xd2\xf6\xd2\xd9m\xea\
s\xd6\x9f\xd9\x19\x8a1N\xc5>(^yV(\xd7\
.\xe7\x00W\xd0\x1c\xe96\xec\x8b\xfa\x16\x9d\xf6\xbb\x9f\
:A\x98a9#\xfb\xcd\xd8WGs7\x93\x11\x7f\
\xe2<\x0f\xad\x16v\x89el\x96\xf1\xf2\x17\xa9\xf5=\
\xcdR\xbc\x97\xce\x9b\x8f\xba\xbc\x0a\xe3\xa7\x1f\xacU\xd7\
e\xfd~'\xd5\xd3\xa6\xb08n_\xb4\xff\x00?\xf8\
\x1f\xd6\xe5|\x1e\xfc\x93P\xdd\xc9\xb2=\xa3\xab\x7f*\
\xb1\xc0\x19=\x05gJ\xe6W,\x7f\x0a\xf6\x19\xe3\xd4\
\x95\x91\x1e(\x02\x9d\x8ad\xa7j\xe3\xb9\xa8n\xca\xe7\
+vW \x90\xefr{\x0e\x94\xdcS\xc2\xd2\xe0W\
;w9[\xbe\xa31[\x9e\x1b\xb0\xe5\xaf\x5ct\xf9\
c\xfe\xa6\xb2\xed\xad\x9e\xee\xe1 \x8f\xef9\xc6}\x07\
s]\x94Q$\x11$Q\x8c\x22\x0c\x0a\xe4\xc5T\xb4\
yWS\xd8\xc9\xf0\xbe\xd2\xa7\xb5\x96\xd1\xfc\xff\x00\xe0\
\x7f\x90b\x97\x14\xb4\xb5\xe7\x9fR7m\x18\x03\xaf\x14\
\xea\xab\x7f.\xc8\xfc\xb0~g\xeb\xec+JT\xddI\
(\xa3*\xb5\x1589\xb2\x95\xc4\xbe|\xa5\xfbt_\
\xa5G\x81N\xc5\x185\xf41\x8a\x8aQ[#\xe7%\
'&\xe4\xf7bc\xda\x8a\x5cR\xe2\xa8\x91\xb4S\xb1\
F(\x01\xb4b\x9d\x8a\x5cP\x031K\x83N\xc5\x18\
\xa0\x08n\x06 \x7f\xa5P\xc5h]\x7f\xa8o\xc2\xa8\
\xe2\xa5\x9c\xf5\xb7\x1b\x8a1N\xc5\x18\xa4d7\x14b\
\x9f\x8a1@\x0c\xdbF\xda~(\xc5\x003m\x1bi\
\xf8\xa3\x14\x00\xccQ\x8a~(\xc5\x00\x0a\xde\xb4\xf1\xcf\
J\x8f\x14\xa0\x91W\x1a\x8dnyx\xbc\xb2\x15}\xea\
z?\xc0~(\xc5\x01\x81\xebN\xc7\xe3[)'\xb1\
\xe0V\xc3\xd4\xa2\xedQX\xb3\xa4\xea\xfa\x8e\x85q\xe7\
\xe9\x97\x92\xda\xb9\xea\x17\x95o\xaa\x9e\x0dz\x0e\x89\xf1\
n\x09\x02\xc5\xae\xd9\x98[\xfe~m\xc6T\xfdS\xb7\
\xe1^k\x8a1V\x9d\x8eiAKs\xe8=>\xfa\
\xcbW\x80O\xa7]\xc3w\x1f\xacg\x91\xf5\x1dEL\
R\xbey\xb6\x9ak)\xc4\xf6\xb3Io0\xe9$M\
\xb4\xd7c\xa4|U\xd6lv\xc7\xa8\xc5\x16\xa7\x10\xe3\
q\xfd\xdc\x80}G\x06\xa9H\xc6T_C\xd4\x8aS\
\x0aV&\x93\xf1\x07\xc3\xba\xb9X\xcd\xd1\xb2\x9d\xbf\xe5\
\x95\xc8\xdb\xcf\xb3t\xae\x8c t\x12!WC\xd1\x94\
\xe4\x1a\xa3&\x9a\xdc\x8a\xdeyl\xe7Y\xe18u\xf5\
\xe8G\xa1\xae\x96\xc7Q\xb6\xd4\x17\x08|\xb9{\xc6\xc7\
\x9f\xc3\xd6\xb9\xc2\x94\xd3\x1f9\xee*'MH\xd6\x95\
g\x0fC\xaeh\xb1\xdb\x14\xc3\x15s\xf0j\xd7\xd6\xc3\
h\x9b\xcc_\xee\xb8\xcdL\xde\x22\xba\xc6<\x88A\xf5\
\xe6\xb0tdu,L\x1e\xe6\xac\xa1 \x8d\xa6\x91\x82\
\xa2\x0c\x92k\x8b\x9c\x99\xe6\x92R1\xbd\x89\xab\xd7\x97\
\x977\xc4\x19\xe4,\x07E\x03\x00Ub\x95\xad:|\
\xbb\x9c\xf5\xaa\xf3\xe8\xb6*\x98\xfd\xa9\xbe][)M\
)\xedZ\x98\x15\x0aR\x18\xea\xd1\x8e\x90\xc7@\x15<\
\xbfjC\x1dZ\xf2\xfd\xa9\x0a{P2\xaf\x97I\xe5\
\xd5\xaf.\x90\xc7@\x8a\xbe]\x1e]Z\xf2\xe96{\
P\x05o.\x8f.\xacy~\xd4yt\x01_\xcb\xa3\
\xcb\xab>]\x1b(\x02\xbf\x97J\x22\xdc@\x03$\xf6\
\x14\xeb\xb9\xed\xec-\x9a\xea\xf2x\xed\xe0O\xbd#\x9c\
\x0f\xfe\xbdy\xcf\x89\xbe!M\xa8+\xd9\xe8\xdb\xed\xad\
\x8f\x0dpx\x92Q\xec?\x84~\xb47b\xa3\x17-\
\x8dO\x18x\xda=,I\xa7iR,\x97\xc7\x89&\
\x1c\xac\x1e\xc3\xd5\xbf\x95y\xa1\x07$\x92X\x93\x92\xc4\
\xe4\x93\xeai\xe1B\x8c\x01\x8a1Q{\x9d\x11\x8a\x8e\
\xc4x\xa6\xca\xe25\xdc\x7f\x01\xebR9T]\xcd\xff\
\x00\xeb\xaa\x139\x95\xb2x\x1d\x85cV\xaf\x22\xb2\xdc\
\xef\xc1\xe1\x1di]\xfc+\xfa\xb1\xd3x\x11\xd6\xe2\xe6\
\xf2\xde^K\xa8u>\x98\xeb\xfd+\xa5\xb8\xb2xy\
\xc6\xe5\xf5\x15\xc6x.o#\xc4\x10\x0e\xd2\x06O\xd3\
?\xd2\xbd0\x8fQ^=J\x92\x84\xcf^\xb4R\x96\
\x87>\x85\xa3m\xd1\xb1V\xf5\x15v\x1dL\x8e'L\
\xff\x00\xb4\xbf\xe1V'\xd3\xe3\x97\x94\xf9\x1b\xf4\xaa3\
Y\xcd\x0f%r=EoK\x13o\x85\x91\x19\xb8\xec\
iG43\x7f\xab\x91O\xb7CQ\xdeFLa\xbd\
\x0de\x103\xd3\x9a]\xf2m+\xe66\xd3\xdb5\xda\
\xb1WVh\xdb\xeb\x17Vh\x8af\xf3\x1f=\x87\x02\
\xa4\xb2\xb7\x12K\xb8\x8f\x95\x7f\x9d7a'\x03\x93Z\
\xb0@!\x88.9\xea~\xb5\xe7\xd7\xa8\xd2\xf3g;\
\x18V\x9aV\xa7)HV\xb8\x84W*)\xa5=*\
r\xb4\x85(\xb8\x19Z\x85\xbe?z\x07\xb1\xaa\x90\xc8\
\xd6\xf2\xac\xab\xd5z\x8fQ[\x8f\x18u*\xc3 \xd6\
<\xf6\xe6\x19\x0a\x9f\xc0\xd7v\x1e\xafN\xa8\x13kc\
iHt\x0e\xa7*\xc3 \xd2\x11Y\xb6\x17\x7fg>\
T\x87\xf7g\xa1\xfe\xe9\xadR+\xdd\xa5UM\x5c\xf4\
i\xd4SW#+\x9aiZ\x94\x8aB+[\x9a\x10\
\x95\xa4\xc5JE4\xad;\x81\x11QHA\x15!\x14\
\x87\x80I\xe9O\x9a\xda\xb1\xdc\xc3\xb9\x8bf\xa6\xfcp\
F\xef\xd2\x97gz\xb5pRY\x8c\x8a\xbc\xe3\x04\xfa\
\xd4b6f\x0a\x8aY\x98\xe0(\xeak\xe6\xf1y\x8d\
\x9b\x85\x17\xa5\xf7\xff\x00#\x82Z7b\x13\xcf&\x98\
W=+\xaa\xd3<.\x8a\x04\xba\x87\xcc\xddD \xf0\
>\xa6\xa2\xf1V\x9e\xa8\xb0\xdd\xc2\x8a\x8a?v\xe1F\
\x00\xf4\xaf\x05b\x22\xe7\xca\x86\xe9\xc9+\xb3\x1fK\xd1\
\xe5\xd5\x9aA\x1c\xb1\xc7\xe5\xe0\xb6\xee\xbc\xd6\x90\xf0k\
\x7f\x15\xf8\x1fH\xea\x0f\x0c\xcd\xe4\xea\xc8\x87\xa4\xcaP\
\xfdz\x8a\xeb\x8a\xd65\xea\xce\x12\xb2z\x1aS\x84d\
\xae\xceg\xfe\x10\xc4\xef~\xdf\xf7\xee\x8f\xf8C!\xff\
\x00\x9f\xd9?\xef\x8a\xe9\x08\xa6\xb9TFweDQ\
\x92\xccp\x05a\xf5\x8a\x9d\xcd=\x94;\x1c\xf0\xf0e\
\xbf{\xc9\x7f\xef\x91T5=\x17I\xd2\xc6&\xbc\x9d\
\xe6\xc7\x11 \x19?_J\xb5\xaa\xf8\xa1\x9f0\xe9\xd9\
E\xe8g#\x93\xf4\x1d\xbe\xb5\xce0\xdcK\x12K\x1e\
I'$\xd7U(\xd5z\xcd\x98M\xc1i\x14DG\
'\x03\x03\xb0\xa6\x15\xab0[Mwp\x96\xd6\xd0\xbc\
\xf3\xb9\xc2\xc6\x83$\xd7\xa1xs\xe1di\xb6\xe7^\
a#u\x16\x91\x9f\x94\x7f\xbc\xc3\xaf\xd0V\xb5kB\
\x92\xbc\x99\x91\xc1\xe8\xde\x1e\xd5<C)\x8fM\xb5i\
@\xfb\xd2\xb1\xda\x8b\xf5&\xba\xcd;\xe1\xe4\x96\xac\x0d\
\xd5\xa4\x97S\x0e\xc7\x84\x1f\xe3^\x9d\x0c\x11[B\xb0\
A\x1aE\x12p\xa8\x83\x00S\xf3^]\x5ct\xe5\xa4\
tF\x90\xd3tq\xd1\xf8wRe\x0a-\xd2%\x1d\
\x01`\x00\xfc*C\xe1\x9dDtX\x9b\xd8=u\x94\
W'\xb5f\x9e\xd6G\x136\x91\xa8[\x8c\xc9i&\
\x07u\xe6\xa9\x9e\x0e\x0f\x07\xd0\xd7\xa1\x82GC\x8a\xaf\
uckz\xb8\xb8\x81\x1f\xdf\xa1\xfc\xe9\xaa\xbd\xcaU\
{\xa3\x84\xa4\xc5t\x17\xde\x16u\xcb\xd9I\xbc\x7f\xcf\
'\xe0\xfe\x06\xb0\xa4\x89\xe1\x90\xc7*28\xea\xac0\
kU$\xf65\x8c\x94\xb6#\xa3\x14\xeaLU\x146\
\x90\x8au\x18\xa4\x03ho\x9dJ\xb8\x0c\xa7\xb3\x0c\xd2\
\xf5\xa4\xc5\x00e\xdexgJ\xbd\xc9ko%\xcf\xf1\
\xc4v\xfe\x9d+\x02\xfb\xc1Wp\x02\xf6S-\xca\xff\
\x00q\xbeV\xff\x00\xeb\xd7gEo\x0cEHl\xcc\
\xe5J2\xe8yd\xd0\xc9o)\x8ah\xda)\x07U\
a\x83L5\xe9\xd7\xd6\x16\xba\x94>U\xdc+*\xf6\
=\x19~\x86\xb8\xbdo\xc37\x1aVf\x88\x9b\x8bO\
\xef\x81\xf3'\xfb\xc3\xfa\xd7}\x1cTg\xa3\xd1\x9c\xd3\
\xa2\xe3\xaa)\xe9\xfa\xa4\xb6d#\x12\xf1\x7ft\xf5\x1f\
J\xda\x8ff\xa0VrA\x85~\xe2z\x9fS\x5c\xbf\
^\x9d*\xd5\x85\xf3\xd8\xcb\xb9yC\xf7\x97\xd6\xb5\x94\
\x1a\xf7\xa3\xb9\xe1\xe3\xf2\xd8\xd5N\xa5-%\xf9\xff\x00\
\xc1:\x9a1L\x86d\x9e%\x926\xdc\xad\xd0\xd3\xeb\
\x80\xf99E\xa7f%%:\x93\x14\x12%%-\x18\
\xa0DS[\xc5p1\x22\xe4\xf6#\xa8\xac\xdb\x8d>\
Xr\xc9\xfb\xc4\xf6\xea+Z\x8a\xe8\xa3\x8a\xa9Kg\
\xa7b\xa37\x13\x9e\xfaQ[\x176\x11\xdce\x87\xc9\
'\xa8\xe8~\xb5\x974\x12@\xdbd\x5c\x1e\xc7\xb1\xaf\
f\x86*\x15v\xdf\xb1\xbcf\xa4E\x8aJu\x04W\
QCj{\x18|\xeb\xa4\x07\xee\xaf\xccj\x1a\xd2\xd2\
\xa2\xdb\x13\xc9\xdd\x8e\x07\xd0W6.\xa7\xb3\xa4\xda\xf4\
3\xa8\xed\x12\xefZJ(\xaf\x9d8\xec\x18\xa4\xc5-\
\x14\x08J1KF(\x01\xb8\xa4\xa7Q@\x86\xd1K\
\x8aNh\x10\x95\xcbx\x93M1\xcen\xa3^\x1b\x92\
\x07z\xea\xba\xd4W6\xebs\x09\x8c\xf0z\x83\xe8k\
\xaf\x05\x89\xf6\x15T\xbau6\xc3\xd6tf\xa4\x8f<\
*\x18\x10FA\xafT\xf8{\xe3Hu\xabU\xf0\xce\
\xba\xe1\xe6\xdb\xb2\xdag?\xeb\x80\xe8\xa4\xf6a\xd8\xf7\
\xaf:\xd4t\xf6\xb6vu\x5c&p\xcb\xfd\xc3\xfe\x15\
D\x8e\x87$\x10r\x088 \xfa\x8a\xfb\x08M5t\
}\x1aq\xab\x1b\xa3\xd8u\x9d\x0e}\x22BNd\xb7\
'\x0b.:{7\xa1\xac\xdcU\x8f\x02|G\x8bS\
\x8d4_\x10\xc8\x82\xe1\x86\xc8\xae\xa4\xfb\x97\x03\xfb\xaf\
\xe8\xde\xfd\xebgZ\xf0\xac\x96\xc5\xe6\xb0Vx\xc7-\
\x0f\xf1'\xd3\xd4W\x5c's\x09'\x17fs\xb4R\
\xf5\xa3\x15\xa8\x8d\xbf\x0e\xeb\xe2\xc0\x8b;\xb6\xff\x00F\
'\xe4\x7f\xf9\xe4\x7f\xc2\xbb\x0e\xa0\x10A\x04d\x11\xd0\
\xd7\x99\xd6\xb6\x8d\xe2\x19\xf4\xbcC 3\xda\xff\x00s\
<\xa7\xd0\xff\x00J\x89G\xaa\x13Gk\x8a*\x1b+\
\xebmF/2\xd6Q \xee:2\xfdENk2\
D\xa3\x19\xa5\xa3\x14\x08n)\xd1s \x07\xa1\xe2\x8e\
\x95\x0d\xf5\xdcz}\x8d\xcd\xec\xa7\x11\xdb\xc4\xd21\xf4\
\xc0\xff\x00\x1cS\x03\xe6\x9b\xd4\x11\xdf\xdd\xa2\xfd\xd5\x9d\
\xc0\xfaf\xb1uO\xf5\xeb\xfe\xedjoiKJ\xdf\
zF.\x7f\x13\x9a\xc9\xd4\x9bu\xc9\x1e\x80\x0a\x88n\
zt\xf7*QKI[\x1b\x09\x8cQKHE \
\x0a(\xa2\x80\x10\x8a3KHh\x18\xb4\x94\xa0\xd1@\
\x09IKE \x0a(\x14R\x00\xa2\x8a\x0d\x03\x0a(\
\x14P\x01E\x14P\x01E\x14Rh\x02\x8a(\xa4\x01\
L\x97\xfdY\xa7\xd3%\xff\x00Vjg\xf0\xb0\x1fE\
\x14U\x00QE\x14\xc0(\xa2\x8a`\x14\x84\xd2\x9aJ\
\x001\x9aZ):\xd0 \xebGJ:Q\xd6\x81\x05\
-\x14S\x18\x01E\x04\xd1L\x02\x8a(\xa0\x05\x14\x94\
f\x94\x0ab\x00)zQGZ@%-\x14\xb8\xa6\
0\x02\x96\x8aZ\x96\xc0)@\xc5\x00b\x97\x14\x80\x00\
\xa5\xa2\x96\x90\xc2\x94\x0a\x00\xa5\xa9\x18R\xd1J\x05!\
\x80\x14\xecRS\x80\xa4\x00\x05(\x14\x01N\xa40\xa5\
\x02\x8aP)\x00\x80R\xd2\x81\x9ap\x18\xa4\x02\x01\x8a\
v(\xc5(\x19\xa40\xc6i\xc0b\x801N\x03\x91\
H\x0b\xcb\xf7G\xd2\xb5\xf4t\xc4\x127\xabb\xb2E\
mi\x1f\xf1\xe8\x7f\xde9\xae\x06m\x12\xe61]w\
\x86\xa6Y4\xa5A\xf7\xa2b\xa4~\xa2\xb9*\xd7\xf0\
\xcd\xe7\xd9\xef\xcc\x0cp\x97\x03\x1f\xf0!\xd2\xb3\x96\xc5\
3\xaa\xa2\x8aZ\xccAF)h\xa4\x01E\x15CW\
\xd6\x22\xd1`K\x8b\x88fxY\xb6\x97\x8cga\xed\
\x9f\xad\x00_\xa2\xb9\xe5\xf1\xd6\x8e~\xf1\xb9_\xacy\
\xa7\xff\x00\xc2o\xa2\x7f\xcfi\xff\x00\xef\xd1\xa3\x95\x81\
\xbdF+\x9c\x97\xc7\x9aZ\x0f\xdd\xc3s1\xfa\x05\xfe\
uB\xe7\xe2\x0c\xcd\xc5\xae\x9f\x1a\x7f\xb5+\xe4\xfeB\
\x8eV\x07h\x01=\x06k+U\xf1.\x9b\xa4\x82\xb2\
M\xe7N:C\x11\xc9\xfcOA\x5c5\xf7\x88\xb5]\
D\x15\x9e\xed\xc4g\xf8#\xf9\x17\xf4\xac\xe5P*\x94\
;\x85\xcdMg\xc4w\xda\xd9)#y6\xdd\xa0C\
\xc7\xe2{\xd6j\x8eB\xa8\xc9\xec\x05*\x05,\x031\
U\xee@\xce+j\xd2\x1bx\xd3t\x18l\xf5~\xa7\
\xff\x00\xadU\xb0%r\x9d\xb6\x96\xcd\x86\xb8;G\xf7\
\x07S\xf5\xad$EE\x08\x8a\x15GaJ\x06i~\
\x94\xaeZV\x0cb\x96\x8a:\xd2\x00=8\xae\xb7E\
\x8a\x18\xf4\xd8\x8c'!\xf9s\xdc\xb5r`b\xb4\xb4\
]K\xec3\xf9r\x1f\xdcJy\xff\x00d\xfa\xd2\x92\
\xd0\x0e\xa2\x8a\x08\xc5\x18\xac\xc4\x03\xe8\x08\xee\x0fz\xe0\
\xbcK\xa1\xff\x00d]\x89!_\xf4I\xc9)\xfe\xc1\
\xee\xbf\xe1]\xf5C{e\x0e\xa1k%\xad\xc0\xccr\
\x0f\xc5Ob(R\xb0\x1e`*@*[\xfb\x09\xb4\
\xdb\xc9-'\x1f:tn\xcc;\x11Q'\xa5l\x98\
\x87\x01J\x058\x0aP1T1\x02\xd3\x80\xa5\x02\x94\
\x0a\x9b\x80\x80S\x82\xd3\x82S\xc0\xa4\x03B\xd3\xc2\xe6\
\x94/\xad<-+\x8ch_\xc6\x9e\x16\x9c\x16\x9c\x17\
4\xae\x05[\x95\xc3-6\xdc~\xfe#\xfe\xd8\xfeu\
5\xd2}\xda\x8e\x11\xfb\xd8\xcf\xfbC\xf9\xd7=M\xd9\
\xddG\xe1G^G&\x94\x0aq\x1c\x9aP+\xca=\
\xc1\x00\xa5\x02\x9c\x16\x9c\x16\x8b\x8a\xe3B\xd3\x80\xa5\xc5\
.3HE\x8d4\x7f\xa7G\xf8\xff\x00*\xdd\x02\xb1\
\xb4\xb5\xff\x00M\x8f\xe8\x7f\x95m\xe2\xbc\xecg\xc6\xbd\
\x0d \xf4\x10\x0a\x5cR\xd0\x06k\x96\xc5\x5c(\xc5(\
\x14\xb8\xa7`\x13\x14\xa0R\xe2\x9d\x8ab\x1b\x8aP)\
\xdbi@\xa6\x17\x10\x0aP\xb4\xb8\xa5\xc5\x02\xb8\x82\x97\
\x14\xecR\x81@\x86\xe2\x97\x14\xb8\xc5.\x0d;\x00\x98\
\xa5\xa5\xdbK\x8ab\x13\x06\x97m.)qE\x84&\
(\xc5;\x14\xb8\xa6\x17\x1b\x8a\x5cS\xb1J\x05\x02\x1b\
\x8a\x5cS\xb1J\x05\x01q\xb8\xa5\xc6\x06I\x00R\xe2\
\xb9/\x88\xfe\x22\xfe\xc5\xd1\xfe\xc9\x0b\xe2\xea\xf0\x15\x5c\
uT\xee\x7f\xa5kF\x8c\xaa\xcdB;\xb2e++\
\x9e}\xe3\xdf\x11\xff\x00\xc2A\xad0\x85\xb3im\x94\
\x8b\xdf\xd5\xbf\x13\x5c\xde)\xd8\xa5\x0b_eJ\x9ci\
\xc1B;#\x89\xca\xee\xe3q]\x07\x874\xfd\x88o\
d\x1f3|\xb1\xe7\xb0\xeek+O\xb1k\xfb\xb4\x80\
p\xa7\x97>\x82\xbb\x15EU\x0a\x80*\xa8\xc0\x1e\x82\
\xb0\xc5U\xb2\xe4G\xb5\x93a9\xe7\xed\xe5\xb2\xdb\xd7\
\xfe\x01Z\xee_&\x13\x83\xf37\x02\xb3@\xa9\xee\xa5\
\xf3\xe5,\x0f\xca8Z\x88\xe1A'\xa0\xeb]\xd8Z\
>\xce\x9e\xbb\xb3l]\x7fkR\xebdV\xbb| \
\x8cun\xbfJ\xa9\xb6\x9f#\x99\x5c\xb9\xefI\x8a\xd9\
\xeayS\x973\xb8\x98\xaa\xce\xdb\xd8\x9f\xca\xa6\x99\xb0\
\xbbGSP\xe2\xb1\x9b\xe8s\xd4\x97A1F)\xd8\
\xab\x16\x16f\xfa\xed \x1c)\xe5\x8f\xa0\xac\xdbI]\
\x91\x089\xc9F;\xb3c\xc3\xd6>T\x06\xe9\xc7\xcf\
/\x0b\xec\xbf\xfdz\xd7\xc5\x01B\x80\xaa0\xa0`\x0f\
AK^L\xe6\xe7'&}\xbe\x1a\x8a\xa1MS\x8f\
A1K\x8aZ0j\x0d\x86\x92\x14\x16c\x80\x06M\
d\xcb!\x96Fs\xde\xae_\xcb\x80!\x1d\xf9j\xa7\
\x8a\xf5\xf04yc\xce\xf7\x7f\x91\xe3\xe3\xeb\xf3K\xd9\
\xad\x97\xe67\x14b\x9d\x8a\x5cWy\xc07\x14b\x9d\
\xb6\x97\x14\x0a\xe31F)\xf8\xa5\xc5\x01q\x98\xa3\x14\
\xfcQ\x8a\x02\xe31K\x8av)q@\x15\xae\x87\xee\
O\xd6\xa9m\xad\x0b\xb1\xfb\x9f\xc4U,TKs\x9a\
\xaf\xc43m\x1bi\xf8\xa5\xc5#1\x9bh\xdbO\xc5\
\x18\xa0\x06m\xa4\xdbRb\x8cP\x04{~\xb4\xbbi\
\xf8\xa3\x14\x00\xcd\xb4m\xa7\xe2\x8cP\x04{h\xdbR\
b\x93\x14\x00\xcd\xb4\xa3\x22\x9d\x8a1A2\x8a\x92\xe5\
\x92\xba\x140=E;\x1e\x94\xccP2+EU\xad\
\xcf*\xbeS\x09kI\xd9\xfe\x03\xb1F)C\xfa\x8a\
p \xf45\xaa\x9ag\x91[\x05Z\x97\xc5\x1d;\xa2\
2\xa1\x86\x08\x04zU\xcd7W\xd4\xb4g\xdd\xa7_\
\x5cZ\x9fDl\xa9\xfc\x0f\x15_\x14\x98\xab9-s\
\xb5\xd3\xbe,\xea\xd6\xf8]F\xce\xde\xfd{\xba~\xed\
\xff\x00N+\xa7\xd3\xfe&\xf8r\xf7\x0bq$\xf6\x12\
\x1e\xa2d\xca\x8f\xf8\x10\xaf#\xdbF)\xa92\x1d(\
\xb3\xe8\x0bK\xcb=E\x03\xd9]\xdb\xdc\xa9\xe9\xe5\xb8\
'\xf2\xa9\x9a\x22\xbc\x10E|\xf0\x80\xc6\xfb\xe3fG\
\xfe\xf2\x12\x0f\xe6+j\xc3\xc6~#\xd3@[}V\
fA\xd1%\xc4\x8b\xfa\xd5s\x19\xba=\x99\xedE)\
\xa6:\xf3[?\x8bZ\xacX\x17\xbau\xa5\xd7\xab!\
1\x9f\xf0\xad\xab_\x8b:D\xa0\x0b\xbb\x0b\xcbc\xdc\
\xa9\x0e?\xa5>dC\xa7$u\xe6:i\x8e\xb2-\
\xbc{\xe1{\xbcm\xd5V\x22{M\x1b'\xf4\xadK\
}WL\xbb\x19\xb7\xd4\xad%\xfaJ?\xad;\x92\xd3\
[\x8b\xe5\xd2\x14\xabB=\xff\x00p\xa3\xff\x00\xba\xc0\
\xd2\x9bw\x1f\xc0\xdf\x95\x02)\x14\xa3eZ0\x9e\xe0\
\xd3LG\xd2\x80+l\xa4\xd8*\xd7\x92OcG\xd9\
\x9f\x19\xd8\xdf\x95\x00T\xf2\xe8\xf2\xfe\x954\xad\x14\x03\
2\xcd\x0cc\xfd\xb9\x00\xfe\xb5\x93w\xe2\xef\x0e\xd8\xe7\
\xce\xd5\xed\xcb\x0f\xe1\x8f.\x7fJ\x01+\xec_\xf2\xfd\
\x85\x1e]rW\xdf\x154\x88r,\xac\xee\xaf\x0ff\
o\xdd\xaf\xeb\xcdsz\x8f\xc4\xbdv\xf4\x15\xb50\xe9\
\xf1\x9e\xd1.\xe6\xff\x00\xbe\x8d.dZ\xa5&ze\
\xe5\xc5\xb6\x9d\x09\x9e\xf6\xe2\x1bh\x87;\xa4l\x7f\xfa\
\xeb\x8c\xd6\xbe'\xd9\xdb\x83\x16\x8dnn\xe4\xe9\xe7\xca\
\x0a\xc6>\x83\xa9\xaf=\xba\x9a{\xd9L\xd7SKq\
)\xfe9\x18\xb1\xa8\xb6\xd4\xf3\x1aF\x92[\x965]\
Z\xff\x00[\xb8\xfbF\xa3r\xf7\x0e>\xe8<*}\
\x14p*\x9e)\xfbi\x08\xa4j3\x14\x87\x03\xad+\
6:Tg'\x9a\xcaU\x12\xd1\x1e\xbe\x0f+\x9dO\
z\xae\x8b\xb7W\xfeE9\x9d\xa4s\xbb\xb7AQ\xd4\
\xd3.$5\x1e+\x82W\xbe\xa7\xb2\xa0\xa0\xb9b\xac\
\x91cJ\x9b\xec\xda\x9d\xb4\xc3\xf8$S\xfa\xd7\xaf\x90\
\x0f8\xeb\xcdx\xbe\x08\xe4u\xed^\xc9\xa7L.\xf4\
\xfbi\xfa\xef\x8c\x1a\xe4\xc4\xad\x99\x86!l\xc7\x14\xa6\
\x95\x22\xac\x14\x14\xd2\xa4W-\xceR\x94\xb6\x90\xcb\xf7\
\x93\x07\xd4Uf\xd2\x86~Y?1Z\x85i\xa5+\
H\xd5\x92\xd9\x81F\xde\xc5 ;\x8f\xcc\xde\xbe\x959\
Z\x94\xad!\x152\x93\x93\xbb\x02\x12\xb4\xd2\xb56)\
6\xd2\xb8\x10\x95\xa6\x94\xa9\xcaS\x0a\xd3\xb8\x88\x0a\xd5\
{\xbbQ:q\xc3\x0e\x95x\xae)\x85ETd\xd3\
\xba\x03\x9ed*H#\x91Vl\xef\x8c\x18\x8e\x5c\x98\
\xfb\x1e\xebW\xae\xac\x84\xc3r\xe0?\xf3\xac\xc7\x88\xa3\
\x15u \x8a\xf4h\xd7\xeb\x1d\xca\x8c\x9c]\xd1\xb2\x00\
e\x0c\xa4\x15=\x08\xa4\x22\xb2\xad\xaee\xb5?'\xcc\
\x87\xaa\x9e\x86\xb4\xe1\xbb\x86\xe3\x01[k\x7fu\xba\xd7\
\xabK\x11\x19\xfa\x9d\xb4\xeb)z\x8aE!\x15)_\
\xc2\xa3r#R\xcd\xd0V\xceI+\xb3Q\x8f\xb5T\
\x96\xe0\x0a\xa1<\x8d!\xe3\xee\xfaT\x93Henx\
\x1d\x85-\xa5\x94\xd7\xd3\x88`\x5c\xb1\xeaOE\x1e\xa6\
\xbes\x1f\x98\xba\xb7\x844\x8f\xe6sT\xa8\xe5\xa2+\
\xc1m-\xdc\xcb\x0c\x11\x97\x91\xba\x0f\xeak\xac\xd2\xb4\
ht\xb4\xdd\xc4\x97\x04|\xd2z{\x0a\xb3\xa7\xe9\xb0\
i\xb0\xf9q\x0d\xce\xdf~C\xd5\x8f\xf8U\x92+\xe6\
\xebWs\xd1l\x5c)\xf2\xea\xf7#\xa8/m\x16\xf6\
\xd2[f\xe9\x22\xe0{\x1e\xd5d\x8c\xd2\x11\x8a\xe7Z\
;\xa3C\xcf\x14\xcbk8lm\x96'\xe9\xe8A\xae\
\xee\x09\xd2\xee\x08\xee\x229I\x06G\xb7\xa8\xae{\xc5\
\x1a\x7f\x93r/\x10|\x93p\xde\xcd\xff\x00\xd7\xaa\xda\
N\xb4\xfa\x5cR\xc4c\xf3Q\xbed\x5c\xe3k\x7f\x85\
wT\x8f\xb5\x82\x94w0\x83\xe4\x93L\xe9o\xaf\xad\
\xf4\xe8<\xdb\x86\xc0?uG\xdes\xed\x5cv\xab\xaa\
\xdcj\xaf\xfb\xcf\x92\x10~XGA\xf5\xf54\xcb\xab\
\x99\xafg3\xdc9w?\x90\x1e\x82\xa0l(\xc98\
\x02\xae\x95\x05\x0d^\xe4N\xa3\x96\x8bb\x12+_\xc3\
\x9e\x12\xbf\xf1,\xb9\x80y\x16\x8ap\xf7.8\x1e\xca\
;\x9a\xe8<'\xe0\x07\xd4\x82_k\x08\xd1Z\x1eR\
\xdf\xa3J=O\xa0\xfeu\xe9\x11C\x1c\x11$0\xc6\
\xb1\xc6\x83\x0a\x8a0\x14{V\x18\x8cb\x87\xbb\x0d\xc8\
H\xcd\xd0|7\xa7\xf8r\xdf\xca\xb1\x87\xf7\x8c?y\
3\xf2\xf2}Oo\xa0\xad:Z1^T\xa4\xe4\xef\
\x22\x90\x94\x98\xa5\xa2\xa6\xc3\xb0\xda)\xd4\x98\xa4\x08J\
(\xa2\x90\xc2\xa0\xbd\xb0\xb7\xd4c\xd9q\x1e\xec}\xd6\
\x1c2\xfd\x0dOE1\x1c^\xa9\xa4O\xa68\xde|\
\xc8X\xe1e\x03\xf4>\x86\xa8\xe2\xbd\x02X\xa3\x9e&\
\x8aT\x0f\x1b\x8c2\x9e\xf5\xc6j\x9asi\x97F\x22\
KF\xdf4l{\x8fO\xc2\xb6\x84\xef\xa3:)\xce\
\xfa2\x8d\x18\xa7c4\x95\xa1\xa8\xdcRS\xb1IL\
\x04\xc5%;\x14\x94\x80J\x01\xa0\x8cQ@\x1c\xaf\x88\
<(\x00{\xcd11\x8ed\xb7\x1f\xcd\x7f\xc2\xb9>\
\xbc\xd7\xab\x03\x83\x91\x5c\xaf\x8b4\x00\x15\xf5;D\xc7\
y\xe3_\xfd\x08\x7fZ\xf40\xd8\x9b\xfb\x939j\xd2\
\xfbQ0\xb4\x9d@\xd9\xcd\xb2C\xfb\xa7\xeb\xec}k\
\xa5\xc6y\x1c\x8a\xe3+\xa0\xd0\xef|\xe8\xbe\xce\xe7.\
\x9d\x0f\xa8\xad\xab\xd3\xfbH\xf9|\xe3\x05u\xed\xe0\xbd\
\x7f\xcc\xd2\xa2\x96\x92\xb9O\x9c\xb0b\x92\x96\x8a\x09\x1a\
h\xa5\xc5%\x00'Jl\x91\xa4\xa8Q\xd42\x9e\xc6\
\x9fIBv\xd5\x08\xc9\xbb\xb0k|\xbae\xa3\xfdV\
\xaaWCY\x97\xb6\x1e^e\x88|\x9f\xc4\xbf\xdd\xaf\
_\x09\x8d\xe6\xf7*o\xdc\xda\x15/\xa3(\x9e\x95\xb5\
h\x9e]\xacK\xed\x9a\xc5##\x8e\xf5\xbe\xa3j\xa8\
\xf4\x00Q\x99\xcb\xdd\x8a\x15m\x90\x11M\xa7\xd2\x11\x9a\
\xf2\x0eq\xb4R\xd2PKAE\x14P \xa4\xc5-\
\x14\x00\x98\xa2\x96\x90\xd0H\x98\xa3\x14\xb4P\x06^\xad\
m\xcf\xda\x14d\x1e\x1c\x7fZ\xe6ot\xe3\x16d\x84\
\x12\x9d\xd7\xba\xd7r\xca\xae\xa5XeH\xc1\x15\x85w\
j\xd6\x92\xed\xea\xa7\x95oQ^\xee[\x8bv\xf6o\
u\xf9\x7f\xc0;p\xb8\x89Sz\x1c\xa1P\xc0\x82\x01\
\x07\xb5w\x9e\x0c\xf8\xa3s\xa2\xacv\x1a\xd7\x99w`\
\xbc$\xe3\x99`\x1f\xfb0\xfdk\x9a\xbc\xd3Vl\xbc\
8Y;\x8e\xcd\xfe\x15\x94\xca\xc8\xc5X\x15a\xd4\x1a\
\xf7aQ=Q\xed\xd3\xa9\x0a\xd1\xd0\xf7\xeb\xad+L\
\xf1-\xaa\xea:u\xccM\xe6\x0c\xad\xc4\x5c\xab\xfb0\
\xeck\x97\xbe\xd3\xeet\xd9|\xab\xa8\x8a\x13\xf7Xr\
\xad\xf45\xe7\x1a\x1f\x885O\x0d]}\xa7K\xbah\
\x19\xbe\xfcdn\x8eA\xe8\xcb\xd0\xd7\xa9h?\x13\xf4\
?\x10D,\xb5\xb8\x93O\xb8n\x08\x93-\x0c\x87\xd9\
\xbf\x87\xf1\xae\x98U\xeeD\xa98\xecfRb\xba\xab\
\xcf\x07G*\x89\xb4\xfb\x90\xa8\xdc\x85c\xbdO\xd1\x85\
dM\xe1\xbdV\x03\xff\x00\x1e\x86A\xeb\x1b\x03[\xa9\
&es:)$\x82A,.\xd1\xc8:2\x9c\x1a\
\xd9\xb6\xf1}\xfcI\xb6h\xe2\xb8#\xf8\x8f\xca\x7fJ\
\xcf:N\xa2:\xd8\xcf\xff\x00|\xd3N\x99\x7f\xff\x00\
>S\xff\x00\xdf44\x98\x1dF\x97\xe2\x885\x09\x96\
\xdeh\x8d\xbc\xad\xc2\x1c\xe5X\xfa{V\xdfN\xb5\xcb\
\xf8{\xc3\xb71\xdd\xa5\xe5\xe4~RG\xcaF~\xf3\
\x1f\x7fA[\xfa\x9e\xa7c\xa2\xc0n5;\xc8l\xe2\
\x1d\xe5l\x13\xf4\x1dMe+'\xa1%\x9a\xf3\xaf\x8b\
\xfe(\x8a\xd7N\x1e\x1d\xb5\x985\xd5\xc9\x0dt\x14\xff\
\x00\xaa\x8cr\x14\xfb\x93\xdb\xd0Vw\x8a\xfe/\xcbp\
\xafi\xe1\xb4x\x10\xf0\xd7\xd2\x8f\x9c\x8f\xf6\x17\xf8~\
\xa7\x9a\xf3Vfwgvgv;\x99\x98\xe4\xb1\xf5\
&\xb3r\xe8\x8d\xe9\xd2i\xdd\x8c8POaXs\
?\x9b#9\xeekOQ\x9f\xcb\x8b\xcb\x07\xe6n\xbe\
\xc2\xb2\x88\xaa\x82\xeawSZ\x5cm\x14\xb4\x95\xa2f\
\x82QKILAIK\xd6\x92\x80\x0a:QE\x00\
&)h\xa44\x86-%(4P\x02QE\x14\x80\
(\xa2\x8a@\x04QE\x14\x00QE\x14\x0c(\xa2\x8a\
\x00(\xa2\x8a@\x14\xd9\x7f\xd5\x9au6_\xf5f\xa6\
\x7f\x0b\x01\xd4QER@\x14QE0\x0a\x0d\x14\x94\
\x00R\xe2\x81E\x02\x0a(\xa2\x98\x82\x8a(\xa60\xa5\
4f\x92\x80\x0a(\xa3\xad\x00\x02\x83Jh\x02\x98\x80\
\x0aZZi\xe4b\x80\x1ec\x90F%(\xe268\
\x0eG\x04\xfaf\x9b^\x97\xe2O\x8b\xd6\x9a\xef\xc3K\
?\x07E\xe1\xe8\xad\xa7\x85c\x0fv\x18`\x15l\xe5\
F2\x09\xef\x93\xdc\xd7\x9a\xd4A\xb7\xba\x18R\xd1K\
M\xb0\x0e\x94\xa0P\x05- \x00)h\xa5\xa40\xa5\
\x02\x80)\xd4\x86 \xa5\xc5\x14\xe0*F \x14\xea)\
q@\x00\x14\xe0(\x02\x96\xa4aKE(\x14\x80\x00\
\xa5\x034\x01\x9ap\x18\xa4\x02\x81\x8a(\xa5\x034\x86\
\x00f\x9e\x06(\x03\x14\xa0R\x00\x02\x95z\x8a1K\
R\xc6^\x15\xa9\xa3H1,Y\xe7\x86\x15\x91n\xfb\
\x97\x07\xa8\xa9\xe2\x91\xa1\x91dC\x86S\x91\x5crV\
\xd0\xd13\xa2\xebJ\xac\xc8\xc1\xd0\xe1\x94\xe4\x1fCQ\
\xc12\x5cD%N\x87\xb7\xa1\xf4\xa9@\xac\xcd\x0e\xe6\
\xc6\xedo\xed\x22\xb9^7\x8f\x98z\x1e\xe2\xacW-\
\xe1\xcdG\xec\xd7&\xdaF\xc4S\x9e\x09\xfe\x16\xff\x00\
\xeb\xd7S\xd2\xb2j\xc2z\x05\x14QHAQ\xcf\x04\
WPIo:\x07\x86U\xda\xea{\x8a\x92\x8aC<\
\xb3X\xd2&\xd1o\xde\xd2BY>\xf4R\x7f}}\
j\x9dzo\x88tU\xd6\xf4\xf3\x0a\x80.#\xf9\xa0\
c\xd8\xf7\x1fC^hU\x91\x8a\xba\x95u8e=\
A\xf4\xadc+\x88LQ\x91H\xcaH\xc8\xa4\x02\xb4\
\x8co\xa8\x87n\xc7A@$\xf7\xa0/\xad8\x0c\xd5\
\xf2\xa4!A\xcdI\x0c\x8f\x03\xef\x8d\x8a\x9f\xe7L\x03\
\x14\xe1\xefY\xca=\x8aF\xb5\xae\xa0\x93\x90\x8e\x02I\
\xfa\x1a\xb7\xd2\xb9\xff\x00j\xd0\xb3\xbf)\x88\xe79^\
\xcf\xe9\xf5\xac\xecRf\x88\x19\xa5\xc5\x03\xd7\xb1\xa5\xa4\
P\x94\xb8\xcd\x18\xa5\xa4\x07C\xa0j>r}\x8eV\
\xcc\x88>B\x7f\x89}?\x0a\xd7\xc5qH\xcd\x13\xac\
\x88\xc5]NA\x1d\x8du\xbau\xf2\xea\x16\xc2Q\x80\
\xeb\xc4\x8b\xe8k9!4Y\xa5\xc5\x14\xb8\xa9\x11\x93\
\xe2-\x10k\x16`\xc4\x00\xba\x87\x98\x8f\xf7\x87u5\
\xc0\x80A \x82\x08\xe0\x83\xd4\x1a\xf5^\x95\xcax\xbf\
E\x0aN\xa9n\xb8\x07\x89\xd4z\xf6o\xf1\xaa\x8c\xba\
\x01\xcd\xa1\xdc)\xd8\xa8\x94\x90x\xab*\xa3\x19\xadn\
\x02\x05&\x9e\x00\x14\xa0f\x9e\x17\x14\x0ch\x5c\xd3\xc2\
\xe3\xa58-8\x0aW\x01\x02\xfa\xd3\x80\xa7\x05\xa7\x85\
\xa9\xb8\xec4-<.i\xc1)\xc0zR\x02\xad\xd2\
aT\xfb\xd4*>e\xc7b*\xe5\xd2~\xec\x13\xeb\
U\xb1\x81X\xcd\xeau\xd2~\xe9\xd7c<\xd3\x80\xa2\
.cC\xea\xa3\xf9S\xeb\xc9=\xc1\x00\xa5\x034\xa1\
i\xc0P\x17\x1a\x16\x9c\x058\x0cR\xfd)\x88\xb3\xa5\
\x8f\xf4\xd4\xfa\x1a\xd9\xc5dik\xfe\x98\x9fC[5\
\xe7b\xd7\xbf\xf24\x86\xc2b\x9c\x05\x18\xa5\x02\xb9\x8a\
\x10\x0ap\x14\xa1i\xc0zS\x15\xc6\x85\xf5\xa7\x01K\
\x8a\x5cP!\x00\xa5\xc5.)@\xa7`\x13\x14\xa0R\
\x81K\x8a\x04 \x14\xbbiqK\x8a` \x14\xb8\xa5\
\x02\x97\x14\xc4&)qJ\x05.(\x011K\x8aP\
\xb4\xecP!\xa0R\x85\xa5\xc5(\x14\xec+\x89\x8a\x5c\
R\xe2\x97\x14\x00\xdcR\x81K\x8av)\xd8W\x22\x9a\
X\xed\xa1y\xa5`\x91\xc6\xa5\x99\x8f@\x05x?\x89\
\xf5\xb9<C\xac\xcfz\xd9\x11\x93\xb6%\xfe\xea\x0e\x95\
\xdf\xfcS\xf1\x0f\xd9m\x13F\x81\xff\x00{8\xdf6\
?\x85;\x0f\xc7\xfaW\x96b\xbe\x87*\xc3r\xc7\xda\
\xbd\xde\xde\x875i\xdd\xd8@)zR\xe2\xaf\xe8\xd6\
\x1fm\xbb\x05\xc6b\x8b\xe6\x7f\x7fA^\xb4\xa4\xa2\xae\
\xc9\xa3JUf\xa9\xc7vlhv?c\xb4\xde\xe3\
\x12\xcd\xcb{\x0e\xc2\xac\xde\xcb\xe5\xc3\xb4\x1f\x99\xf8\xfc\
*\xcfS\x9a\xcb\xb8\x97\xce\x98\xb7\xf0\x8e\x16\xb8\xf0\xd4\
\xddj\xbc\xd2\xe9\xa9\xf5\xb5\x9cp\xd4\x15(z\x7f\x9b\
 \x03\xd2\xa0\xbc|(\x8cu<\x9a\xb5\xc0\x04\x9e\x82\
\xb3\x9d\x8c\x8e\x5c\xf7\xafe\xb3\xc1\xab++\x0c\xc5\x18\
\xc5;\x14\xc9\x8e\x17osP\xdd\x95\xceV\xec\xae@\
\xc7{\x13I\x8av)v\xd79\xcdq\x98\xc5t\xba\
\x0d\x97\xd9\xed|\xf6\x18\x92n~\x8b\xda\xb1\xb4\xeb#\
{v\x90\xe3\xe4\xfb\xce}\x00\xae\xbb\x03\xa0\x18\x1d\x87\
\xa5q\xe2\xaaYr#\xdc\xc9\xb0\xd7\x93\xaf.\x9a/\
^\xa3v\x8a\x5cb\x97\x14\xb8\xae\x13\xe8\xae7\x14\x8e\
\xc24.\xdd\x05?\x15J\xfe\x5c\xb0\x88t\x1c\xb7\xd6\
\xb6\xa1K\xdaMD\xc3\x11[\xd9A\xc8\xa8\xc4\xbb\x16\
n\xa4\xe6\x93\x14\xea1\xed^\xfaV\xd1\x1f>\xdd\xf5\
bb\x8cR\xe0\xd2\xe2\x98\xae7\x14b\x9d\x8a1@\
\x5cLQ\x8av(\xc5\x007\x14b\x9d\x8a\x5cP!\
\x98\xa5\xc5;\x14b\x80+\xdd\x8f\xdc\xfe5O\x15~\
\xed\x7fs\xf8\xd5,TKs\x9e\xaf\xc47\x14b\x9d\
\x8a1Rgq1F)qF(\x0b\x89\x8a1K\
\x8a\x5cP\x17\x1b\x8a1N\xc5&(\x0b\x89\x8a1K\
\x8a1@\x5cn(\xc5;\x14b\x80\xb8\xdcQ\x8av\
(\xc5\x007\x14b\x9d\x8a1@\x0c\xc5\x18\xa7\xe2\x93\
\x14\x00\x80\x91N\x0d\xebI\x8a1T\xa4\xd6\xc75\x5c\
\x1d\x1a\xba\xca:\xfd\xc3\x86=iqL\xc5\x1c\x8a\xd1\
U\xeey\xd52u\xff\x00.\xe5\xf7\x8e\xc5\x18\xa4\xdc\
iw\x8e\xe2\xa9T\x89\xc5<\xb3\x11\x1d\x95\xfd\x18\x98\
\xa3\x14\xed\xc0\xd1\xc5Z\x92}NY\xe1\xea\xc3\xe2\x8b\
_!\x85A\xea)\xa6$'\xee\x8a\x97\x14m\xa6b\
5\x1eX\xbf\xd5\xcd*\x7f\xba\xe4U\xa8\xb5\x9dV\x0f\
\xf5z\x9d\xea\xff\x00\xdbSU\xb1I\x8a.\x164\x93\
\xc5~!\x8f\xeekW\x83\xea\xd9\xa5\xff\x00\x84\xbf\xc4\
\x7f\xf4\x1a\xbb\xff\x00\xbe\x85f\x11I\x8aw\x17*\xec\
h\xbf\x8a|A \xc3\xeb7\x87\xfe\x07\x8a\xa7.\xa9\
\xa8\xcd\x9f7P\xbc|\xfa\xccj\x1d\xb4m\xa0,\x88\
\xddL\x872\x16s\xfe\xd1&\x90 \x1d\x06*LR\
b\x80\x19\x8a1N\xc54\x90)6\x96\xe6\x94\xe9N\
\xa6\x90M\x89\x8a)\x0b\xfa\x0aa$\xd6n\xa2\xe8z\
4r\x9a\xb3\xd6o\x95}\xecR\xe0S\x18\x96\xa5\xc5\
&+)I\xb3\xd9\xc3\xe0h\xd0\xd6*\xef\xbb\x18V\
\x9aF*J|1\xf9\x92\xaa\xf6\xeajN\xd5\xae\x85\
k\xe8<\xb1\x11\xc7%y\xaa\xb8\xadmU3\x127\
\xa3Vf\xda\xca\xa2\xb4\x8ck\xc7\x96m\x11\xe2\xbdG\
\xc1S\xfd\xa3\xc3\xb6\xdd\xcc{\x90\xfe\x06\xbc\xc4\xadw\
\xff\x00\x0d\xe7/aun\x7f\x82@\xc3\xe8Er\xe2\
\x15\xe0rV\xd6'VE!Z\x94\xad!J\xe19\
\x08J\xfbSJT\xc4\x11H@4\x5c\x08\x0a\xd2\x15\
\xa9\x8a\xd2\x15\xa0\x0a\xe5i\x0a\xd4\xe5i\xa5i\xdc\x08\
1I\x8a\x94\xad4\xa5\x02#+L)R\x90E\x18\
\xa6\x04\x05ME5\xbcs\x8c:\xfe=\xc5Z+M\
+MI\xadP\x18\xd3\xe9\xf2E\x92\x9f:\xfe\xb5P\
\xafb0k\xa2)U\xe7\xb6\x8a@K\xae\x0f\xa8\xae\
\x98b?\x98\x0c\xc8.\xee#!U\xb7\x8f\xee\xb5X\
\x96F\x94\xe5\x86\x07\xa0\xa1 X\xf3\xb7\xf5\xa9\xadm\
%\xbc\x9d`\x84e\x9b\xb9\xe8\x07\xa9\xac18\xc9M\
r'\xee\x9a\xa7+Z\xe4V\x962\xdf\xce!\x84r\
y,z(\xf55\xd6\xd9i\xf1i\xd0\x08\xa1\x19\xcf\
,\xe7\xab\x9a\x92\xca\xc2\x1d>\x0f*.I\xe5\x9c\xf5\
cV\x029R\xca\x8cTu q^\x1dj\xdc\xfa\
-\x8e\x88C\x97r*LS\xc8\x06\x90\x82+\x13A\
\x84SH\xc5IT5mM4\xc8x\x01\xe7\x7f\xf5\
h\x7f\x99\xf6\xa7\x18\xb9;!6\x92\xbb*x\x86\xfa\
\xde\xde\xd1\xed]\x04\xb2\xca8O\xee\xff\x00\xb4k\x92\
\xdb\x8a\xb1+<\xd24\x921wc\x96c\xde\xa2\xda\
r\x00\x04\x92p\x00\x1c\x93\xe9^\x95*|\x8a\xc7,\
\xe5\xcc\xeeBG#\x82I8\x00\x0c\x92k\xd0|\x1f\
\xe01nc\xd4\xb5\x88\x83M\xf7\xa2\xb6nD~\xed\
\xea}\xbbU\xcf\x07x-t\xb0\x9a\x8e\xa4\x81\xafH\
\xccq\x1eD\x03\xfa\xb7\xf2\xae\xbb\xadp\xe2q_b\
\x1fx\x92\x1arNM%)\x14b\xbc\xe2\x84\xa3\x14\
QH\x04\xa4\xc5:\x93\x14\x80J)qI@\x09\x8a\
)h\xa4\x03h\xa5\x22\x92\x90\x05gk\xf6b\xefM\
\x90\x81\xfb\xc8\xbet?\xcf\xf4\xad\x1aFP\xca\xcaz\
\x10G\xe9M;;\x8d;jy\xff\x00Z(\xc6\xdc\
\x8fC\x8a+\xac\xec\x13\x14R\xd1\x8a@7\x14\x94\xea\
LS\xb8\x0d\xe9F)h\xc5\x006\x8e\x08 \x80A\
\x18 \xf7\x14\xb4\x98\xa4\x07\x9dk\x9ag\xf6V\xa5%\
\xba\xe7\xca?<G\xd5Oo\xc2\xaa[N\xd6\x97\x09\
2\xf2T\xf4\xf5\x15\xd8\xf8\xce\xc7\xed\x1ar]\xa8\xf9\
\xed\x9b\x9fu?\xfdz\xe2\xeb\xd9\xa1?iN\xec\xf3\
\xeb\xd2Z\xc5\xec\xce\xaa\xca\xfe\xdfPB\xd6\xef\x92>\
\xf2\x1e\x19~\xa2\xa7\xae\x16C%\xb4\xeb<.\xd1\xbf\
f^\xa2\xba\x0d/\xc4\xb1\xdc\x15\x86\xfb\x11Jx\x12\
\x8f\xba\xdf_J*\xe0\xda\x8f==W\xe2|f/\
/\x95)>MW\xe2l\x91E8\x8cRb\xb8\x8f\
4JB)h\xa0M\x09I\x8av)(\x10\xda)\
qI@\x8c\xfb\x8b\x00\xb3,\x88\x0f\x94XnQ\xfc\
5\xa0E\x14V\xb5+J\xa2J]\x02Rmj%\
\x14\xb4\x95\x91!\x8e)\xa4b\x9dE\x02\x19E)\x18\
\xa4\xa0M\x05\x14QA!E\x14P\x01\x8aJZ\x0d\
\x02\xb0\x95\x1c\xf0%\xccf9\x07\x07\xa1\xee\x0dIE\
5'\x17t+\xdbc\x9f\xb8\xb6\x92\xdaM\x92\x0f\xf7\
[\xb1\x15R\xea\xd2;\xa5\xf9\xbeV\x1d\x1cu\x15\xd4\
M\x0a\x5cFc\x91r\xa7\xf3\x15\x8dwc%\xa1\xcf\
\xdf\x8f\xb3\x0f\xeb^\xf6\x13\x1c\xaa{\xb2\xd2_\x9f\xf5\
\xd8\xea\xa5Y\xde\xe9\xd9\x9c\xc5\xc5\xb4\xb6\xcd\x89\x17\x8e\
\xcc:\x1a\x84\x80F\x08\xcdt\x8c\x03)V\x00\xa9\xec\
j\x8c\xfaTO\xccLc>\x9dEz\xd1\xac\xbe\xd1\
\xebR\xc6\xa7\xa4\xf4!\xd2|A\xach-\x9d/R\
\xb8\xb5\x1f\xdcV\xca\xff\x00\xdf'\x8a\xe9\xad>0x\
\x96\xddB\xce\x967X\xee\xd1\xed'\xf1\x15\xc9\xc9\xa6\
\xdd&~@\xe3\xd5M@\xd0\xca\x9fz'\x1f\x85n\
\xa7\xd9\x9dJT\xe7\xb3L\xef\xd3\xe3f\xaa>\xfe\x8f\
d\xff\x00I\x18RI\xf1\xb3Ve\xc4Z=\x94m\
\xeadf\xfd+\xcfJ\x9f\xee\x9f\xca\x80\xacz+~\
U\x5c\xcc~\xce\x1d\x8e\xafP\xf8\xa9\xe2\xcb\xf5*\x97\
\xd1Y\xa1\xe3\x16\xd1\x00\x7f3\xcdr\xb73\xcd{)\
\x9a\xeain%?\xc7+\x16?\xad1\x98!\xc3\x1d\
\xa4u\x06\xa33\xa8\xe83R\xe6\x96\xeci%\xb0\xfc\
b\xaa\xdc\xde\xa49\x0b\xf3?\xa7\xa5V\xba\xbbyI\
Ul/\xb7z\xa8Ei\x15\xd4\xde4\xfa\xb0wi\
X\xb3\x1c\x93M\xa5\xa2\xb5F\xb6\x1ax\xa6\xe2\x9fM\
#\x14\xc46\x8aq\x14\xda\xa0\x12\x8aZJ\x04\x14\x94\
\xbdi(\x00\xa2\x8a(\x01)sE%!\x8bIK\
A\xa0\x04\xa2\x8a)\x00QE\x14\x84\x14QE\x03\x0a\
(\xa2\x81\x85\x14Q@\x052_\xf5f\x9fL\x97\xfd\
Y\xa8\x9f\xc2\xc0}\x14QV\x01E\x14P\x02R\x8a\
AK@\x82\x8a(\xa6 \xa2\x8a)\x8c(\xa5\xe9I\
@\x05\x18\xa2\x96\x80\x12\x96\x8e\x94\x01\x9ab\x00)h\
\xa0\xd0\x02\x85g\xce\xd5f\xc0\xc9\xc0\xce\x05 \xafA\
\xf8G\xf1\x17H\xf8}>\xacum\x0f\xfbR;\xf8\
\x04C\x04e@\xceT\xe7\xb1\xcf$W\x07s$s\
\x5c\xcb$0\x88#wfH\x81\xc8\x8dI\xe1s\xdf\
\x15\x0aN\xed42:Z)qT\xd8\x07JP(\
\x02\x96\xa4\x00R\xd1K\x8aC\xb0R\x81@\x14\xeaC\
\x13\x14\xb4`\xd2\xe2\x90\xc5\x02\x96\x8aP)\x00\x01N\
\xc5 \x14\xe1R\x01KE(\x14\x86\x00R\x81\x9a\x00\
\xcd;\x1d\x85 \x17\x18\xa2\x8aP3I\x8c\x00\xcd>\
\x8aZA`\x02\x97\x14b\x97\x15#\x0ap\x14\x01K\
\x8a\x00T%NGZ\xb6\x8e\x1dr?*\xa8\x05K\
\x1b\x18\xdb?\x9dcR<\xc5#F\xca\xe8\xdaK\x93\
\x92\x8d\xf7\x87\xf5\xad\xc5!\x942\x90T\x8c\x83\xeb\x5c\
\xe0\xc3\x0c\x8e\x95{N\xbd\xf2\x1b\xca\x90\xfe\xed\xba\x1f\
\xee\x9a\xe6h\xd13Z\xba\xfd\x13S\xfe\xd0\xb6\xdb!\
\xff\x00H\x88a\xff\x00\xda\x1d\x8dr8\xc5Kks\
-\x9d\xc2\x5cBp\xe9\xf9\x11\xe8k6\xaeU\x8e\xea\
\x8a\x82\xca\xf2+\xfbu\x9e\x13\xc1\xe1\x97\xba\x9fCS\
\xe2\xb3\x10b\x96\x8a)\x00W\x1d\xe3}\x13c\x8d^\
\x05\xf9X\x85\xb8\x03\xb1\xe8\x1a\xbb\x10)%\x8a;\x88\
\x9e\x19\x944r)V\x07\xb8\xa6\x9d\x98\x1eII\xb4\
)\xabZ\x85\x84\x9a]\xec\xd6r\x83\xba&\xc0?\xde\
^\xc7\xf2\xaa\xf8\xc8\xad\xe3-I\x1a\x06i\xc0Q\x8a\
p\x15\xa0\x09\x8ap\x19\xa0->\x90\x09\x8cR\xe2\x94\
\x0a]\xb9\xe9P\xd7a\x96-/Z\xdc\xecl\xb4~\
\x9d\xd7\xe9Z\xc8\xca\xea\x1dHe=\x08\xac 1S\
\xda\xdc\xbd\xb3\xe4r\x87\xaa\xfa\xd6l\xa4\xcd\x803J\
\x06)\xb1H\x93 x\xceT\xfe\x95&*J\x13\x15\
f\xc6\xf2K\x0b\x814c#\xa3/\xf7\x85W\x034\
\xb4\x98\xce\xce\x09\xa3\xb9\x89f\x89\xb7#r\x0f\xf4\xa9\
+\x98\xd1\xafd\xb5\xbaX\x80\xdd\x1c\xc7\x05}\x0f\xa8\
\xae\x9c\xf0k6\xacM\x82\x91\xd1%\x8d\xd2@\x0cl\
\xa40=\xc5;\x15\x97\xe2]C\xfb?KuC\x89\
\xae?v\x9e\xc3\xb9\xfc\xa9n\x07\x05\x80\xa4\x85\xe5A\
 }3V!\x5c\xaf5\x12\xa8^\x05[\x8a<(\
\xcdl \x0bO\x0b\x8ap\x1e\x94\xe0\xbe\xb4\x5cb\x01\
\x9ap\x5cS\x82\xe6\x9e\x16\x90\xec4-<.)\xc1\
sO\x0bHcB\xfa\xd3\xc2\xd2\x85\xa7\x85\xa9\xb8\x15\
\xeeW\xf7_\x8dT\xdb\x91\x8a\xd1\x9ds\x0bU \xb5\
\x94\xf7:\xa8\xfc'Ofw\xdaB\xde\xa8*p*\
\xb6\x92wi\xf0\xe7\xb6G\xebW\x00\xc5y\x92Vl\
\xf6`\xef\x14\xc4\x0bK\xf4\xa7\x01\x9aP)\x14 _\
Zp\x14\xa0R\x81@\x8b:`\xff\x00L_\xa1\xad\
\x80++L_\xf4\xc5\xfa\x1a\xd8\x02\xbc\xfc_\xc6i\
\x07\xa0\x81i\xc0R\x85\xf5\xa5\xaea\x89\x8a\x5cR\xe2\
\x94\x0a`&)qJ\x05.(\x10\x81iq\x8a\x5c\
R\xe2\x98\x08\x05.)qN\x02\x98\x86\xe2\x94-;\
\x14\xa1h\x10\x98\xa5\xdbJ\x06)v\xd0\x17\x10\x0aP\
)@\xa5\xc51\x09\x8a\x5cR\xe2\x94\x0av\x0b\x89\x8a\
\x5cR\x85\xa5\xc0\xa0W\x1a\x05.\xda^\xb4\xc9\xa7H\
\x07\xccr\xdd\x94u\xaaQm\xd9\x08~\x05W\xd4o\
\xe1\xd2\xecg\xbd\xb8m\xb1B\xa5\x8f\xbf\xb5X\x8c\x87\
E\x7fQ\x9a\xf3O\x8a\xbe!\xf3f\x8fD\x81\xfeX\
\xf0\xf3\xe3\xb9\xec?\xadtap\xee\xb5U\x0f\xbc\x99\
\xcb\x95\x5c\xe1umJmcQ\x9e\xfas\x99&l\
\xe3\xd0v\x1f\x95U\xc5(\x14\xb8\xaf\xaeI%dq\
\x8d\xc7`2{\x0a\xeb\xb4\xdb!cf\x91\x1f\xbe~\
g>\xa6\xb1\xf4\x0b\x1f\xb4]y\xee?w\x0f?V\
\xed]&2k\x8b\x15S^D}\x16M\x86\xb2u\
\xe5\xd7E\xfa\x95\xafe\xf2\xe1\xda\x0f\xcc\xfcVv*\
{\x99<\xe9\x8b\x0f\xba8\x15\x1e\x00\x19<\x01^\x8e\
\x16\x97\xb3\xa6\x93\xdd\x93\x8a\xad\xed*6\xb6E[\xb7\
\xc2\x04\x1d[\xaf\xd2\xaa\xed\xa9d\x7f1\xcb\x1e\xf4\xdc\
V\xad\xdc\xf2\xe7+\xbb\x8d\x0a*\xbb\x9d\xecMO1\
\xc2\xe3\xb9\xa8qYM\xf49\xeaK\xa0\xdcR\xe2\x9d\
\x8a\xb1ahon\xe3\x87\xb19c\xe8\x07Z\xcd\xb4\
\x95\xd9\x10\x83\x9c\x94c\xbb6\xb4\x1b?\xb3\xda\x19\x98\
a\xe6\xe7\xe8\xbd\xabK\x14\xed\xa0`\x01\x80\x06\x00\xa3\
\x15\xe4\xceNRrg\xdbP\xa4\xa8\xd3T\xe3\xd0L\
Q\x8av(\xc5I\xad\xc8\xe5q\x14e\xcfn\x9fZ\
\xca9bI<\x93\x93V\xef\xa4\xdc\xe21\xd1y?\
Z\xad\x8a\xf60T\xb9!\xcc\xf7g\x8b\x8e\xad\xcf>\
U\xb2\x1b\x8a1O\xc5\x18\xae\xcb\x9cW\x1b\x8a1N\
\xc5.(\xb8\x5cn(\xc5;\x14\xb8\xa0C1K\x8a\
v)q@\x0c\xc5\x18\xa7\xe2\x8cP\x03v\xd1\x8av\
(\xc5\x16\x02\x0b\xa5\xfd\xc3~\x15Kmh\xdc\x0f\xdc\
=Q\xc5K9\xea\xee3m\x1b~\x94\xfcQH\xcc\
n\xda6\xd3\xa9h\x01\x9bh\xdbO\xa2\x80\x19\xb6\x8d\
\xb4\xfa(\x01\x9bh\xdbO\xa2\x80#\xdb\xf4\xa3o\xd2\
\x9fE\x003m\x1bi\xf8\xa3\x14\x00\xcd\xb4\x98\xa91\
F(\x02<Q\x8a\x93\x14\x98\xa0\x08\xf1F*M\xb4\
m\xa0\x08\xf1I\x8a\x93m&\xda\x00f(\xc5?o\
\xb5&(\x01\xb8\xa4\xc5?\x14\x98\xa4;\x8d\xe6\x8c\x9f\
Zv)1L\x99B2\xf8\x95\xc4\xdch\xdciq\
F)\xf3>\xe6/\x0bA\xef\x05\xf7\x09\xbc\xd1\xbf\xda\
\x8cQ\x8a9\xdfr\x1e\x07\x0e\xfe\xc2\x13\x7f\xb5!s\
\xe9K\x8aLS\xe7\x97p\xfa\x86\x1f\xf9\x10\x85\xcd!\
$\xd3\xb1I\x8aNM\xf55\x8e\x1a\x8c~\x18/\xb8\
\x8c\x82i\x08\xa91I\x8aF\xe4x\xa3\x14\xf2\xb4\x85\
h\xb8\x0c\xc5&)\xf8\xa4\xc50\x19\x8a\xb5g\x1e\x03\
>:\xf0*\x0czV\x84i\xe5\xa0_AM\x1a\xd2\
Ww+\xdf\xa6\xebG\xf6\xc1\xac|V\xfc\xa9\xbe'\
_Pk\x0b\x1cVUV\xa6X\xa5\xef&7\x15\xd6\
|8\x9ff\xad<\x19\xff\x00[\x16q\xf4\xaeW\x15\
\xb1\xe0\xe9\xfe\xcd\xe2;6'\x01\x98\xa1\xfcEsU\
W\x83G\x1c\xd5\xe2\xcfV+\xebM+S\x91\xebM\
*\x0dy\x87\x11\x09Zi_Z\x9c\xa1\xedM+\xea\
(\xb8\x88\x0a\xfaR\x11\xea*b\xb4\xd2\xb8\xa6\x04%\
i\xa5jb\xa0\xd2\x15\xa6\x04%i\x85*r)\xa5\
h\xb8\x10\x15\xf6\xa6\x95\xa9\xca\xd3J\x8a.\x04\x05H\
\xa4\xc5LT\xd3\x08\xa6\x03\xedt\xeb\x9b\xe1)\xb7\x8c\
:\xc2\xbb\x9d\x89\x00(\xfa\xd6d\xcf\xbc\xe3\xb5Z\x92\
\xeaTI!\x8aFX\xe4\xc6\xf5\x07\x86\xc7J\xaa\x14\
\xb1\x0a\x14\x96'\x00\x0e\xe6\xb2\x9c\xba\x14\x90\xc8\xe0y\
\xe5X\xa2R\xd21\xc2\x8a\xea\xf4\xdd5t\xf8\x84H\
<\xc9\x9f\xef\xb0\x1fx\xfa\x0fjv\x87\xa1\xbc<*\
\x07\xb9q\xf3\x1e\xc8=+\xae\xb1\xd3\xa2\xb1\x5c\x8f\x9e\
S\xd5\xcf\xf4\xaf7\x11^\xfa-\x8d\xe2\x94u{\x94\
,\xb401%\xdf'\xb4c\xa0\xfa\x9a\xd6P\x15v\
\xa8\x01G`8\xa7\x91M#\x15\xc2\xdd\xf7%\xbb\xee\
s\x9a\xc5\x80\xb5\x9b\xcd\x8dq\x14\x9d\x87\xf0\x9fJ\xcf\
\xc5u\xf3\xc6\x93B\xf1\xc82\x85Nk\x90%Q\x0b\
\xb3\x00\x8a2X\xf6\x15\xa4\x1d\xd1\xb4%u\xa9Z\xfa\
\xee+\x0bv\x9e^q\xc2\xafv>\x95\xc6\x5c\xcd-\
\xd4\xef<\xa7s\xb9\xe7\xdb\xda\xae\xea\xb7\xed\xa9\x5c\xef\
\xe4D\xbcF\xbe\x83\xd7\xf1\xaa$`g\xb0\xafN\x8d\
>E\xae\xe65'w\xe4Dp\x06Mz\x0f\x82\xfc\
#\xf6\x05MSP\x8f\xfd)\x86a\x89\xbf\xe5\x88\xf5\
>\xe7\xf4\xaa\xde\x09\xf0\xa0\x90\xc7\xab\xdf\xc7\xc0\xf9\xad\
\xe2a\xd7\xfd\xb3\xfd\x05w'\xd4\xd76+\x11\xf6#\
\xf3!!)1N\xa4\xaf:\xc5\x09I\x8av))\
\x00\xdcQN\xc54\x8aC\x12\x8a\x5cRR\xb0\x83\x14\
\x86\x96\x8a@6\x8a\x8e\xea\xea\x1b8\x8c\xb3\xb8E\xed\
\xeaO\xa0\xaev\xf7\xc477\x04\xa5\xb8\xf2\x13\xd7\xab\
\x1f\xf0\xaa\x8c[*1r\xd8\xe9]\x961\x97uA\
\xfe\xd1\xc5VmJ\xc9\x0f7P\xfeu\xc6\xccKe\
\xe6\x90\x9fVv\xaa2\xea\xdae\xbbm\x92\xf6\x05>\
\x80\xe7\xf9V\xb1\xc3\xb9|:\xfa\x16\xe9\xc6?\x13\xb1\
\xdf\x7fki\xff\x00\xf3\xf9\x15T\xbe\xf1\x0d\x9cP8\
\xb7\x94M1\x18P\xa3\x81\xeeMr0^\xda]\x7f\
\xa8\xb9\x86O`\xdc\xd4\xc5H\xe0\x8cP\xe8\xf2\xbb1\
\xc6\x9c^\xb7\xb8\xc01GZR1IVn%\x14\
\xb4b\x80\x12\x93\x14\xb4R\x01))\xd8\xa4\xa0\x06\xe2\
\x92\x9d\x8aJ`G=\xba\xddA%\xbb\x8f\x96U(\
\x7f\x1a\xf3\x07\x89\xa1w\x89\xfe\xf21S\xf8W\xa9c\
\x15\xc2x\xae\xd0[kR\xb2\x8c,\xc0H?\xadv\
\xe0\xa7\xab\x89\xcf\x88Z&a\x5c&c>\xd5L\x8c\
\xd6\x89\x19\x04U6\x8f\xd2\xbd\xec3\xbah\xf21T\
\x9b|\xc8\xbd\xa4\xeb\xf3i\xd8\x86l\xcdm\xfd\xdf\xe2\
O\xa7\xf8WW\x04\xf1]\xc2\xb3A \x926\xe8\xc2\
\xb8\x22*{\x0dB\xe3M\x9b\xcd\x81\xba\xfd\xe4?u\
\xc7\xbdc\x89\xc1\xaa\x9e\xf44\x7f\x99\xe1\xe2pj\xa7\
\xbd\x1d\x19\xdc\xd2Um;S\xb7\xd5\x22\xdf\x11\xdb\x22\
\xfd\xf8\xcfU\xff\x00\x11V\xab\xc7\x94\x5c_,\x96\xa7\
\x8f(\xb8\xbbKq(\xa0\x8cQRCBRS\xa9\
1@\x86\xd1KE\x02\x12\x8a(\xa0Bb\x8aZL\
P \xa6\x91N\xa2\x81\x0c\xa2\x9cE6\x814\x14Q\
E\x04\x85\x14Q@\x01\x14\x94\xb4\x11@\xac%\x1dA\
\x04d\x1e\xa2\x8a)\x12g\xdc\xe9J\xc4\xb5\xb9\xd8\x7f\
\xb8z\x1a\xcd\x96\x19!m\xb2!S\xef]\x15gj\
\xd7\x18Ql\xbdO-\xed\xe8+\xd5\xc1b\xea\xcaj\
\x9b\xd4\xda\x9dI7c.\x8c\x9fZZLW\xb2t\
\x09\xcdS\xd4\xf5\x0f\xb0\xc5\x84 \xce\xff\x00tz\x0f\
Z\x9e\xee\xe9,\xe02\xbf=\x95\x7f\xbck\x99\x9aW\
\x9eV\x96C\x97n\xb4\xd2:\xb0\xd49\xdf4\xb6#\
$\xb1%\x8eI\xe4\x93\xde\xab\x5c\xcb\x8f\xdd\xa9\xe7\xbd\
K<\x9eZ\xf1\xf7\x8fJ\xa4y\xeb]4i\xdf\xde\
g\xb5J\x1dX\xdaCKEu\x9d\x03\x08\xa4\xa7\x91\
M\x22\x98\x09IKEP\x86\x11\x8aB)\xe6\x9aE\
1\x0d\xa2\x94\x8aJ\xa0\x12\x8aZJ\x04%\x14\xa6\x92\
\x80\x0a(\xa2\x90\x09KE%\x03\x0a)h4\x00\x94\
QE \x0a(\xa2\x90\x82\x8a(\xa0aE\x14P0\
\xa6K\xfe\xac\xd3\xe9\x92\xff\x00\xab53\xf8X\x0f\xa2\
\x8a*\xc0)(\xebKHAE\x14S\x10QE\x14\
\xc6\x14\xbd(\x14\x94\x00QE/j`\x1d(\xa2\x93\
\xad\x02\x0e\xb4\xea\x00\xa0\xd0\x01\x9a\x00\xa0\x0aZ\x06\x14\
\xb4\x94\xe1I\x80b\x94\x0e\xf4\x0eij@)i\xd1\
D\xf2\xb6\xd4R\xc6\xb4\xed\xf4\xc4O\x9aS\xbd\xbd;\
\x0a\x89MGp3\xa2\xb7\x92c\xf2!>\xf5v-\
)\x8f28\x1e\xc2\xb4B\x800\x00\x03\xda\x9f\x1co\
3m\x89\x19\xcf\xa2\x8c\xd6\x0e\xab{\x0a\xe5D\xd3\xa0\
^\xaa[\xeaje\xb6\x85>\xecj+J=\x1a\xf6\
A\x92\x8b\x18\xff\x00i\xaau\xf0\xfc\x87\xef\x5c\xa0\xfa\
-Cras#\xcbO\xee\xaf\xe5Ha\x8d\xb8(\
\xa7\xf0\xad\xa3\xe1\xf3\xff\x00?+\xff\x00|\xd2\x0f\x0f\
L\xdf\xea\xe6W?\xee\x9aVb\xba0\x9bO\x81\xba\
)_\xa1\xa8$\xd3\x18r\x8c\x1b\xd8\xd7J|/\xab\
\xe3)d\xf2\x0fU#\xfa\xd6}\xc5\xbc\xf6\x8f\xb2\xe6\
\x19!oG\x5cSR\x92)3\x05\xe2x\xce\x1dH\
\xa4\xad\xb6Ua\x86\x00\x8fz\xab6\x9c\xa7\xe6\x88\xe0\
\xfa\x1e\x95j\xa2{\x96\x99\x9e\x05(\x19\xa74O\x1b\
mu \xd2\xe3\x1cU\x5cbt\xe2\x96\x8ap\x19\xa4\
0Q\x9au\x15\xd6\xfc2_\x087\x89\x7f\xe2\xb4;\
l\x04D\xc6X\xb7\x97\xe6\x7f\xb5\xb7\x9a\x96\xed\xa8\x1c\
\x98\xa5\x02\xba\xbf\x89P\xf8J/\x12g\xc1\x93\x094\
\xf7\x884\x81wlI=\x17w8\xaeT\x0c\xd4\xa7\
q\x85;\x14\x01J(\x00\x02\x9c\x06h\x034\xe0)\
60\x02\x9c\x05\x00S\x80\xa9\x01\xf1>\xd3\x8e\xc6\xa7\
\xc5V\x02\xa5\x89\xbb\x1a\xc6\xa4o\xaa)\x1a\xdam\xef\
H%?\xee1\xfeU\xa5\x5c\xee3Z\xfa}\xe7\x9e\
\xbeT\x87\xf7\xa3\xa1\xfe\xf0\xac\x19\xa4Y\xab\xa7\xdf\xcb\
\xa6\xdcy\xb1\xfc\xcaxt\xec\xe2\xbb\x0b[\xa8o \
Y\xe0m\xc8\x7f0}\x0dp\xe0U\xad;P\x97M\
\xb8\xf3\x13,\x8d\xfe\xb1;0\xff\x00\x1a\x86\xae6\x8e\
\xce\x97\x14\xd8\xa4I\xa2Yc;\x91\xc6A\xf5\x14\xea\
\xccAG\x1dI\x00\x0eI=\x85\x15\xcb\xf8\xcf\x5c\xf2\
P\xe9V\xcf\xfb\xc7\x1f\xbfa\xfc#\xb2\xfdM\x09]\
\x81\xcek\xda\x8a\xea\xda\xb4\xf7I\xfe\xaf\x84\x8f\xfd\xd1\
\xde\xa8b\x80)q\x9a\xde(Bb\x9c\x16\x94\x0cR\
\xe2\xb4\x10R\x81J\x058-+\x8c@)\xc0R\x81\
N\x02\xa5\xb0\x13h\xa4\xc1\xa9\x00\xa5\xdb\x9e*Z\x1d\
\x82\xde\xe1\xed\x9frr\x0fU\xf5\xadx%K\x84\xde\
\x87\x8e\xe3\xb8\xacb\x9bi\xf0\xca\xf08t<\xf7\x1e\
\xb5\x0ci\x9btb\xa3\xb7\x9d.\x13ru\x1dW\xb8\
\xa9\x80\xa8,\xb7\xa3\xc7\xe6jp\x0e\xc0\x96\xfc\x85u\
U\xcf\xf8v=\xd7\x8e\xff\x00\xdcO\xe7]\x0dD\x84\
\xc0\x01\xd4\x9c\x01\xc9>\x82\xb8\x1doR:\xb6\xa0\xd2\
\xaf\xfa\x94\xf9\x22\x1e\xde\xbf\x8dt^,\xd4\xfe\xcdl\
,blK8\xcb\x91\xd5S\xff\x00\xaf\x5c\x92\xaf@\
\x058\xae\xa2b\xc5\x1e[\x9e\x82\xac\x81\x9a#\x8fj\
\xe2\xa4\x0b\x9a\xbb\x82B\x05\xa7\xaa\xd3\x82\xe2\x9e\x16\x91\
C@\xa7\x85\xa7\x05\xa7\x05\xa4\xd8\x08\x16\x9e\x05(\x14\
\xf0\xb4\x864-<-(ZxZW\x029\x131\
\xb0\xf6\xaa!qZ\x9br\x08\xac\xed\xb8\xe3\xbde3\
z=M\xad\x0c\xe6\xcd\x97\xfb\xae\x7fZ\xd2\x02\xb2\xb4\
\x16\xe6t\xfa5k\x81\x5c\x15U\xa4\xcf^\x8b\xbc\x10\
\x80S\x80\xa5\x02\x9c\x06*\x0d\x04\x0bN\x02\x94.i\
\xc0b\x90\x164\xd5\xff\x00LL\xfa\x1a\xd8\xac\x9d8\
\x7f\xa6'\xd0\xd6\xc6+\xcf\xc5|e\xc1\xe8&)@\
\xa5\x02\x97\x15\xceP\x80R\xe2\x94\x0a\x5cS\x00\xc5\x00\
R\xe2\x9d\x8ab\x1a\x05;\x14\xb8\xa5\x02\x81\x5cLR\
\x85\xa7b\x94\x0a\x047\x14\xe0)qK\x8av\x01(\
\xc5(\x14\xe0\xb4\xc5q\xb8\xa5\x034\xec\x01K@\x84\
\xdb\xebK\xf4\x14m\xa5\x02\x9d\x80LR\x81J\xc4\x22\
\x96s\x85\x1d\xeb>\xe2\xe4\xcd\xf2\xaf\xca\x9e\x9e\xb5\xad\
:noA9X\x96{\xcc|\xb0\xf2\x7f\xbd\xfe\x15\
L\x82I$\xe4\x9e\xf4\xe0)v\xd7l \xa3\xa23\
m\xb1\xda\xa6\xad\x16\x83\xa1I\x7f/H\x93\xe5\x1f\xde\
c\xd0W\x83\xdd\x5c\xcb}s-\xcc\xed\xbaYX\xbb\
\x1fRk\xb5\xf8\x9d\xae\xfd\xaa\xf2\x1d\x1e\x06\xfd\xd5\xa0\
\xcc\x98\xfe'#\xfaW\x11\xb6\xbd\x5c\xbb\x0f\xec\xe0\xe6\
\xf7\x97\xe4eRWv\x1a\x05(B\xc4\x05\x19$\xe0\
\x0fSN\xc5j\xf8~\xcf\xce\xb97\x0c>Hz{\
\xb1\xae\xe9\xcdF.Lxz.\xb5EN=M\x9b\
\x0b1ch\x90\x8e\xa3\x96>\xa6\x96\xeeO*\x12\x07\
\xden\x05X\xc6k6\xeeO6c\x8f\xba\xbc\x0a\xe3\
\xc2\xd3uj\xdd\xfa\x9fY\x89\x9a\xa1G\x96\x1e\x88\x80\
\x0cT7o\xb5\x02\x0e\xad\xd7\xe9V1\xebT%o\
2B\xdd\xbb}+\xd9\x93<\x0a\x92\xb2\xb1\x1e)q\
K\x8al\xa7j`u5\x0d\xd8\xe5n\xca\xe4\x0ew\
\xb1=\xbbRb\x9c\x05\x18\xac\x0ef\xef\xa8\xdcWA\
\xe1\xebO.\x06\xb9a\xcc\xbc/\xfb\xa2\xb1\xad\xed\xda\
\xe6t\x85:\xb9\xc7\xd2\xba\xf4\x8dbE\x8d\x07\xca\xa3\
\x02\xb9qS\xb2\xe5\xee{\x19=\x0ej\x8e\xab\xd9~\
\x7f\xf0\xdf\x98b\x8cS\xb1K\xb6\xb8O\xa3\xb8\xdcR\
;\x88\xd1\x9c\xf4\x02\xa4\xc5T\xd4\x1f\x0a\xb1\x8e\xfc\x9a\
\xd2\x8d?i5\x13*\xf5}\x9c\x1c\x8a',K\x1e\
\xa7\x93F\xdav(\xaf~\xc7\xcf\x5cLQ\x8a\x5cR\
\xe2\x80\x1b\x8a\x5cR\xe2\x97\x14\x08m\x14\xecQ\x8a\x00\
n)qN\xc5\x18\xa0\x06\xe2\x8cS\xb1K\x8a\x00f\
(\xc5?\x14b\x80\x22\x99s\x13\xfd*\x86+M\xd7\
(\xc3\xda\xb3\xc0\xe2\xa5\x98U\xdd\x0c\xc5.)\xd8\x14\
`T\x99\x0d\xc5\x18\xa7b\x8cP\x03qF)\xd8\xa3\
\x14\x00\xdcQ\x8av(\xc5\x007\x14b\x9d\x8a1@\
\x0d\xc5&)\xf8\x14m\xa0\x06b\x8cS\xf1F\xda\x02\
\xe31F)\xfbh\xc5\x01q\x98\xa4\xc5?\x14b\x80\
\xb8\xccQ\x8av(\xc5\x006\x92\x9f\x8aLS\x01\xb8\
\xa3\x14\xecQ\x8aC\x19\x8a6\xd3\xb1F(\x01\x9bi\
6\xd4\x94\x98\xa6\x03\x08\xa4\xc5I\x8a1@\x11b\x8c\
T\x9bi6\xd0\x04tb\x9f\xb6\x93\x14\x80f(\xc5\
8\x8a1@\xee3\x14\x98\xa7\xe2\x8cP\x04x\xa4\xc5\
I\x8aLS\x01\x98\xa4\x22\x9f\x8aB(\x01\xd6\xd1o\
\x94z/&\xaeb\x9bk\x1e\xd8\xf7wj\x97\x15k\
c\xaa\x9a\xb4Fb\xb0\xa5M\x92:\xfa\x13[\xf8\xac\
\x8b\xf8\xf6\xdd?\xbe\x0dgUis\x1cR\xf7S*\
\x11SX\xcam\xaf`\x98pRE?\xad0\x8ai\
\x1c\x1cW9\xc4{\x98;\xd40\xe8\xc34\x85j\x0d\
\x16\x7f\xb5\xe9\x16s\xf5\xdf\x12\x9c\xfe\x9f\xd2\xad\x95\xaf\
!\xab;\x1c-\x11\x15\xa4\x22\xa5\xdbM\x22\x81\x11\x14\
\x07\xda\x9aP\x8fz\x98\xad&\xda\x00\x80\x8c\xd3J\xd4\
\xe4g\xa8\xa6\x94\xf4\xa7p #\xd4R\x15\xf4\xa9\x8a\
\xe3\xb50\xad;\x88\x84\xae)\xa4T\xe4SJ\x83@\
\x10\x95\xaa\xd7\x0e\x00\xda:\xf7\xab3\xb7\x960:\x9a\
\xa4y\xebQ)t)\x22\x12\xb8\xae\xa3\xc3^\x1a\x95\
\xf1u:\xec'\xa1#\xee\x0foz\x9b\xc2~\x1a[\
\x8d\xba\x95\xecy\x8f\xac1\xb7\xf1\x7f\xb4}\xbd+\xb3\
\xc7\xb6+\xcf\xc4W\xfb\x114\x8e\x9a\x90[\xdbEk\
\x10\x8e%\xda;\xfa\x93\xefO\xc5<\x8aJ\xe0\x18\xdc\
\xd1KMfX\xd5\x9d\x8e\x15FI\xa5`(k7\
B\x0b\x7f%O\xef%\xe3\xe8+\x80\xf1\x0d\xfeO\xd8\
b?(\xe6R;\x9e\xc2\xb6\xb5\xed]\xa2W\x9f?\
\xbf\x97\x88\xd7\xfb\xa3\xd7\xf0\xae<\x83\x92I$\x9eI\
\xf5\xae\xfc5+{\xccr|\xab\x94\x80\xadt>\x0f\
\xf0\xcf\xf6\xbd\xc7\xdb.\xd3\xfd\x0a\x13\xc2\x9f\xf9l\xde\
\x9fAT\xb4=\x12]v\xfdm\x90\x94\x89~i\xa4\
\xfe\xe2\xff\x00\x89\xafR\x82\xda+8#\xb7\x81\x02E\
\x18\xda\xaa;\x0a\xd3\x13_\x91r\xc7s5\xa8\xec\x0f\
L}(\xa5\xa4\xc5yE\x08E&)\xd8\xa4\xa0c\
h\xa7\x11I\x8aB\x1b\x8a)h\xc5+\x00\xdcRS\
\xa9\x0d!\x89\x8a\xc9\xd7\xbcM\xa6\xf8v-\xd7\x92\xe6\
V\x19H\x13\x97\x7f\xc3\xb0\xf75\x97\xe3/\x19\x8d\x08\
\x1b\x1b\x1d\xb2j\x0c2I\xe5`\x1e\xa7\xd4\xfbW\x96\
\xdcK-\xd4\xcf=\xc4\x8f,\xcer\xd29\xc9&\xbd\
l\x0eX\xeb.z\x9aG\xf39\xaa\xe29t[\x9d\
\x0e\xa9\xe3\xdb\xab\xf9\x9aU\xb5U=\x17{gh\xf6\
\x02\xb1\xae<E\xaa\x5cd\x1b\xa3\x18\xf4\x8dB\xd3t\
\xcd\x1e\xf7X\x9c\xc3e\x09\x90\x8f\xbe\xe4\xe1S\xeak\
\xaf\xb1\xf8ug\x18\x07P\xbb\x92\xe1\xfb\xac_\x22\x8f\
\xc7\xa9\xafv\x9e\x0a\x8c>\x18\xaf\xcf\xf38\xe7\x89\x9f\
Y\x1e\x7f3\xcb1\xcc\xb2<\x87\xfd\xa6&\xa2\xda;\
\x00+\xd6S\xc1\xda\x04c\x1f\xd9\x91\xbf\xbb\xb1'\xf9\
\xd3'\xf0_\x87\xe7\x1f\xf2\x0eX\x8f\xacNT\xd7Z\
V\xd0\xe6uQ\xe4\xc5\x009\xc7>\xb5r\xd3Y\xd4\
l\x08\xf2.\x9fh\xfe\x07\xf9\x87\xeb]\x96\xa1\xf0\xd6\
&\x05\xb4\xeb\xe6F\xed\x1c\xeb\x91\xff\x00}\x0a\xe4u\
]\x0bQ\xd1\x9c\xad\xed\xab\xc6\xbd\xa4\x1f2\x1f\xc4R\
\x9c\x14\x95\xa6\xae\x8d!R\xce\xf1f\xb5\xa7\x8dA\xc2\
\xde\xda\x11\xfe\xdcG\xfaV\xcd\xa6\xb1\xa7\xdf`At\
\x85\xbf\xb8\xff\x00)\xfdk\xcf\xf0\x08\xcd4\xa8=k\
\xce\xab\x95Q\x9e\xb1\xd0\xec\x86:\xa4~-ON*\
GQI\xd2\xbc\xf6\xd3V\xd4,8\xb7\xba\x91G\xf7\
[\xe6_\xc8\xd6\xbd\xb7\x8d\xa6N.\xec\xd2O\xf6\xa3\
m\xa7\xf2\xaf:\xa6SZ?\x05\x99\xd9\x0c}9|\
Z\x1d_ZJ\xc4\x87\xc6:d\x9f\xeb\x04\xf0\xfdW\
w\xf2\xab\xd0\xebze\xcf\xfa\xbb\xe8s\xe8\xc7i\xfd\
k\x8exZ\xd0\xf8\xa2\xfe\xe3\xa65\xe9\xcbi\x22\xed\
\x14)W\x19GF\x1e\xcc\x0d\x0cU\x06Y\xd1~\xac\
\x05acA)1P\xc9\xa9X\xc3\xc4\x97\x96\xeb\xf5\
qUd\xf1\x1e\x8f\x17[\xe8\xcf\xfb\xa0\x9f\xe9ZF\
\x8dI|1o\xe4C\xab\x05\xbbE\xfa\xe6\xfcok\
\xba\xda\xd6\xe8\x0ecc\x1b}\x0d\x5c\x93\xc6\x1a:\x0f\
\x96i\x5c\xfa\x08\xcdek^)\xb0\xd4t\xe9m#\
\xb7\x9fs\xe0\xab\xb6\x00\x04\x1a\xeb\xc3\xe11\x0aj\x5c\
\x8c\xc6\xae\x22\x97+\x5c\xc8\xe6\xaa\xb3\x8c1\xab;\x81\
\xf65\x0brM{xxJ\x12jH\xe0\x94\x94\x95\
\xd3 d\x0dQ2\x91\xd6\xac\x11\x8ai\x00\x8ek\xad\
\xab\x9c\xf5))j\xb7\x22\x86i-\xa5Y\xa1s\x1c\
\x8b\xd1\x87j\xeb\xb4}n=MDR\x01\x1d\xd0\x1c\
\xafg\xf7\x1f\xe1\x5c\x8b.\xdah%X:\x12\xac\x0e\
A\x1dA\xae\x5cF\x1e5U\x9e\xfd\xcf3\x11\x86U\
\x15\xa5\xa3=\x06\x8cVF\x89\xae\x8b\xec[\x5c\x90\xb7\
?\xc2\xdd\xa5\xff\x00\x03[\x15\xe1\xd4\xa7*r\xe5\x91\
\xe1T\xa7*r\xe5\x90\xda)H\xa4\xac\xcc\xda\x10\x8a\
Ju!\x14\x12%%:\x92\x81\x09E\x14P \x22\
\x92\x96\x82(\x10\x94\x84R\xd1@\x86QN#4\xda\
\x04\xd0QE\x14\x12\x14QE\x00\x18\xa4\xa5\xa0\xe3\xb9\
\xc0\xf5\xa0V\x22\x9eu\xb7\x89\xa5n\xdd\x07\xa9\xac'\
v\x95\xd9\xdc\xe5\x98\xe4\xd4\xf7\xd7_j\x97\xe5\xff\x00\
V\xbc(\xf5\xf7\xaa\xd5\xef\xe0p\xfe\xca<\xd2\xdd\x9d\
\x14\xe1\xca\xae\x14\xc9\x1dbF\x91\xdbj(\xc9>\x94\
\xfcf\xb0u[\xff\x00\xb5?\x93\x19\xfd\xca\x1e\xbf\xde\
5\xdct\xd1\xa4\xeaJ\xc5k\xeb\xc6\xbe\x9b\xcc< \
\xe1\x17\xd0UGp\x8aI\xa7\x9f\x94d\xf4\xaar\xbf\
\x98\xd9\xed\xda\xb6\xa7\x0eg\xe4{\x94\xa9-\x96\xc8\x8d\
\xd8\xb3\x16=\xe9\x84S\xf1M#\x15\xda\x8e\xcb\x0d#\
4\xday\x14\x84f\x98\x0d\xa4\x22\x96\x8a\xa1\x0c\x22\x92\
\x9eE4\x8a\x10\x0d4R\xd2\x1a\xa4H\xd2)\x08\xa7\
Wm\xf0\x8fE\xf0\x86\xb9\xe2\x86\x87\xc6z\x82\xdaX\
G\x09t\x8d\x98\xa0\x9d\xbd\x0b\x0f\xbb\x8e\xbe\xf4J\x5c\
\xaa\xe0p\xd4U\xfdz\x0b\x0bmj\xfa\x1d*sq\
`\x93\xb0\xb7\x94\x82\x0b\xa6x<\xd5\x0a\xa4\xee\xae\x01\
Hii)\x88J)H\xa4\xa0\x02\x8cQE \x10\
R\xd0h\x14\x0c\x0d%-%\x00\x14QE&\x80(\
\xa2\x8aB\x0a(\xa2\x81\x852_\xf5f\x9fL\x97\xfd\
Y\xa9\x9f\xc2\xc6>\x8c\xd1\x9a\x05P\x80QE\x14\xc4\
\x14QE1\x85\x02\x8aZ`\x06\x92\x8a\x05\x00(\xa2\
\x8e\xb4\x1a\x10\x84\xa7\x01H\x05-\x00\x06\x8a(\xa0b\
\xd0(\x02\x96\x90\x05(\xebE:\x90\x05Y\xb5\xb3{\
\x93\x9f\xba\x83\xabR\xd9Y\x9b\x86\xcbp\x83\xaf\xbdl\
\x22\xaa(U\x00\x01\xd0V5*[D\x03a\x85!\
M\xa8\xb8\x1f\xce\xa7\x82\x09nd\xf2\xe1B\xed\xfa\x0f\
\xadY\xd3\xf4\xb9/\x8e\xf2Lp\x0e\xad\xdd\xbd\x85t\
\x10A\x15\xb4b8P\x22\x8f\xd7\xeb\x5c\xf6\xbe\xac\x86\
\xcc\xfb]\x0a(\xf0\xd7-\xe6\xb7\xf7G\x0a?\xc6\xb4\
\xd1\x16%\xdb\x1a\x84_@)i\xd0\xc3%\xc4\xab\x14\
K\xb9\xdb\xa0\xaa\xb17\xb8\xd0\x09 \x00I<\x00:\
\x9a\xd4\xb4\xd0f\x94\x07\xb8o%\x7f\xba9c\xfe\x15\
\xa5\xa7\xe9\x91X.\xee$\x98\xf5s\xdb\xd8U\xde\xb4\
\xc0\xa7\x06\x93e\x061\x08f\xfe\xf3\x9c\x9a\xb6\xaa\x14\
a@Q\xec)qK@\x07>\xb4\xd9cI\xd0\xc7\
2$\xa8z\xab\x8c\x8au\x14\x80\xe6\xb5?\x03\xd9\x5c\
\x83%\x83\xfd\x92_\xee\x1f\x9a3\xfe\x15\xc7\xea\x1am\
\xde\x95?\x93y\x09\x89\xbf\x84\xf5V\xfa\x1a\xf5Z\x8a\
\xea\xd6\x0b\xe8\x1a\xde\xe6%\x96&\xea\xad\xfd=*\x5c\
JR<\x91\xe3Y\x06\xd6\x19\x15\x07\xf6z\x7f}\xab\
\xa7\xf1\x07\x85\xa6\xd27\x5c\xdb\x16\x9e\xcb<\x9f\xe2\x8b\
\xeb\xea=\xeb\x0csQv\x8bL\xaa4\xf8\xff\x00\xbc\
\xd4\xf1c\x17\xfbUv\xda\xd6K\xb7\xf2\xe2+\xbb\xae\
\x18\xe35lh\x97]\xda!\xf8\xd1y\x0f\x98\xc9\x16\
P\x8e\xc7\xf3\xa5\xfb$?\xdc\xad\x81\xa1O\xdeX\xc5\
)\xd0\xd9T\xb3\xdc\xa8\x00d\x9d\xb4{\xc1\xccc\x1b\
H\x88\xc0\x5c}*\x09mZ.G\xcc\xbf\xca\xaf\x0f\
nrp=\xe9\xcf\x1bF\xed\x1c\x88Q\xd7\x86V\x18\
#\xebII\xa1\xa6\xcc\xb0)@\xab3\xdbuh\xc7\
\xd4T\x00b\xaa\xf74N\xe0\x058\x0a\x00\xa7b\x90\
\xc0\x0av(\xc5(\x15-\x8c\x00\xa7c4\x01N\xa4\
2Dl\x8cw\xa7\xa9*C\x03\x829\x04v\xa8@\
\xc5L\x87uc8\xdbTR6\xac\xae\xc5\xdas\xc4\
\x8b\xf7\x87\xf5\xab'\xa5`\xc6\xed\x0b\x87\x8c\xe1\x87J\
\xda\xb6\xb8K\xa8\xb7\xaf\x04p\xcb\xe8k&Zgq\
\xa6\x0ci\xb6\xdf\xf5\xccU\x9a\xa7\xa3H%\xd2\xed\xc8\
\xec\xa5O\xd4\x1aM_W\xb7\xd1m<\xf9\xfegn\
\x22\x88u\x90\xff\x00\x87\xbdc\xd4D\x1e!\xd7\x13D\
\xb4\x050\xd7r\x82!OOV>\xc2\xbc\xe9\x99\x9d\
\xd9\xe4b\xee\xc7s1\xeaO\xadM{y>\xa3u\
%\xd5\xcb\xef\x96C\xcf\xa0\x1d\x80\xf6\xa8\x80\xcdk\x18\
\xd8\x00\x0aP1KJ\x05j\x95\x84 \x14\xe0(\x02\
\x9e\x05\x00 \x14\xe03J\x16\x9c\x05M\xc01J\x05\
(\x14\xe0\xb9\xa4P\x80S\xc0\xc5\x18\xa5\xc5&\xc00\
\x0fZc!\x1d:T\xa1sO\x0b\xda\xa5\x81\x042\
42\x07C\x82?Z\xd9\xb7\x9d.\x13r\xf0GU\
\xf4\xac\xa6\x8bo#\xa7\xa5:\x19\x1e\x17\x0e\x87\x04~\
\xb5\x0ci\xd8\xed<7\x16#\xb8\x93\xd4\x85\x15\xa5\x7f\
{\x0e\x99h\xf7S\xf2\x17\x85^\xee\xdd\x85diz\
\xf6\x95g\xa6)y\x98K\xc9x\xb6\x9d\xc5\xbd\xbd\xab\
\x03U\xd5f\xd6.\x04\xb2\x8d\x91\xa7\x11\xc4: \xff\
\x00\x1a\xce\xd7`\xd9Z\xe2\xe2[\xcb\x89.gm\xd2\
\xc8r\xc7\xfaS\xe1\x8f\x1f1\xfc)\xb0\xc3\xe6:\x82\
\xc1\x14\xb0\x05\x8fE\xcfz\xef\xfce\xe0]7\xc3z\
-\xb5\xfd\x9d\xfbM#2\xa3\x069\x13g\xba\xfaz\
\xfd*\xc0\xe2U}j@)B\xe6\x9e\x17\x14\x14 \
Zx\x5c\xd2\x85\xa7\x81R\xd8\x08\x058-(Zx\
ZC\x10\x0axZUZxZW\x01\x02\xd3\x82\xd3\
\x80\xc58- \xb0\x81sY\xee\x9bd`}kP\
\x0a\xa3s\x1e'o\xce\xa2F\xd4\xb7'\xd1\x9bm\xe8\
_\xef\xa9\x15\xbc\x05s\xb6-\xe5\xdd\xc2\xde\x8d\x83]\
6\xdeMqW^\xf5\xcfS\x0e\xfd\xdb\x0d\x034\xe0\
)@\xa7\x05\xacM\xc4\x034\xe01J\x06i\xc1q\
@\x13i\xc3\xfd2?\xa1\xfeU\xb0\x06+&\xc7\xfe\
>\xe3\xfc\x7f\x95l\x01\x5c8\xaf\x8d\x17\x0d\x84\xc5(\
\x14\xb8\xa5\x02\xb9\x8a\x10\x0ap\x14\xa0R\x81LW\x10\
\x0aP)@\xa7\x01LB\x01J\x05.)qE\x80\
LR\xe2\x94\x0aP\xb4\xc5q\x00\xa5\x0bN\x02\x8ab\
\x0c\x01F3J\x05(\x14X\x04\x02\x97\x14\xb8\xa5\xc5\
0\xb8\x80R;\xacI\xb9\x8e\x07\xf3\xa2Y\x12\x15\xdc\
\xdf\x80\xf5\xac\xf9$y\xdfs~\x03\xd2\xb6\xa7I\xcb\
W\xb1.A4\xaf;e\xb8Q\xd1})\x81i\xc1\
i\xd8\xae\xc4\x92VFw\x18\x16\xa9\xeb:\xb4Z\x16\
\x97q\x7f&\x0bF\xb8\x8d\x7f\xbc\xe7\x81Z\x00\x13^\
a\xf1\x07Z\xfe\xd0\xd4\xc5\x8cM\x98-x8\xfe'\
=\x7f*\xde\x85\x1fk>^\x84\xcaVG),\x8f\
<\xaf,\xacZG%\x99\x8fri\xa0S\xb1K\x8a\
\xf7L\x04\x0aI\x00\x0c\x93\xc0\x15\xd7XZ\x0b+H\
\xe1\xfe 2\xc7\xd4\x9e\xb5\x8d\xa0\xd9\xf9\xf7Fv\x19\
Hy\xfa\xb7j\xe8\xb1\x5cX\xa9\xdd\xf2\x9fC\x93a\
\xf9b\xeb>\xba/O\xeb\xf2!\xb9\x93\xc9\x84\xb0\xfb\
\xc7\x81Y\x80U\xab\xd7\xdf.\xc1\xd1?\x9dA\x8a\xef\
\xc1\xd3\xe4\xa7w\xbb\x0ce^z\x96[\x22\xbd\xd3\xec\
\x8fh\xea\xd5S\x15,\xcd\xe6\xc8H\xe88\x14\xc0\xb5\
\xbbg\x959]\x8d\x02\xa1\x90\xee\x7fa\xc5X\x7f\x95\
I\xefPb\xb3\x9b\xe8s\xd4\x97A\x81i\xdbi\xd8\
\xa5Ug`\x882\xccp\x05fdk\xf8v\xd3\x99\
.\x98t\xf9\x13\xfa\xd6\xd6)\x96\xd6\xebko\x1c\x0b\
\xd1\x06>\xa7\xbdI\x8a\xf2\xaaO\x9eM\x9fc\x84\xa1\
\xec)(u\xeb\xea\x14R\xe2\x8cT\x1d\x22\x01Y\x97\
\x0f\xe6\xcc\xed\xdb8\x15\xa3;\xf9P\xb3w\xc6\x05f\
\x01^\x8e\x02\x1b\xcd\xfa\x1enaSh|\xc4\xc5\x18\
\xa7b\x97\x15\xe9\x1e`\xdcQ\x8av)q@\x0d\xc5\
\x18\xa7b\x97m\x007\x14b\x9c\x16\x97m!\x0c\xc5\
\x18\xa7\xe2\x97\x14\x05\xc6b\x8c{S\xf1F(\x0b\x8c\
\xdbK\x8a~(\xc5\x01q\x9br1Y\xdby\xadL\
U\x09\x17\x120\xf7\xa4\xccj\xf4\x22\xdbF\xda~(\
\xdbSs\x11\x9bh\xdbRb\x8cQp#\xdb\xedF\
\xdfj\x93\x14b\x8b\x81\x1e\xdfj6\xfbT\x98\xa3\x14\
\x5c\x08\xf6\xd1\xb6\xa4\xc5\x18\xa2\xe0G\xb6\x8d\xb4\xfd\xb4\
b\x8b\x80\xcd\xb4\x9bjLQ\x8a\x00\x8fm\x1bMI\
\x8aLP\x17\x19\x83I\x83Rb\x8cP\x17#\xc5&\
*LQ\x8a`G\x8a1O\xdbF\xdaC\x19\xb6\x93\
\x14\xfd\xb4`\xd0\x031I\x8a~(\xc50\x19\x8aL\
S\xf1F)\x00\xccRb\x9f\x8a1@\x5ce%?\
\x14\x98\xa0\x06\xe2\x93\x14\xfcRb\x81\x8c\xdbI\xb6\xa4\
\xa4\xc50#\xc5&*\x5cR\x15\xa0\x08\xf1I\x8a\x90\
\xad4\x8a\x00n(T.\xc1Gz\x5cU\x8b8\xf2\
\xc5\xcfn\x05\x08\xa8\xab\xbb\x13m\x00\x00:\x0e(\xc5\
?\x14\x98\xad\x0e\xb1\x98\xac\xedQ1*7\xf7\x96\xb4\
\xc8\xaaZ\x9af$oC\x8a\xce\xa2\xf7L\xab\xab\xc1\
\x99\x84SH\xa9\x08\xa4\xc5s\x9eq\xea\xdf\x0f\xdd\xae\
\xfc;k\x1a\x02\xce\x8e\xd1\x05\x1fZ\xebn\xf4+\xfb\
8<\xf9a\x1b\x07\xde\xda\xd9+\xf5\xae\x1b\xe1-\xfb\
[Cq\xb4\x06kyC\xaa\x9e\xe0\x83\x9a\xf4\xeb\xef\
\x13\x8b\x9b7\x86+vI$\x1bIc\x90\x05yu\
RSg%E\xefhsEi\x0a\xd4\xbb1\xd2\x90\
\x8a\xc8\x92\x12\xb4\xd2\xb51ZB\xb4\xc0\x84\x8fZB\
\xbe\x95)ZiZ\x02\xc4Dz\xd3J\x03R\x90E\
!\x00\xd0\x22\x02\xa6\xa3\x90\x84R\xc6\xac\xb2\xe0d\xf4\
\x15Bw\xf3[\xd8t\xa4\xe5a\xa4V\x93.\xc5\x8d\
kxkA\xfe\xd7\xb92\xce\xa7\xec\x90\x9f\x9f\xfd\xb3\
\xfd\xd1\xfdj\xb6\x9b\xa6M\xaa\xde%\xac<g\x97\x7f\
\xee/\xadz5\xa5\xa466\xd1\xdb@\xbbc\x8c`\
\x0f\xeb\x5cu\xebr\xab-\xcaC\xc0\x00\x00\x00\x00\x0c\
\x00;QJV\x92\xbc\xe2\xc3\x14\xdcS\xa8\xa4\x031\
Y\x9a\xfd\xe2Y\xd86\xf6\xda\xad\xf7\x8f\xb0\xad\x5cW\
\x9d\xf8\xb3X\xfe\xd3\xbeh\xa2l\xdb\xc4v\x83\xfd\xe3\
Z\xd1\xa7\xcf+\x05\xed\xa9\x8byt\xf7\xd7\x0d;\xf1\
\x9e\x15\x7f\xba=*(\xa0\x96\xe2d\x82\x14/,\x87\
j(\xeeiX\x0cg8\xae\xdf\xc1Z\x09\xb5\x87\xfb\
N\xe514\xa3\x11)\xfe\x04\xf5\xfa\x9a\xf4jMS\
\x8d\xc8\xdc\xd7\xd0\xb4h\xb4;\x05\xb6B\x1aF\xf9\xa5\
\x93\xfb\xed\xfe\x02\xb4)qI^D\x9b\x93\xbb)\x08\
V\x90\x8cS\xa8\xa9\x18\xccRS\xca\xfaSq@\x86\
\xe2\x8aZ)\x0ci\x14\x94\xecQ@\x86\xd6W\x895\
\xa4\xd04\x89o\x0e\x1a_\xb9\x0a\x1f\xe2s\xfe\x1dk\
[\x15\xe6?\x11u3{\xad-\x92\xb7\xee\xac\xd7\x1f\
W#\x9a\xea\xc1a\xd5j\xaa/m\xd9\x95Y\xf2\xc4\
\xe4fyg\x95\xe6\x99\xcc\x92\xc8K;\x9e\xackC\
@\xd0e\xd7\xafL*\xc68#\xc1\x9a\x5c}\xd1\xe8\
=\xcdR\x11\xbc\x8c\xa8\x8aY\xd8\x85P;\x93^\xa5\
\xa3i1\xe8\xbatvi\x82\xe3\xe6\x95\xff\x00\xbe\xe7\
\xaf\xf8W\xd7E\x1e\x5c\xe5dKggo\xa7\xdb%\
\xad\xa4B(S\xa2\x8e\xfe\xe4\xf75-<\x8an+\
K\x9c\xe3h\x22\x96\x93\x14\xc4%#\x00\xcaQ\x80d\
=U\x86A\xa7u\xa4\xa6\x9969\xcdS\xc0\x9a6\
\xa2ZH\xa3k)\x8f\xf1\xc3\xf7O\xd5zW+\xa8\
\xfc<\xd5\xed2\xd6\xa6+\xe8\xc7\xf7\x0e\xd7\xfc\x8dz\
a\x14\x94\xec\x99J\xa3G\x88]Z\xdcY>\xcb\xab\
y`a\xdaE\x22\xa0\xe0\x8e\x08\x22\xbd\xd2TY\x90\
\xa4\xc8\xb2\xa9\xfe\x17\x19\x15\x8b{\xe0\xcd\x06\xf8\x96{\
\x05\x89\xcf\xf1B\xc5\x7fJ\x5c\xa5\xaa\xab\xa9\xe4\x84b\
\x9aP\x1e\xa0W\xa1\xdd|1\xb5l\x9bMNh\xbd\
\x04\xa9\xbf\xf5\xac\xab\x9f\x86\xba\xbc|\xc1qi8\xfa\
\xed?\xad\x16es\xc5\x9c\x80\xca\x1f\x94\xb2\xfd\x0d#\
\x02\xfc\xb33\x1fs]\x11\xf0\x17\x88\xf7m\xfe\xcfR\
=D\xab\x8a\xb5o\xf0\xd7Y\x97\x99\xe6\xb4\xb7\x1e\x85\
\xb7\x1f\xd2\x84\x0ek\xb9\xc8m\x1e\x82\x8c\x01\xda\xbb\xf8\
\xbe\x16.3>\xb0I\xf4\x8e\x1f\xfe\xbd\x5c\x8b\xe1\x86\
\x90\xa3\xf7\x97\x97\xb2\x1fb\x05U\x99.\xa4O4\xa6\
\x9a\xf5!\xf0\xd3A\x1dZ\xf4\xff\x00\xdbJI\xbe\x1a\
ho\x0b\xa4R]E)\x1f$\x8c\xfb\x82\x9fq\xdc\
S\xb3\x17\xb5\x89\xe5\xa4R\x11\x9a\xb9\xa9\xe9\xb7Z=\
\xf4\xb67\x89\xb2h\x8f8\xe8\xc3\xb3\x0fcU\x08\xa9\
j\xfa\x1a\xc6VwDdb\x9aW\xd2\xa5#4\xc2\
1Y\x1dk\xb9\x19\x19\xe0\xd4L\x9b~\x959\x5c\xd3\
H\xech\xdc\x89\xc1I\x15\xc8\xe8FA\xea\x08\xed]\
N\x85\xae}\xb7\x16\x97M\x8b\x81\xf7\x1c\xff\x00\xcbA\
\xfe5\xcc\xbam\xe4t\xa6w\x04\x12\x08\xe4\x11\xda\xb9\
\xeb\xd0\x8dX\xf2\xc8\xf3q\x18u5\xcb-\xcfB\xa4\
\x22\xb2\xb4-g\xfbE>\xcfpqt\x83\xaf\xfc\xf4\
\x1e\xbfZ\xd6\xc5x\x15)\xca\x9c\xb9dx\x15)\xca\
\x9c\xb9d6\x8a\x5cRT\x19\xd81IKF($\
i\x14\x94\xeaB(\x10\x94QE\x02\xb0\x11IKA\
\x14\x08JB)h\xa0C(\xa7\x11\x9am\x02h(\
\xa2\x8a\x09\x0a\xcd\xd4\xef7\x13o\x19\xe3\xf8\xc8\xef\xed\
S\xea\x17\x9fg_-\x0f\xef\x18u\xfe\xe8\xac\x8a\xf5\
0\x18[\xbfk?\x97\xf9\x9bR\x87\xdabRS\xaa\
\x9e\xa5|,\xe2\xc2\xe0\xcc\xff\x00tz{\xd7\xb0t\
\xc6\x0eO\x95\x15u\x8b\xfd\x80\xda\xc4~c\xfe\xb1\x87\
a\xe9X\xd4\xe3\x92I$\x92y$\xf7\xa8g|\x0d\
\xab\xd7\xbdi\x18\xb6\xec\x8ff\x85\x15\x15\xcb\x12\x19\xe4\
\xdcv\x8e\x83\xf5\xa8H\xa7\x11Hx\xeb]\x91J*\
\xc8\xf4\x22\x92VCH\xcd&3N\x040\xc89\x14\
\x86\xad\x0cgJB)\xe4f\x9bT!\xa4f\x9bO\
\xa6\x91L\x04\xa4\x22\x96\x8ab#4S\x88\xa6\xe2\x98\
\x08E!\x00\x8eFi\xd4\x86\xa8\x91\xb4\xd2)\xe4R\
b\x98\x0d\xa4\xa5#\x14S\x01(4Q@\x84\xa2\x96\
\x92\x80\x0aCKE\x03\x01E'JZ@%\x14\xa6\
\x92\x80\x0a(\xa5\x14\x84%\x14\xb8\xa4\xa0aL\x97\xfd\
Y\xa7\xd3%\xff\x00Vj'\xf0\xb1\x8e\x14\xb4QT\
HQE\x14\xc6\x14QJ*\x80:RQE\x00\x14\
\xb4Q@\x83\xa5\x00P9\xa5\xa6\x01E\x04\xd0)\x00\
R\x8a)h\x18R\xd1N\x02\x90\x05>(\xcc\xae\xa8\
\xbdI\xc50V\x8e\x95\x0f-1\xfa\x0a\xcer\xb2\xb8\
\x17\xe2\x89b\x8dc^\x82\xb4\xb4\xbd7\xed\x8ed\x94\
b\x05<\xff\x00\xb6}*\xa5\xb4\x0ds:B\x9d\x5c\
\xe3>\x82\xba\xb8\xa2HcX\xe3\x18E\x18\x02\xb9\x12\
\xbe\xac\x891@\x0a\xa0\x00\x00\x1c\x00;R\xd1F*\
\xc8\x10\xf1]6\x93\xa7\x8b+p\xce?} \xcb\x1f\
A\xd8V\x1e\x9e \x17\x91\xb5\xc3\x84\x89NI=\xcf\
j\xe8\xff\x00\xb4\xac\xcf?j\x8f\xf3\xa0\x09\xf1KP\
-\xf5\xa3\x9c-\xccD\xfdja\xf3\x0c\x82\x08\xf5\x07\
4\x0cZ(\xa2\x90\x05\x14QH\x02\x8a(\xa4\x02z\
\x82\x01\x07\x82\x0fC\x5cO\x89\xfc1\xf6\x0d\xd7\xf6\x08\
~\xcaNd\x88\x7f\xcb/q\xed\xfc\xab\xb7\xa3\xd8\x80\
A\xe0\x83\xd0\x8aM\x5c\xa5\xa1\xe4\xaaY\x18:6\x18\
r\x08\xed]\x0e\x9f|/c;\xb0%_\xbe\xbe\xbe\
\xe2\x99\xe2\x7f\x0e\xff\x00eHn\xedT\xfd\x8aC\xc8\
\xff\x00\x9e-\xe9\xf45\x89\x0c\xafo*\xcb\x19\xc3/\
\xebP\x9d\x8b\xdc\xea*\x86\xb3q\xe5[\x08T\xfc\xd2\
\xf5\xfa\x0a\xb7ip\x97\x90\x89\x13\x8c\xf0\xc3\xfb\xa6\xb2\
\x1a9\xb5\x9dTA\x07-#lOE\x03\xa9\xaa\x93\
%-M/\x07\xe8\xe2\xf6\xef\xed\xd3.m\xed\x8f\xca\
\x0fG\x7f\xfe\xb5o\xf8\x8f\xc3\xcb\xac\xa1\xb8\x83\x0b|\
\x83\x86=%\x1e\x87\xdf\xd0\xd6\x9d\x95\x9cZ}\xa4V\
\x90\x0cG\x10\xc0\xf7=\xcdOJ\xda\x05\xf5<\xa4\xa3\
F\xcc\x8e\xa5\x1dN\x19OP}*\xb4\xf6\xf8\xf9\xd4\
}Ez\x0f\x89\xfc=\xfd\xa4\x86\xf2\xd5\x7f\xd2\xd0|\
\xca?\xe5\xb0\xff\x00\x11\x5c@\xe7\xff\x00\xafQ\xb34\
\x8c\x8c\xf0)\xc3\x8a\x9ahv|\xca8\xef\xedQ\x01\
N\xf76@\x07sN\x034\x01\x9au!\x88)\xc0\
b\x801N\x034\x86\x00f\x9c8<P\x05<\x0c\
R`8T\xb0L\xf0H$C\x82:\x8fZ\x89G\
zx\xe6\xb0\x92\xb1H\xe9l<`\x9a~\x9d\xe4G\
f\xcf>\xe2Af\xf9\x06k\x06\xf6\xf6\xe3Q\xb9k\
\x9b\xa9L\x92\xb7~\x80\x0f@;\x0a\x86\x94\x0c\xd4(\
\x8c\x00\xa7Q\xe8=x\xae\x8bZ\xf0.\xa9\xe1\xfd\x1a\
\x1d^\xeek\x19-\xa6`\x8a!\x983d\xff\x00?\
\xc2\xb5J\xc29\xe0)\xc0f\x803O\x02\x90\x08\x05\
<\x0a\x00\xc5(\x19\xa40\xc6i\xc0R\x81N\x0b\x8a\
C\x10->\x8cR\x81R\x00\x058/\xad(\x5cS\
\x80\xcd+\x8c@)\xe0b\x94\x0fJz\xad \x11W\
=i\xaf\x16\xdeW\xa5L\x06i\xfbs\xc5 \xb1P\
\x0a\x928\x8b\x9fj\x99m\x979$\xd4\xc8\x80\x0c\x01\
\x81R4\x81\x10(\xc0\x1cT\x83q\x0a\x19\xdd\x82\xfd\
\xd0\xccH\x1fOJU\x5cS\xd5i\x0c@\xb4\xf0\xb8\
\xa5\x03\x14\xe0\xb9\xa9\xb8\xc4\x034\xf0)@\xa7\xaa\xd0\
\x02\x05\xa7\x85\xa5U\xa9\x00\xc5M\xc0h_Zx\x19\
\xa5\x0b\x9ap\x14\x0c@\xb4\xf0\xb9\xa7*w4\xf0=\
)\x00\xd0\xa0UK\xd4\xfd\xe8>\xa2\xaf\x85\xc5A|\
\x99To\xc2\xa6[\x1aS~\xf1D\x0d\x98#\xa8\xe6\
\xba\x94\xf9\xd5[\xfb\xc0\x1a\xe6\x82\xd7C\xa77\x9be\
\x13\x1e\xc3\x06\xb9k\xad\x13=\x1c<\xb5h\x9c\x0ap\
ZP1K\x8a\xe6:\x82\x97\x14\x01N\x0b\xeb@\x12\
Y\xff\x00\xc7\xd4\x7fZ\xda\xc5dZ\x8c\x5cE\xfe\xf5\
mc\x06\xb8\xb1_\x12.,h\x14\xecR\xe2\x97\x15\
\xce;\x88\x05(\x14\xb8\xa7b\x8b\x00\x80R\xe2\x94\x0a\
P)\x8a\xe2\x01N\x0bJ\x05.)\x88@)qE\
.(\xb0\x08\x05.)\xc0R\xe2\x98\x5c@)qK\
\x8aP\xbe\xb4\xec!1L\x96U\x85r\xdc\x93\xd0z\
\xd4\xd8\x02\xaa_F~Y\x07\xd0\xd5\xd3\x8ar\xb3\x13\
z\x15]\x9aF\xdc\xe7'\xf9RR\x81N\x02\xbb\xb6\
\xd0\xc8n\xdaP)\xc1i\xc0S\x03\x1f\xc4\xda\xba\xe8\
zD\xd79\xfd\xe9\x1b\x22\x1e\xack\xc6\x98\xb3\xb1v\
9f9'\xd4\xd7U\xf1\x07Z\xfe\xd2\xd5\xbe\xc9\x13\
f\x0bO\x97\x8e\xed\xdc\xff\x00J\xe5\xc0\xafg\x09K\
\x92\x17{\xb3\x19\xbb\xb11J\x14\x9e\x00\xc9=)q\
Zz\x15\x97\xda.\xbc\xe6\x19Hy\xfa\xb7j\xe9\x9c\
\x94Sl\xaa4\x9dZ\x8a\x9cz\x9b:}\x98\xb2\xb4\
H\x7f\x8b\xab\x1fRji\x5cE\x1b?\xa0\xa91U\
/\xdf\x95\x88v\xe4\xd7\x9fF\x0e\xadD\x9f\xcc\xfa\xfa\
\x92T){\xbd4E\x1c\x13\x92z\x9ae\xc3l\x88\
\xe3\xabp*lU;\x87\xf3%8\xe8\xbc\x0a\xf7\x1e\
\x87\xcfT\x95\x91\x0e(\xa5\xc5)\xf9A>\x95\x07)\
\x04\xc7-\x8fJf)\xd8\xc9\xcd\x18\xac[\xbb9\x9b\
\xbb\xb8\x98\xad=\x02\xd7\xcd\xba3\xb0\xf9a\x1c\x7f\xbc\
k;\x18\x15\xd4i\x96\xbfd\xb2\x8d\x08\xf9\xdb\xe6o\
\xa9\xae|D\xf9cn\xe7\xa1\x96P\xf6\x95\x93{G\
_\xf2\xfe\xbc\x8b8\xa3\x14\xb8\xa5\xdb^y\xf5\x22Q\
\x8av\xdaP\xb4\x05\xca7\xed\xf7#\xfcMU\xc5M\
;y\x933v\xce\x053\x15\xeeP\x87%5\x13\xc0\
\xc4T\xe7\xa8\xe47\x14\xbbi\xd8\xa3\x15\xa9\x88\xdcR\
\xe2\x9dF(\x01\xb8\xa5\xc5.\x0d.\xda\x047\x14S\
\xb6\xd2\xe0P\x03h\xc5;\x14P\x03ph\xc5?\x14\
b\x80\x1b\xb4\xd1\xb6\x9d\x8a1@\x0d\xdbT\xee\x17\x13\
5^\xc5V\xbb\x5cH\x0f\xa8\xa4\xcc\xea\xecV\xc5\x18\
\xa7b\x8cT\x9c\xe3qF)\xd8\xa3\x14\xc0n(\xc5\
;\x14b\x80\x1b\x8a1N\xc5\x18\xa0\x06\xe2\x8cS\xb1\
F(\x01\xb8\xa3\x14\xecQH\x06\xe2\x8cS\xb1F(\
\x01\x98\xa3\x14\xfcQ\x8a\x00f(\xc5?\x14\x98\xa2\xc3\
\x19\x8a1O\xc5&(\xb0\x0c\xc5\x18\xa7\xe2\x8cP\x04\
x\xa3\x14\xfcQ\x8a\x00a\x14\x98\xa7\xe2\x8cQp#\
\xdbI\xb6\xa4\xc5\x18\xa0\x08\xf0i1Rb\x93\x14\x01\
\x1e(\xc5I\xb6\x93m1\x91\xe2\x93\x15&\x0d%\x00\
3\x14\x98\xa7\xe2\x8cR\x02<Q\x8a~)1@\x0c\
\xa3\x14\xecRb\x81\x8d\x22\xafE\x1f\x97\x1a\xaf~\xa6\
\xab\xdb\xc7\xbeQ\xe895w\xadTM\xa9.\xa4d\
Q\x8a~)\x08\xaa6\x19\x8a\xad|\x9b\xad_\xdb\x06\
\xad\xe2\x99,{\xe2t\xf5\x06\x93\xd5XRW\x8bF\
\x0e)\x08\xa91I\x8a\xe5<\xb3\xaf\xf8aq\xb3V\
\xb9\xb7?\xf2\xd6,\x81\xee\x0dzQ\x15\xe4\x9e\x05\x9f\
\xec\xfe(\xb3\xe7\x1ef\xe8\xff\x001^\xbeV\xbc\xdc\
R\xb4\xees\xd5\xdc\x84\xad!Z\x98\xad4\xads\x19\
\x90\x15\xa4+S\x11HV\x9d\xc4@E4\xadLV\
\x9aV\x9d\xc0\x84\xad4\xadLW\x15\x0d\xc4\x9eZ\xe0\
}\xe3E\xc0\xa9s';\x07N\xf5]ci]Q\
\x14\xb3\xb1\xc2\xa8\xeaMHF9\xae\xa7\xc2z/\x94\
\xa3R\x9d~v\x1f\xb9R>\xe8\xf5\xfck\x0a\x95\x14\
W3*\xc6\x96\x85\xa3.\x8fg\xe5\x9c4\xf2|\xd2\
\xb7\xa9\xf4\xfa\x0a\xd1\xa7b\x8a\xf2\xe4\xdc\x9d\xd9Cq\
HE;\x14\x95 3\x14\x94\xf2*\xb6\xa1{\x16\x9b\
g-\xdc\xdfr1\xd3\xfb\xc7\xb0\xa6\x95\xdd\x90\x18\xde\
.\xd6~\xc1g\xf6H\x1b\x17\x17\x03\xa8\xfe\x04\xee\x7f\
\x1a\xe0\xb6\x801V\xef.f\xbf\xba\x92\xeav\xcc\x92\
\x1c\x9fA\xe8\x05C\x1c2O*C\x12\xee\x91\xc8U\
_S^\xa5*j\x11\xb1%\xff\x00\x0dh\x7f\xdb\x1a\
\x87\xef\x07\xfa4\x18i\x7f\xda=\x96\xbd\x1b\x03\x18\x00\
\x01\xd8UM\x1fK\x8fH\xb0\x8e\xd50H\xe5\xdb\xfb\
\xcd\xdc\xd5\xc2+\xcf\xafS\x9e^E$7\x14\x94\xec\
QX\x0cn))\xd8\xa4\xa4\x02PFiqIH\
\x06\x91\x8aB)\xf4\x84P\x03(\xa5\x22\x92\x80\x1a\xcc\
\x22V\x90\xf4@X\xfe\x15\xe2\x17s\x1b\xcb\xa9\xeeX\
\xfc\xd2\xc8\xce\x7f:\xf6m]\xccZM\xe3\x8e\xa2\x16\
\xfeU\xe2\xc8\xbf\x22\xe3\xd2\xbd\xac\x9e:N^\x87\x1e\
%\xec\x8d\x8f\x06\xd9\x8b\x9dz7q\x95\xb7S/\xe3\
\xd0W\xa0\x91\x5c\x87\x80\x14\x1b\xab\xf6=Dh?Z\
\xec[\xe4R\xdd@\x04\xd7\xbd\x13\xce\xa9\xb9F\xf7S\
\x86\xc8\x84`^N\xbb\x07o\xadA\x0e\xbbo#\x05\
\x95\x1a\x1c\xf4br+\x1aGi]\xa4c\x96c\x92\
i\x84V\xaa(\x8b\x1do\xf9\xcd%c\xe8\xd7\xfe[\
\x0bY[\xe4?\xea\xc9\xfe\x13\xe9[$b\xa5\xe8&\
\x86\xd2S\xb1I\x8a\x09\x1b\x8aJu\x18\xa7q4Z\
\xb0\xd2\xde\xf8\x17/\xe5\xc6\x0e3\x8c\x92j\xcc\xde\x1e\
e\x5c\xc3>\xe3\xe8\xc3\x19\xabZ\x1c\xaa\xd6\x9eV~\
d'\x22\xb4k\x19T\x92g]:0qM\x9c|\
\xb1<2\x18\xe4R\xae\xbdA\xa6\xa2<\x8e\x11\x14\xb3\
\x1e\x80w\xadO\x102\x19\xe2\x03\xef\x85;\xbe\x9d\xaa\
O\x0f\xc4\xb8\x9a\x5ce\xf2\x14{\x0a\xdb\x9f\xdd\xe69\
\xfd\x95\xe7\xc8S\x1a\x1d\xeb\x0c\x94A\xecZ\xa3\x93J\
\xbd\x8f\xad\xb9#\xfd\x92\x0du\x14\xb8\xac\x95fn\xf0\
\xd18\xe6\x82e80\xc8?\xe04\x08%n\x042\
\x1f\xf8\x0dv9\xa2\xaf\xdb\xf9\x13\xf5U\xdc\xe4\x86\x9d\
x\xc3\x22\xdaB>\x95\x14\xb0\xc9\x03m\x966C\xfe\
\xd0\xae\xca\xa3\xb8\x82;\x98\x8cR\xa8e?\xa5\x0a\xb7\
t'\x85V\xd1\x9eU\xe3\xbf\x0f\x8dkI70\xa6\
o,\x81t\xc7WO\xe2_\xeb^Q\xd4\x02:\x1a\
\xf7\xe7_&fC\xf3lb\xa7\xde\xbcc\xc5:O\
\xf6&\xbduh\xa3\x10\x93\xe6E\xfe\xebs\xfa\x1a\xd9\
\xf72\xa4\xfe\xc9\x90Fi\xbd)\xe4R\x11\x9a\xc6{\
\x9d\xd4\x9d\xd1\x19\x18\xa6\x91\x9a\x90\xf1M#\xd2\xa52\
\xc8\x88\xecj'Lt\xe9V\x08\xcd0\x8e\xc6\x9e\xe4\
T\x82\x92!Gx\xddd\x8d\x8a:\x1c\xab\x0e\xa0\xd7\
e\xa4j\x8b\xaa[\xee8Y\xd3\x89\x13\xfa\x8fc\x5c\
s.\x0dIgw-\x85\xca\x5cC\xf7\x97\xa8\xec\xc3\
\xb85\xc9\x8a\xc3\xaa\xb1\xf3G\x95\x8a\xc3{En\xa8\
\xee\xcd%2\xd6\xe6+\xcbt\xb8\x84\xe5\x1c~G\xd2\
\xa4\x22\xbc\x16\x9avg\x82\xd3N\xccm\x14\xb4\x94\x89\
\x0aJZ($i\x14\x94\xeaB(\x15\x84\xa2\x96\x92\
\x810\x22\x92\x96\x82(\x10\x94\x84R\xd1@\x86TW\
W+k\x16\xf3\xcb\x1e\x15}MK+\xacH\xd29\
\xc2\xafZ\xc3\xb8\x9d\xaee.\xdcv\x03\xd0Wf\x0f\
\x0d\xed\xa5w\xb2\xfe\xac\x5c!\xcc\xc8\xdd\xdaF.\xe7\
,NI\xa4\xa2\x91\x99QK\xb9\xda\xaa2O\xa5{\
\xe9[c\xa6\xc4W7\x09i\x09\x96N\x83\xa0\xfe\xf1\
\xf4\xaeny\x9e\xe2V\x96C\x96o\xd3\xda\xa7\xbe\xbc\
k\xd9\xb7t\x8dxE\xf4\xf7\xaa\xac\xc1FMRG\
\xa9\x87\xa1\xc8\xae\xf7c$p\x8b\xef\xda\xaa\xf5<\xd4\
\x8cw\x1c\x9aa\x15\xd7\x08\xf2\xa3\xd4\x849P\xc2+\
O\xc2\xf7\x1aE\x9f\x88l.u\xebint\xc8\xa5\
\x0d<Q\x1f\x99\x80\xe9\xf8g\x1cVu4\x8a\xd3}\
\x0a:\x9f\x89\xfa\xfe\x83\xe2o\x17O\xa8\xf8r\xcb\xec\
\x96/\x1a/\xdc\xd9\xe68\x1c\xb6\xdf\xe1\xaen\x1d.\
\xfe\xe6\xd2[\xd8,ne\xb5\x8b\xfdd\xe9\x19(\x9f\
SU\xddK)\x00\xe0\xe3\xad{\x1d\xcf\xc7M:\xd7\
\xe1\xa4~\x16\xd1tg\xb4\xbd{_\xb3J\xcc\x07\x92\
\x99\xe1\x98wbFO=\xcd'x\xa4\x90\x1e4i\
\x08\xcd8\x0c\x0czR\x1a\xd1\x00\xcaJy\x14\xda\xa1\
\x0c\x22\x92\x9fM#\x14\xd0\x08i\xa4S\xa9\x08\xa6!\
\x94R\x91IT\x84%!\x14\xeaJb\x18i)\xe6\
\x9aE0\x12\x92\x96\x8a\xa0\x12\x92\x96\x83E\x84%\x14\
Q@\x05%-\x04R\x18Ph\x14P!(\xa2\x8a\
Lb\xe6\x8aJQH\x04\xc52_\xf5f\xa4\xa6M\
\xfe\xac\xd4\xcf\xe1`<\x0a\x0d\x14\x95@\x14QE4\
\x00(4\xb4\x94\xc0)@\xa0Q@\x05'ZS@\
\x14\xc4(\xa0\xd1E\x00\x02\x96\x8a\x05\x00-(\xa4\x02\
\x9c*X\xc0\x0aQE-H\x00\x04\x9c\x0e\xa6\xb7\xed\
\xe1\xf2aT\xf4\x15\x91a\x17\x99t\x80\xf4\x1c\x9a\xdc\
\xeb\x5c\xf5\x9f@f\xaf\x87\xe2\x06Y\xa6?\xc2\x02\x8f\
\xc6\xb6\xeb\x9e\xd3\xb58\xb4\xf8%V\x8d\xa4v`@\
\x1c\x0aI\xb5\xeb\xb9x\x8fl#\xfd\x91\x93\xf9\xd4\xc5\
hc'\xa9\xd1c\x03'\x81\xeaj\x17\xbd\xb5\x8b\xef\
\xdcF\xa7\xeb\x9a\xe5d\x9aY\xcee\x95\xdf\xeai\xa0\
\x01\xda\x9d\x85s\xa6:\xc5\x82\xff\x00\xcb|\xfd\x14\xd2\
\x7fmX\x1f\xf9j\xdf\xf7\xc1\xaen\x97\x14X9\x8e\
\x99u[\x07\xe3\xcfQ\xfe\xf0\x22\xad\xdb^\xed!\xad\
\xae@?\xec?\xf4\xae8\x0a\x5c\x00r8>\xd4X\
9\x8fF\xb6\xd7\xa5B\x16\xe6?0\x7fyx5\xaf\
os\x0d\xd2o\x86@\xe3\xb8\xee>\xa2\xbc\xb2\x0dF\
\xee\xdf\x84\x99\x88\xfe\xebr+R\xcb\xc4A$V\x90\
4\x12\x0e\x92'#\xf2\xa9\xb0\xd3=\x12\x8a\xce\xd2\xb5\
t\xd4\x14+\x15\xf31\xc1S\xc3\xfd+F\x90\xc2\x8a\
(\xa40\xa2\x8a)\x0cl\x91\xc74o\x14\xa8\x1e7\
\x1bYOB+\xcf5\xfd\x0d\xf4K\xb0\xa3/m/\
0\xb9\xff\x00\xd0O\xb8\xafE\xaa\xf7\xf60jv\x92\
Z\xdc\x0c\xc6\xfd\xc7U=\x88\xa4\xd5\xc6\x99\xe6\x96\xf7\
2Z\x961\x9co]\xa4z\xd7e\xe0\xdd%m,\
\xbe\xde\xf83\x5c\x8f\x97\x1c\xecO\xf15\xc8\xdf\xd8O\
\xa6^Iip>t\xe8GF\x1d\x88\xad\x9f\x09\xeb\
\x83O\x9f\xecW/\x8bi\x9b\xe5c\xff\x00,\xdf\xfc\
\x0dBz\xeaS\xd8\xed\xe8\xa0\x82\x0e\x0d\x15D\x87J\
\xe5\xfcW\xe1\xfd\xe1\xf5;4\xf9\x873\xc6\xa3\xaf\xfb\
C\xfa\xd7Q@8\xa4\xf5\x1a\xd0\xf2\xb1\x82=A\xaa\
\xf2\xc2T\xe4}\xdf\xe5]G\x89\xfc?\xf6\x19\x0d\xf5\
\xaa\x7f\xa2\xb9\xf9\xd4\x7f\xcb&\xff\x00\x03XX\x04c\
\xb5g\xb1\xacYJ\x94\x0cS\xe4\x8b\xcb<t4\x80\
f\x99\xaa`\x06i\xc3\x9a\x00\xcd<\x0cRl`\x06\
)\xc0f\x80)\xc0T\xb61)\xc0P\x059E \
\x00)\xd4R\x81R0\x02\x9c\xaaB\x85\xcbm\x07!\
rp\x0f\xb0\xa5\x02\x9c\x05&\xc0\x00\xa7\x01\x8a\x00\xc5\
8\x0a\x91\x80\x19\xa7\x01@\x19\xa7\x81\x8aC\x001K\
\xd6\x80)\xc0f\x90\x08\x06i\xe0b\x801OU\xee\
i\x0c@\xb9\xfaS\xc0\xec)@\xcd=G\xa5 \x05\
\x5cS\xc0\xa0\x0axZ\x91\x88\x05H\x17\x14\xa1qO\
U\xcf&\x90\xc4U\xcdH\x16\x80*EZW\x01\x02\
\xd3\xc0\xa0\x0axZ\x91\x88\x16\x9e\x06i@\xcd=V\
\x95\xc0@\xb5 ZUZp\x14\x80\x00\xf4\xa7\x05\xa5\
\x02\x9e\xa9\x9aW\x18\x81I\xe9OU\xdbJ\x07aO\
U\xc7Z@ \x5c\xd3\xc2\xd2\x85\xcd<\x0fJC\x1a\
\x16\xa3\xbbB\xd0\x12;\x1c\xd5\x95OZ%M\xd12\
\xfbReGFd\x81[:3f\xd9\xd3\xfb\xad\xfc\
\xeb#\x15\xa5\xa2\xb6&\x91?\xbc\xb9\xfc\xab\x0a\xaa\xf1\
;\xa8\xbbM\x1a\xb8\xa5\x034\xe0\xb4\xe0+\x94\xee\x10\
\x0ap_ZP)@\xa0\x07C\xc4\xc9\xfe\xf0\xad\xbc\
sX\xab\xf2\xb0>\xe2\xb71\x9a\xe3\xc5-QQ\x10\
\x0aP)i@\xaek\x14\x00R\x81J\x05.1@\
\x84\x034\xea:\xd2\x81N\xc2\x0e\xb4\x01J\x058-\
0\x18\xee\xb1!y\x18*/R{VT\xfe!\x8d\
I\x16\xf1\x19?\xdac\x81T\xb5{\xd6\xbc\xb9(\xa7\
\xf71\x9c(\xf5>\xb5H/\xadz4p\x91\xb5\xe6\
q\xd4\xae\xefh\x97\xdb]\xbes\xf2\xb2 \xf4\x0bL\
\xfe\xd5\xbf<\x9b\x92>\x80T)m+\xfd\xd8\xcdJ\
,'\xee\x9f\xadt\xaaP]\x11\x83\xa9.\xe4\x89\xac\
_!\xff\x00]\xbb\xd8\xa8\xadM?Z[\x87\x11\x5c\
(\x8d\xcfF\x1d\x0f\xf8V#B\xf1\x1c2\x91F\xdc\
\xf5\xa9\x9d\x08IZ\xd6\x1cj\xc9ks\xb0\x03\x14\x92\
E\xe6\xc6P\xf7\xaa\x9a=\xf7\xda\xa1\xf2\xe49\x9a1\
\xcf\xfbC\xd6\xb41^\x5c\xa2\xe1+3\xb62RW\
FF\xc2\xa4\x83\xd4R\x81W/!\xc1\xf3@\xeb\xc3\
U`3]\xb0\x972\xb9\x0c@++\xc4\xfa\xc2\xe8\
z<\xd7 \xe2R6F=X\xff\x00\x87Z\xd8\x0b\
^[\xf1\x0bY\xfe\xd1\xd5\xbe\xc7\x1bf\x0bO\x97\x8e\
\xeez\xff\x00\x85ua\xa9{I\xa5\xd0\x99;#\x93\
b\xce\xc5\x98\xe5\x89\xc9>\xb4\xa1i\xc1qK\x8a\xf7\
\x0cF\x85\xec\x06Oj\xeb4\xfbAeh\x91\x7f\x17\
\xde\x7f\xa9\xacm\x0e\xd3\xed\x17^s\x0c\xa4<\xfd[\
\xb5t]k\x8b\x15=yQ\xef\xe4\xf8{E\xd6}\
t_\xa8\x84\x80\x09=\x075\x95#\x19$g=\xcd\
_\xbd}\xb1l\x1d_\xf9U\x10+\xa7\x03N\xd1s\
}M\xb1\xf5o%\x05\xd0\x8ag\xf2\xe3'\xbfAT\
\xb1V.\x9bt\x9bGE\xfeu\x0e+\xb1\x9e5I\
]\x89\x8a\x8ec\x80\x17\xd6\xa6\x02\xa0o\x99\x89\xa8\x9b\
\xb21\x9b\xb2#\xc5.)\xfbiqY\x18\x164\xbb\
O\xb5^\xa2\x91\xf2/\xcc\xdfA]F2sY\xda\
\x15\xb7\x95j\xd3\x11\x86\x94\xf1\xf4\x15\xa7\x8a\xf3\xab\xcf\
\x9a~\x87\xd4e\x94}\x9d\x14\xde\xf2\xd7\xfc\x84\xc5\x18\
\xa7b\x8cV'\xa1q1L\x99\xbc\xb8\x99\xbb\xe3\x8a\
\x96\xaa\xdf\xb7\x08\x9e\xbc\x9a\xd6\x849\xea(\x98\xd7\xa9\
\xc9M\xc8\xa2\x05.\x0d:\x97\x15\xee\x1e\x08\xdd\xb4b\
\x9d\x8a1@\x09E;\x1e\xd4\xbbM\x02\x1b\x8a1N\
\xdb\xefK\xb6\x80\x19\x8a\x5cS\xf6\x8a\x5cP\x17#\xc1\
\xa5\xdai\xf8\xa2\x81\x5cf\xda6\xd3\xe8\xe7\xde\x80\x1b\
\xb6\x8d\xa2\x9f\x83\xe9F(\x01\xbbG\xa5W\xbb^\x14\
\xfe\x15k\x15\x1d\xc2\xe6\x13\xecsI\x93=b\xca8\
\xa3\x14\xfcQ\x8a\x93\x98f(\xc5?\x14b\x80\x19\x8a\
1O\xc5\x18\xa0\x06b\x8cS\xf1F(\x01\x98\xa3\x14\
\xfcQ\x8a\x00f(\xc5?\x14b\x80#\xc7\xb5\x18\xa9\
1I\x8a\x00f\xda6\xd3\xf1F(\x02=\xb4m\xa9\
1I\x8a\x00\x8fm\x18\xa91F(\x19\x1e)1R\
b\x93m\x003\x14\x98\xa96\xd2m\xa0\x06c\xda\x93\
\x14\xfd\xb4c\xda\x98\x0c\xc5&)\xf8\xa3\x14\x80f)\
1O\xc5\x18\xa2\xc3\xb9\x1e(\xc5?\x14\x98\xa0\x06b\
\x93\x15&)1@\x11\x95\xa4\x22\xa4\xc5&(\x022\
)1Rb\x90\xad0\x19\x8aLS\xf6\xd2\xa2\x17p\
\xbe\xb4\x86Mk\x1e\xd8\xf7wo\xe5Sb\x9d\xb7\x1c\
\x0e\x94b\xac\xeb\x8a\xb2\xb0\xccRS\xf1I\x8ac\x1b\
\x8a\x15r\xea\x0f\xad.(\x1c\x10}\xe8cOS\x0a\
h\xf6K\x22\xff\x00u\x88\xa8\xf1W\xb5H\xfc\xbdB\
u\xed\xbb#\xf1\xaa\xa4W\x14]\xd2g\x99V<\x93\
\x94{6O\xa4O\xf6MV\xd2|\xe3\xcb\x95M{\
\xa1\x1c\xf1\xd2\xbc\x0f\xee\x10\xc3\xaa\x9c\xd7\xbci\xb2\x8b\
\x9d:\xdao\xef\xc4\xa7\xf4\xae<b\xd9\x9c\xf5\x07\x11\
HEJR\x9aV\xb8LH\xb6\xd2\x15\xa9qM\xdb\
L\x08\x88\xa6\x95\xa9\x8a\xd3H\xc5\x00W\x94\x88\xd4\xb1\
\xe9Y\xd2\x13#\x16=MY\xb8\x93\xcc~>\xe8\xe9\
Ikg%\xf5\xca[\xc2>w=}\x07sR\xd8\
\xd2,\xf8\x7fG:\x9d\xd6\xf9A\xfb4G/\xfe\xd1\
\xec\xb5\xdb\xe3\xd0c\xd8TvvQXZ\xa5\xb4#\
\xe4A\xd7\xd4\xf751\x15\xe6\xd5\xa9\xce\xfc\x8aHm\
\x14\xb4b\xb2\x18\xda)h\xc5+\x08n+\x8b\xf1\x9e\
\xa5\xf6\x9b\xb5\xb0\x8c\xfe\xee\x0e_\xdd\xcf\xf8WW\xaa\
_\xae\x99a-\xd3rTaG\xab\x1e\x95\xe6\xeeZ\
Fg\x90\xeev%\x98\xfa\x9a\xea\xc3S\xd7\x99\x89\x90\
\x15\xf4\xae\xaf\xc1\x9a>\xd5:\xa4\xcb\xf36V\x00{\
\x0e\xedX\x9aN\x96\xda\xad\xfcv\xc3\x88\xfe\xf4\x8d\xfd\
\xd5\xafEH\xd24X\xd1B\xaa\x8c(\x1d\x85i\x89\
\xa9e\xca\xba\x82Bb\x92\x9eE%p\x147\x14\x94\
\xecRR\xb0\x0d\xc5&)\xd8\xa3\x14\x80m%8\x8a\
LR\x01\xb4R\xd1\x8a@%4\x8au\x14\x01OS\
\x88\xcd\xa7]F:\xb4,?J\xf1e_\x90}+\
\xdd6\x86\xe1\xba\x1e\x0dx\xc6\xa5f\xd6\x1a\x85\xcd\xab\
\x0c\x18\xa4+\xf8u\x15\xede\x12\xf8\xa3\xe8rbV\
\xcc\xd6\xf0,\xa15Y\xe1'\x99a\xc8\xfc\x0ek\xb6\
+\xb8\x15\xf5\x04W\x9ai7\xbf\xd9\xba\x9d\xbd\xdf\xf0\
\xc6\xdf?\xfb\xa7\x83^\x9aq\xd4\x1c\x83\xc8>\xa2\xbd\
\xc8\xb3\xcf\xa8\xb59\x06M\xa4\xa9\xea\x09\x14\xc2+O\
X\xb50]y\xa0|\x92\xf2=\x8fz\xcf#5\xb2\
fdEksJ\xd4\xc5\xc0\x16\xf3\xb6&\x1c+\x1f\
\xe3\xff\x00\xeb\xd61\x5cSH\xa7\xb83\xac\x22\x93\x15\
\x95a\xac\xf4\x8a\xec\xfb\x09\x7f\xc6\xb5\xb8 \x10A\x07\
\xa1\x1d\xeav$i\x14\x94\xeaB(\x10\xb1K$\x0e\
\x1e'(\xc3\xb8\xabGY\xbd\xc67\xa7\xd7mS\xa2\
\x95\x93\xdc\x14\x9a\xd9\x89#4\x8e]\x98\xb3\x1e\xa4\xf7\
\xabZ]\xf0\xb2\x9c\x89?\xd5?\x0d\xec}j\xad!\
\x19\xab\xd1\xab\x13\x198\xbb\x9dj\xb0e\x0c\xa4\x10z\
\x11\xde\x96\xb9k{\xcb\x8bC\xfb\xa9\x08_\xee\x9eE\
h\xc5\xe2\x0e14\x07>\xa8k\x07I\xad\x8e\xc8\xe2\
\x22\xf7\xd0\xd8\xa5\xcdf\x8dv\xcf\xbb8?\xee\xd2>\
\xbfh\xa3\xe4\x129\xfab\xa7\x92]\x8bua\xdc\xd3\
\xaa\x9a\x86\xa0\x961d\x90do\xb8\xbe\xb5\x99q\xe2\
\x09\x9cb\x08\x84\x7f\xed7&\xb2\xe4w\x95\xcb\xc8\xc5\
\xd8\xf5&\xb5\x85.\xe651\x0a\xd6\x88\xd2K\x12\xcc\
rI\xc95\xc4|P\xd3\xc3\xdaYjJ>h\x9c\
\xc2\xe7\xd4\x1e\x9f\xadv\xf5\xcd|E*<- =\
Zd\x0b\xf5\xcdt=\x8eH|H\xf2\xb3A\x5c\xd1\
J\x07\x15\x84\xf6;\xe8\xee\xc8\xe9\xa4b\xa5#4\xd2\
*\x0e\x82\x223\xc8\xa6\x91\x9a\x94\x8cSH\xcd;\x92\
B\xebP\x91V\x88\xcfZ\x86D\xc743\x1a\xb0\xba\
\xb9\x7f@\xd5>\xc1s\xe4\xca\x7f\xd1\xe68o\xf6\x1b\
\xb1\xae\xb8\x8c\x1cW\x9f\x10\x08\xe6\xba\xbf\x0e\xeaF\xf6\
\xd0\xdb\xca\xd9\x9a\x01\x8c\x9f\xe2^\xc6\xbc\xac}\x0f\xf9\
{\x1f\x99\xe1c\xe8\x7f\xcb\xc8\xfc\xcdR))h\x22\
\xbc\xb3\xcb\x1bE-%\x02\x0aJZ($n))\
\xd4\x86\x81\x09E\x14P \x22\x92\x96\xa8\xeaW[\x17\
\xc8C\xf37\xde>\x82\xb4\xa5I\xd4\x9a\x84AG\x99\
\xd9\x15o\xee\xbe\xd1&\xc4?\xbb^\x9e\xe7\xd6\xaa\x1a\
u%}\x1d:q\xa7\x15\x18\xecu\xa5ed7\x19\
\xacM^\xfb\xce\x7f\xb3\xc6\x7fv\xa7\xe6#\xf8\x8d^\
\xd5\xaf\x0d\xb4^\x5cg\xf7\xb2\x0e\xbf\xdd\x1e\xb5\x85\x8e\
1Z\xa3\xbb\x0bG\xfe^?\x90\xd3\xebU\xe4m\xc7\
\xda\xa5\x91\xbf\x84T8\xae\x8aq\xb6\xac\xf5\xe9B\xda\
\xb1\xa6\x93\x14\xe2)1[\x1b\x0c\x22\x9bR\x11M\x22\
\x98\x86\x11M\x22\x9fM\x22\xa8Ci)\xc4R\x1a`\
7\xa54\x8e\xf4\xfaLU \x19M4\xf2)\x08\xa6\
\x2221E8\x8c\xd3i\xa0\x10\x8ai\x14\xfaB*\
\x842\x8aSIM\x09\x88i\xbd)\xe6\x9aj\x844\
\x8aJu4\x8cS\x00\xa4\xa5\xa2\x98\x844\x94\xeaJ\
\x00J(\xa2\x80\x03@\xa2\x93\xa5!\x8bIKA\xa0\
\x04\xa5\xa4\xa9Z\xd6\xe1m\x85\xd3A(\xb7c\xb4J\
P\xec'\xd3=)0#\xa6M\xfe\xac\xd3\xe9\x93\x7f\
\xab5\x13\xf8X!\xd4QE]\x80)zP)\x0d\
1\x05\x14R\xf4\xa0\x02\x83E'Z`(\x14\xb4P\
h\x00\xa2\x81K@\x00\xa5\xa2\x96\x93\x18S\x85\x00R\
\xd4\x80P(\xa9\xad\xad\xda\xe1\xf6\x8e\x00\xea})6\
=\xb5,\xe9@\xf9\xac\xd8\xe3\x18\xcdi\x93\x9adQ\
\xacH\x11F\x00\xabzv\x9b{\xac^\xa5\x8e\x9dm\
%\xd5\xd4\x9fv4\xfed\xf6\x15\x83Ww9\xe7;\
\x95\xaa\xc6\x9f\xa7^\xea\xd3y:u\xa4\xf7rzD\
\xb9\xc7\xe3\xd2\xbd_\xc3_\x06\xecl\xd5.<C7\
\xdb\xa7\xeb\xf6X\x89X\x93\xea\xc3\x96\xafB\xb5\x82\x1b\
\x18\x05\xbd\x9c\x11[B\xbc\x04\x89v\x81V\xa2s\xca\
\xb2[\x1e-\xa6\xfc\x1f\xf15\xe8\x0dw\xf6]9\x0f\
8\x95\xf7\xb7\xe4+\xa1\xb4\xf8!f\x80\x1b\xcdv\xe2\
S\xdcC\x08_\xd4\x9a\xf4\xa3E\x1c\xa8\xc9\xd5\x938\
\x98\xbe\x0fxZ 7\xfd\xbec\xdc\xb4\xc4g\xf2\xa9\
\xc7\xc2\x7f\x08\x8f\xf9r\xb8?\xf6\xdd\xab\xae\xabv:\
M\xe6\xa1\xf3C\x16#\xff\x00\x9e\x8f\xc0\xff\x00\xeb\xd0\
\xec\xb5bR\x9c\x9d\x91\xc1\xc9\xf0\x93\xc2n\xb8[{\
\xb8\x8f\xaaNk&\xff\x00\xe0\xad\x8b\xab\x1d;W\xb8\
\x81\xbb,\xe8\x1c\x1f\xc6\xbd\xaa\x1f\x08\xa0\x19\x9e\xe9\x98\
\xfa\x22\xe0U\x83\xe1[\x0c}\xe9\xb3\xeb\xba\xb1u`\
tF\x8dc\xe5\xcdo\xe1\xd7\x88\xf4%id\xb3\x17\
v\xeb\xff\x00-\xadN\xe0>\xab\xd4W4\x08l\xe0\
\xf4\xeb\xed_]^xbku2YL\xd2\x11\xfc\
\x0d\xc1?C^{\xe2\x7f\x00h\xde&\x0f$\x91}\
\x86\xff\x00\xa0\xba\x85ps\xfe\xda\xf45J\xd2\xd6 \
\xe7(;TG\x87\xd9_\x5ci\xf3,\xb6\xceU\x81\
\xce\x0fC^\x8d\xa1\xeb\xf6\xda\xe4$\xc7\xfb\xbb\x84\x19\
\x92\x13\xd4{\x8fQ\x5c?\x88|5\xa9xZ\xf8Z\
j1\x00\x1f\x98fNRa\xea\x0f\xf4\xaa\x16\xd7\x13\
Y\xdcGso!\x8eh\xceU\x87\xf9\xe9P\xd1\xb4\
_S\xd6\xa8\xaa:.\xad\x1e\xb3`\x97H\x02?\xdd\
\x96?\xee7\xf8U\xea\x83@\xa2\x8a(\x00\xa2\x8a\x00\
\xa0\x0c\xcd\x7fD]f\xcc\x04\x00]E\x93\x0bz\xfa\
\xa9\xf65\xe7\xcc\x85K$\x8aU\x94\x95e=A\xf4\
\xafU\xaec\xc5\xfa\x1f\x9c\xad\xaa[&dQ\xfb\xf5\
\x1f\xc4?\xbd\xf5\x15\x12]KL\x9f\xc2z\xe1\xbe\x87\
\xec\x17-\x9b\x98\x97\xe4c\xff\x00-\x17\xfcEt\x15\
\xe5\xb0\xcb%\xbc\xa94.RD;\x91\x87c^\x8b\
\xa3\xea\xb1\xeb\x16B\xe1@Y\x17\xe5\x95?\xba\xdf\xe0\
i'ph\xbb@\xa2\x96\x98\x84eWFGP\xe8\
\xc3\x0c\xa7\xa1\x15\xc2k\xfa\x13h\xf3\xf9\x91\xe5\xad$\
?#\x7fp\xff\x00t\xd7yM\x9a\x08\xae\xa1x'\
A$N0\xca{\xd4\xb5q\xa7c\xcc\x0a\x86\x18=\
*\x07\x8c\xa1\xc7n\xd5\xb3\xadh\xb2\xe8\xd7\x01\x09/\
o'\xfa\xa9=}\x8f\xbdg\x95\x0c0j65\x8b\
+\x81\x8ap\x19\xa0\xa1\x07\x06\x96\x93f\xa81N\x02\
\x80)\xc0R\x18\x01N\xa2\x94\x0aC\x00)\xe0z\xd0\
\x058\x0a\x96\xc0\x00\xa7\x81GJP*F\x00S\xc0\
\xcd\x00f\x9c\x06)\x5c`\x06)q@\x14\xe0\xb9\xa4\
\x00\x06i\xfd(\xa7*\xd4\x8c\x15{\x9ax\x5c\xd0\xab\
\x9a\x90\x0a\x00\x00\xa7\x01J\x05=V\xa4b*\xe6\xa4\
\x03\x14\x01R*\xe2\xa4b*\xfa\xd4\x80P\x05H\x05\
&\xc0@\xb4\xf0(\x02\x9e\x16\x90\xc0-<-\x00T\
\x8a\xbe\xb4\xae\x02*\xe6\xa4\x0b\x8a\x00\xa7\x81Hb\x01\
O\x03\xd2\x85\x5c\xd4\x81qH\x04T\xc7Zx\x19\xa5\
\x0b\xebO\x0b\x9aC\x10.8\x14\xf0\xbe\xb4\xa0b\x9e\
\xa9\x9e\xb4\x80@\xa4\xd4\x8a\xb8\xa5\x02\x97\x14\xae0\x02\
\x94\x0c\xd2\x81\x9axZ@c\xbc{\x1d\x94\xf65g\
No.\xf2#\xd8\x9c~t]\xc7\x89\xc9\xf5\xe6\xa3\
_\x90\x86\x1dA\xcdD\x95\xd5\x8e\xb8J\xd6gF\x17\
\x1di@\xa5_\x98\x06\xecFi\xc0W\x11\xe8\xdc@\
)\xc0R\x81N\x034\x08n+q>eS\xea+\
\x1fml[\xfc\xd0F}\xab\x97\x13\xb2eE\x8e\x02\
\x9c\x07\xad.1K\x8c\xd7!B})qK\x8cR\
\x81M \x10\x0aP\xb4\xe0)q\xebT!)%%\
\x22v\x1dB\x93\xfaS\xc0\xa4\x95wE \xf5S\xfc\
\xa9\xad\xc4\xf68\xd5\x1cU\xed>\xdc6da\x9cp\
*\xaa\x8e\x05i\xe9\xc30\x91\xe8k\xdcl\xf2\xa5\xb1\
`\x0ap_ZP1N\x0b\xf8R\xb9\x90\xc6\x8d]\
J\xb0\xc85\x9bql`|\x7f\x09\xe8k`\x00)\
\x93\xdb\x89\xe3*z\xf64\x8aN\xc6U\xbc\xafm2\
\xcb\x1f\xde_\xd7\xda\xba\x9by\x92\xea\x15\x9a?\xba\xdf\
\xa1\xf4\xae]\x90\xa3\x15#\x04U\xed*\xf0\xda\xcd\xb1\
\xcf\xee\xa4\xeb\xec}k\x0cE.uu\xba:iT\
\xe5v{\x1b\xe5C\x02\x08\xc8=k>HLNT\
\xf3\xe8}Ei\xe0\x0ad\xf0\xf9\xc9\x81\xf7\x87C\x5c\
T\xa7\xca\xce\xb6\x8es\xc4Z\x9a\xe8\xba=\xc5\xe1?\
:\xae\xd4\x1e\xacx\x15\xe2\xac\xcc\xec\xce\xc4\x96c\x92\
Os]\xd7\xc4\xfdL\xbd\xd5\xbe\x98\xa7\x02!\xe6H\
?\xda=?\xaf\xe7\x5c.+\xe8\xf0T\xf9a\xcd\xdc\
\xe7\x9b\xd4(\xc7\xa0\xc9\xa7\x01Z\x1a-\xa7\xda/\x03\
\xb0\xcaE\xf3\x1f\xafj\xea\x94\x94Sl\xaa4\x9dY\
\xa8G\xa9\xb3\xa7\xda\x0b;D\x8b\xf8\xbe\xf3\x9fsV\
qK\xde\x993\xf9Q3w\xe8>\xb5\xe6k9y\
\xb3\xec\x92\x8d(Yl\x91F\xe9\xfc\xc9\xd8\x8e\x8b\xc0\
\xa8\x1d\xbc\xb4,{T\x81j\xbd\xdb}\xd4\xfcM{\
\xb1\x8a\x84TWC\xe7\xaa\xd4m\xb9\xb2\xae\x09\xe4\xf7\
\xa5\x0bN\xc5.)\x1cW#\x90\xedC\xef\xc5C\x8a\
\x96S\x96\xc7\xa53\x15\x94\x9d\xd9\x84\xdd\xd8\x98\xa9!\
\x81\xae&HW\xab\x9cSqZ\xda\x05\xb6\xe9d\xb8\
#\x84\x1bW\xeaz\xd6U%\xcb\x16\xcd0\xd4}\xb5\
X\xc3\xbf\xe4l*,j\xa8\xa3\x0a\xa3\x02\x9d\x8a\x5c\
R\xe2\xbc\xc3\xec\x04\x02\x8cS\xb1@Z\x04 \x15\x9d\
r\xdb\xe7c\xd8p+I\xce\xc4f\xf4\x15\x98\x05w\
\xe0a\xab\x91\xe7\xe3\xeah\xa03\x06\x97m>\x8a\xf4\
O0n\xdaP\x05.)q@\x0d\xa5\xa5\xdbK\x81\
@\x0d\xa3\x06\x9d\x8a\x5cP\x03qF)\xd8\xa3\x14\x00\
\xdcR\xe2\x9d\x8a1@\x86\xe2\x8a~(\xc5\x007\x14\
b\x9dE\x007\x14\x8e\xbb\x91\x87\xa8\xa7\xe2\x94\x03@\
\x19\xa0Q\x8a\x91\xd0\xab\xb0\xc7CM\xdaj\x0eQ\xb8\
\xa5\xc5;i\xa3i\xa4\x03v\xd2m\xf6\x14\xfd\xa7\xda\
\x8d\xa7\xda\x80\xb8\xcd\xbe\xc2\x97m;i\xf6\xa3i\xf6\
\xa0.7\x14\x98\xa7\xed4m4\x00\xccQ\x8a~\xd3\
\xe9I\xb7\xda\x98\x0d\xc5\x18\xa7c\xda\x8cP\x031F\
)\xf8\xa3\x02\x80\x19\x8a1O\xc0\xa4\xc5 \x19\x8a1\
O\xc5\x18\xa0\x06b\x93\x14\xfcQ\x8a\x00f)1O\
\xc5\x18\xa6\x031I\x8a\x93\x14\x98\xa0\x06b\x9b\xb6\xa4\
\xc5\x18\xa0\x08\xca\xd2b\xa4\xc5&(\x19\x1e(\xc5I\
\x8aB\xb4\x01\x1e)1O\xdbF)\x80\xccRb\x9f\
\x8aLR\x01\x98\xa4\x22\x9f\x8a\x08\xa0ddU\x8bH\
\xf8.~\x82\xa2\x0aI\x00u5yP\x22\x85\x1d\xa9\
\xa3Jj\xee\xe3H\xa4\x22\xa4\xc5!\x15GA\x1e)\
1R\x11I\xb6\x80#\xc5!\x15&)\xa4pi\x8c\
\xa3\xae\xc7\xb6\xff\x00v>\xfa)\xac\xfcV\xcf\x88\x13\
\x9bi=P\x83Y\x04W\x05'x#\x93\x1f\x1e\x5c\
D\xfe\xff\x00\xbfQ\x84f\xbd\x9f\xc17\x1fi\xf0\xbd\
\x8b\x1e\xaa\x85\x0f\xe0Mx\xd1\x15\xea_\x0cn<\xdd\
\x01\xe1\xef\x0c\xc7\xf25\x8e-^\x178j-\x0e\xb4\
\xa8\xa6\x95\xc5IEy\xa6\x04%i\xa5jr\xb9\xa6\
\x15\xa0d$U[\xb906)\xfa\xd5\xb9\xdcD\x99\
=OJ\xcea\x93\x9e\xe6\x93`BF+\xb0\xd04\
\x8f\xec\xebo6U\x1fh\x94e\xbf\xd9\x1d\x85f\xf8\
oJ\xfbD\xdfl\x99\x7fu\x19\xf9\x01\xfe&\xf5\xfc\
+\xa85\xc9^\xa7\xd9E$%!\x14\xeaJ\xe4\x18\
\xd2))\xf4\x84P\x03)1N\x22\xa9\xea\xb7\xeb\xa6\
X\xc9p~\xf8\x18A\xea\xc7\xa5\x0a-\xbb 9\x7f\
\x17j\x1fi\xbd[H\xcec\xb7\xfb\xde\xee\x7f\xc2\xb0\
\x0e\x075+nbY\x8e\xe6'$\xfa\x9a\xd6\xf0\xd6\
\x945\x0b\xef:E\xcc\x16\xe41\xcf\xf17a^\x92\
\xb58z\x12oxkI\xfe\xcc\xb0\x0d \xc5\xc4\xf8\
g\xf6\x1d\x85kS\xa91^l\xa4\xe4\xee\xc7a\x0d\
4\x8a}&*\x00f)1O\x22\x9b\x8a\x06%&\
)\xd4\x98\xa0\x06\xd2b\x9dIH\x06\xd1\x8au!\x14\
\x80m&)\xd4R\x01\xb5\xe7\x7f\x104\xf3\x0e\xaa/\
Q~I\x94\x07\xc7\xa8\xef^\x8b\x8a\xc9\xf1\x1e\x9f\x1d\
\xed\x89\xf3\x17r\xaf\x0c=\x8f\x7f\xc2\xba0\x95\xbd\x8d\
E.\x84N\x0ak\x94\xf2VZ\xec\xfc\x1f\xad\x0b\xab\
q\xa6\xce\xdf\xbf\x84~\xe8\x9f\xf9h\x9e\x9fQ\x5c\xbd\
\xfd\x84\xba}\xc1\x86NGUo\xef\x0fZ\xae\xac\xf1\
H\xb2\xc6\xec\x92!\xdc\xae\xbdT\xd7\xd4\xc2i\xaeh\
\xecy\xb3\x87Fzm\xd5\xb2]B\xd1?\x00\xf4?\
\xdd>\xb5\xcdO\x03\xdb\xca\xd1H0\xc3\xf5\xf7\xab\xda\
\x0f\x8a\x22\xd4\xb6\xdb^\x15\x86\xf3\xa0=\x16_\xa7\xa1\
\xf6\xad[\xeb\x14\xbc\x8fc\xfc\xae\xbfu\xbd+h\xc8\
\xe7j\xda3\x98\x22\x9aW\xd2\xa7\x9e\xdeKi\x0cr\
\xae\xd6\x1f\x91\xfaTDV\x89\x89\xa2\x22*{[\xfb\
\x8b#\xfb\xa6\xcawF\xe4S\x08\xcd0\x8ab7-\
\xf5\x9bi\xf0$\xcc/\xe8y\x1f\x9d^\x18q\x95!\
\x87\xa8\xe6\xb92)c\x96HNb\x91\x90\xff\x00\xb2\
h\xe5\xec+\x1dY\x14\xda\xc1\x8f\x5c\xbd\x8f\xef\x14\x90\
\x7f\xb4*e\xf1\x09\xfe;`}\xd5\xa9r\xb2ll\
R\x1a\xcd_\x10[\x9f\xbd\x0c\xab\xf4\xe6\x9e5\xdb#\
\xd4\xc8>\xabE\x98\xac^\x22\x9aET\xfe\xdb\xb0\xff\
\x00\x9e\xc4\x7f\xc0M#k\x96\x03\xfeZ\xb1\xfa)\xaa\
W&\xc5\xcaJ\xcc\x97\xc46\xcb\xfe\xae)_\xeb\xc5\
P\xb9\xd7\xee\xa5\x1bbU\x80z\x8eMRL,n\
\x5c\xddAh\xbb\xa7\x95c\x1d\x81\xea\x7f\x0a\xa4<A\
`[\x05\xa4\x03\xfb\xc5x\xaeq\xcb;\x97v,\xc7\
\xa9'&\x9bV\xa2\x85c\xb5GYP:0da\
\x90GC\x5cG\xc5\x0b\xcd\xb0\xe9\xf6 \xf2\xcc\xd38\
\xf6\x1c\x0a\xe9<2\x1d\xad$_\xe0\xf30\xbf\xd6\xbc\
\xe3\xc6\x1a\x98\xd5\xbcCs2\x1c\xc3\x16!\x8f\xe8:\
\xfe\xb5\x12\xd3B\xe9\xafx\xc3#4\xb8\xc0\xa5+\xe9\
JEa6v\xd1[\x8c4\x84f\x9cE!\x15\x06\
\xe4db\x9aEJFi\x84b\x98\x11\x91\x9an;\
T\x84SH\xcd2J\xce\xbbO\xb5Iex\xf6\x17\
q\xdc\xa7\xf0\x1f\x98\x7fy{\x8aW\x5c\x8cT\x04b\
\xa6QMY\x9cU\xa9\xad\x9e\xcc\xef\xd5\xd2DY\x10\
\xeeG\x1b\x94\xfa\x8aZ\xc5\xf0\xbd\xef\x9bl\xf6n~\
h~d\xf7S[U\xf3\x95\xa9\xbaspg\xcdV\
\xa6\xe9\xcd\xc5\x88E%:\x93\x15\x99\x90\xda)i(\
\x10RR\xd1A#H\xa4\xa7Rb\x81\x10\xdc\xdc\x0b\
hK\x9eOE\x1e\xa6\xb1Y\x8b1f9brM\
Y\xbf\x9b\xcf\x9c\x80~T\xe0\x7fZ\xab^\xee\x0a\x87\
\xb3\x85\xde\xec\xe9\xa7\x0eT\x04S%\x91a\x8d\xa4s\
\x85Q\x93O\xac\xadn|\x04\xb7S\xd7\xe6o\xe9]\
\xa8\xde\x9d>y(\x99sL\xf7\x134\xaf\xf7\x98\xfe\
^\xd5\x0c\x87h\xe2\xa5\x0a\x5c\x85U,\xc4\xe0\x01\xd4\
\x9a\xee|W\xf0kY\xf0\xc7\x86\x17\xc43^[\xcd\
\x1a\x22\xb5\xc5\xb8\x18hC`p\x7f\x8b\x93ZE+\
\xea{t\xa0\x9b\xb7C\xce\xc8\xcd4\xd3\xc8\xc54\x8a\
\xeaL\xeb\x18E!\xa7\x91M\xa6!\xb4\xd2)\xe4S\
H\xa6\x03\x08\xa4\xa7\x9ai\x18\xa6\x840\x8aJy\xa6\
\x91T!\xa6\x92\x96\x93\xa5P\x09L#\x14\xf2)\x08\
\xcd4!\x86\x90\x8c\xd3\xa9)\x80\xca)H\xa4\xaa\x01\
\xa4RS\xe9\xa4S\x10\xdaCKE4!\xa6\x90\x8c\
\xd3\xb1Hj\x842\x8aR)*\x90\x84\xa5\xa2\x86F\
B\x03+)##p\xc6E\x006\x8aSI@\x05\
\x14Q@\x09KA\xa0R\x19\xed\x9f\x05\xbc-\xf0\xc7\
Z\xf0n\xads\xe2\xdb\xc8\x17RVea4\xa5\x0d\
\xbcx\xf9Y1\xd4\x9e\x7f*\x9a\x0f\xda7O\xb0\xf0\
\x90\xf0\xba\xf8J\xda\xfa\x08-\xcd\xacsH\xc1RU\
\x03\x0a\xec\x98\xc8$`\x9ez\xd7\x86\x95\x07\xa8\xa4\xac\
}\x8am\xb6\xc2\xe2\x8e\xa7\xb52o\xf5f\x9dM\x97\
\xfdY\xaa\x9a\xb4X\x0e\xa2\x94\xab\x00\x09V\x00\xf4$\
c4t\xad\x10\x01\xa4\xa2\x8a\x04(\xa2\x8a\x0d0\x12\
\x9c\x05 \x14\xea\x00C@\xa2\x8a\x00ZZAJ)\
0\x14R\x8a\x074\xe1Ha\xd6\x8a)EH\xd0\xa8\
\x85\xd8(\xe4\x93\x8a\xda\xb7\x81`\x8c \xfcO\xa9\xaa\
\x1al{\xa7\xdc\x7f\x84V\xa30U,z\x01\x93Y\
\xc9\x98\xd5\x96\xb64\xbc?\xa0_x\x9fU\x8bL\xd3\
\xd4y\xaf\xf3<\x8d\xf7bA\xd5\x9a\xbd\xf7\xc3^\x18\
\xd3|'\xa7\xfd\x8fN\x8f\xe6o\xf5\xd7\x0c?y9\
\xf5>\x83\xda\xb1\xfe\x18xi|?\xe1\x98\xee%L\
_j M1=U\x7f\x81\x7f*\xebi\xc5\x1e}\
Y\xdd\xd9l\x14\x1a))\x99\x85%\x04\xd1@\x1b^\
\x1e\xd1\x92\xf4\x9b\xab\x81\x98P\xe1S\xfb\xe7\xdf\xda\xba\
\xa0\x02\x80\x00\x00\x0e\x80VG\x85\xeec}5`\x0c\
<\xc8\x89\x0c\xbd\xf9=k^\xb8*\xb6\xe4\xeez\xd8\
x\xc5A5\xd4)\xb4\xa4\xd2\x1a\xcc\xe8\x02k\x8e\xf1\
$+\x0e\xa8\xc5\x00\x02E\x0c~\xb5\xd5\xdc\xddAi\
\x19\x92y\x15\x14z\x9a\xe2\xb5;\xef\xed\x1b\xd7\xb8\xc6\
\xd5\xfb\xaa\x0f\xa0\xad\xa8'{\x9cx\xb9.[u2\
5\xad\x16\xcf\xc4Zd\xbam\xfan\x86NU\xbf\x8a\
&\xec\xc3\xde\xbe\x7f\xd4\xf4\xdb\x8d\x1bR\xb9\xd3\xae\xc7\
\xef\xed\xdfc\x11\xd1\xbd\x08\xfa\x8a\xfa4\x8f\xd6\xbc\x93\
\xe3\x0d\xa2C\xe2\x1b;\xa5\x18k\x9bo\x9f\xdc\xa9\xc0\
\xfd\x0do4sQ\x96\xb60\xfc\x13|mu\x8f\xb3\
\x13\xfb\xbb\xa5\xdaG\xfbC\x91]\xf5y~\x8a\xc55\
\x9b\x16^\xa2e\xafPn\xa6\xb2gZ\x0a(\xa2\x91\
@\x05-\x14R\x18Q\xf8\x03\xf5\xa2\x8aC8?\x12\
\xe8\x9f\xd97BXT\xfd\x92s\x94\xff\x00`\xf7Z\
\xa9\xa4j\x92\xe8\xf7\xabq\x18,\x87\xe5\x95?\xbe\xbf\
\xe2+\xd0o,\xe1\xd4-d\xb5\xb8\x19\x8eA\x83\xea\
\x0fb+\xce\xeflf\xd3n\xe4\xb5\x9c|\xe8z\xf6\
a\xd8\x8a\xcd\xab\x16\x9d\xcfH\x82h\xaeaI\xe1p\
\xf1H7+z\x8a}q~\x16\xd6\xfe\xc17\xd8\xee\
\x1b\x16\xd3\x1f\x95\x8f\xfc\xb3o\xf05\xda\x90A\xc7z\
i\xdc\x96\xac%:\x92\x96\x81\x11]Z\xc3{n\xf6\
\xd7\x09\xbe'\xea;\x8fq\xef\x5c\x16\xab\xa4\xcd\xa4]\
y2\x9d\xf1\xb71\xc9\xd9\xc7\xf8\xd7\xa1T\x17\xd60\
j6\xcdmp\xb9F\xe8GU>\xa2\xa5\xab\x94\x9d\
\x8f7e\x0c*-\xa4pkGR\xd3g\xd2\xaeM\
\xbc\xe3=\xd1\xc7G\x1e\xa2\xaa\xec\xdc9\xa85\x8c\xac\
D\x05:\x82\x084\xa0R5\x00)\xe0P\x058\x0c\
\xd4\x8c\x00\xa7\x01\x8a\x00\xc58\x0a\x91\x80\x14\xf03@\
\x19\xa7\x01\x8aC\x0a\x5cP\x05=W<\x9aW\x01\x02\
\xe6\x9e(\xa7\x05\xa9\x18\x05\xa9\x15}h\x0bO\x034\
\x80\x00\xcd<\x0a\x00\xa9\x15i\x0cEZ\x90\x0a\x00\xcd\
H\xabR1\x15qR\x01@\x14\xf0\xb4\xae\x00\x05<\
\x0a\x00\xa7\x85\xa9\x18\x05\xa7\x85\xa0\x0a\x91W\x14\x80\x15\
}i\xe0P\x05<\x0a\x06 \x14\xf5_ZU\x5cu\
\xebR\x01\x9a\x90\x10\x0ax\x5cP\x06*@\xbd\xcd\x03\
\x11W=i\xe0v\x14\x00MH\xaa\x05!\x88\xa9\x8a\
x\x14\xa0R\x81\x9a@\x14\xe0\xb4\xaa\xb8\xa7\x85\xcd!\
\x88\x16\x9e\x16\x94\x0axZ@Q\xbfNQ\x87\xd2\xaa\
\x85\xad;\xc8\xf7@H\xecsT\x02\xd4\xb3hlm\
X?\x99i\x19=@\xc5X\x02\xa9i\x0d\xba9#\
\xf4 \xd6\x88\x18\xaeI\xabI\x9e\x8d7x\xa1\x02\xfa\
\xd3\x80\xa5\x02\x97\xe9PP\x01Z\x96G6\xca=2\
+4-hi\xc7\xf7n\xbe\x875\x8dux\x15\x17\
\xa9g\x14\xa0f\x94\x0ap\x15\xc7b\x84\x03\x14\xa0R\
\xe2\x94\x0aap\x02\x94\x0aP)@\xcd\x02\x10qN\
\x0b\x93\xcd(\x18\xa7\x01@\xaeq\xf2G\xe5\xca\xe9\x8c\
mb*\xee\x9b\xc8u\xfa\x1an\xa7\x1f\x97\xa8L1\
\xd4\xe7\xf3\xa7i\xdcJG\xa8\xafj.\xf1L\xf3&\
\xb7F\x80\x18\xa9m\xad\x9e\xeae\x8a07\x1f^\xd4\
\xc0*\xc5\x9d\xc3\xd9\xcd\xe6\xa0\x07\x8c\x10{\x8afV\
\x12\xea\xcaK)\x02I\x83\x91\x90GCQ\x055n\
\xf6\xf1\xef]Y\x94\x22\xaf\xddQP\x85\xa42\x95\xed\
\xa8#\xcdQ\xc8\xeb\xefT\xb6\xe6\xb6\xf0+6\xee\xdf\
\xc8|\x8f\xba\xdd=\xa9\xa2\xa2\xfa\x1aZE\xe7\x9a\x9f\
g\x90\xe5\xd4|\xa4\xf7\x15\xa0\xec\xb1\xa3;\x1c*\x8c\
\x93\xed\x5c\xbaH\xf1\xba\xba\x1c2\x9c\x83Rx\xc7\x5c\
[\x7f\x08\xdd\x5cF\xdbe\x94\x08@\xee\x0985\xc9\
S\x0e\xdc\xd7/S\xb2\x95M,\xcf#\xd7u\x16\xd5\
\xf5\x8b\xbb\xe69\xf3\xa4$}:\x0f\xd0\x0a\xa3\x8a\x00\
\xa7\x05\xaf\xa4\x8cTRH\xccoJ\xe9\xf4\x9bO\xb2\
\xd9(#\xe7\x93\xe7o\xe9X\x9au\xaf\xda\xaf#\x8c\
\xfd\xdc\xeeo\xa0\xae\xab\xe9\x5c\xd8\xa9\xed\x13\xda\xc9\xe8\
j\xeb?E\xfa\x8d\x0bUo\x9b\x95\x8ct\x1c\x9a\xbb\
\x8a\xcf\xba\xff\x00\x8f\x87\xfc)`\xa3z\x97\xeczX\
\xe9\xda\x9d\xbb\x90\xe2\xa9\xdcs3{U\xdcUK\x94\
\xc4\xc4\xfa\xf3^\xab<*\xbb\x10\xe2\x94\xf03\xe9N\
\x02\x997@\xbe\xb5\x0fDs\xc9\xd9\x5c\x83\xaf4\xb8\
\xa7b\x97\x15\x89\xcc7\x1e\xd9\xae\xa2\xc2\xdb\xec\xb6\x91\
\xc5\xfcX\xcb}Mbiv\xdfi\xbd@FU~\
v\xfc+\xa6\xeak\x93\x13-\xa2{yE\x1d%U\
\xfa/\xd4n)qKF+\x90\xf6\x83\x14R\xe2\x8c\
P\x17+^\xb6\x22\x0a?\x88\xd5<U\x9b\xc6\xdd6\
\xde\xca1Pb\xbd\x8c49i\xaf3\xc5\xc5O\x9a\
\xa3\xf2\xd0n)qK\x8a\x5cWA\xcc&(\xc5;\
\x14P\x03qK\x8av\x0d\x1bh\x011F)\xdbi\
qH\x06R\xe0\xd3\xf1F(\x10\xcd\xa6\x97m;\x14\
\xb8\xa0.3m\x1bi\xf8\xa5\xc5\x01q\x9biqN\
\xc5\x18\xa0.7\x14b\x9d\x8a1@\x5c\xa7r\x98\x97\
>\xa2\xa2\xdbV\xee\x97\xe5V\xf48\xaa\xf5,\xe7\x9e\
\xe36\xd2\xe2\x9dE\x22F\xe2\x8cS\xa8\xa0\x06\xe2\x8c\
S\xa8\xa0\x06\xe2\x8cS\xa8\xa0\x06b\x8cS\xe8\xc5\x00\
3\x14b\x9f\x8a1@\x0c\xc5&)\xf8\xa3\x14\x00\xcd\
\xa3\xd2\x93mI\x8a1@\x11\xed\xa4\xdajLQ\x8a\
\x00\x8fn)\x0dI\x8a1@\x5c\x8b\x14T\x9bi6\
\xd0\x17\x19\xb6\x93\x14\xfd\xb4m\xa61\x98\xa4\xc5?\x14\
`P\x031I\x8a~)1@\x0c\xc5\x18\xa7\xe2\x93\
\x14\x00\xccRb\x9f\x8a1@\x11\xed\xa4\xdbRb\x93\
\x14\x01\x19\x14\x98\xa91I\xb7\xd3\xad\x03\x1fk\x1eX\
\xb9\xed\xd3\xebVH\xa5H\xbc\xb4\x0b\xf9\xd2\xd5\xa3\xa6\
\x0a\xc8f\xdaL\x1a~)(,f(\xc5?\x14\xdc\
P\x03qMe\xe0\xd4\x94\x84qL\x06k\xb1\xee\xb0\
\x85\xf1\xf7X~\xa2\xb0\xb1]6\xa4\x9ef\x90\xde\xc1\
O\xeb\x5c\xe1\x15\xe7P\xd9\xaf23H\xda\xb2\x97t\
\x88\xf1]\xff\x00\xc2\x9b\x8c6\xa1l{\x84p?1\
\xfdk\x82\x22\xba\xcf\x86sy^!h\xb3\xfe\xba\x16\
\x1f\x97?\xd2\x8a\xea\xf4\xd9\xe6Oc\xd4\xb1IO\xc5\
&+\xca0\x1bA\xe9\xcd-G>V'#\xd2\x90\
\x14g\x93\xcdr{\x0e\x05>\xc2\xc1\xf5\x1b\xa5\x818\
\x07\x97o\xee\xadA]_\x86\xadV-8O\x80^\
bI>\xc3\xa0\xacj\xcb\x967\x19\xa3\x0c)o\x12\
E\x1a\xedD\x18\x02\x94\x8a~)1\x5c\x0c\xa1\x98\xa4\
\xc5?\x14\x84R\x01\xb4\x94\xe2)(\x011\x5cg\x8a\
/\xfe\xdb}\xe4!\xccV\xfcq\xdd\xbb\xd7K\xadj\
\x03M\xb1i\x01\xfd\xeb\xfc\xb1\x8f\x7f_\xc2\xb8lg\
\xbeOs\xeb]8x}\xa6&D\xb1<\x8e\xa9\x1a\
\xeev;T\x0e\xe6\xbb\xed3OM2\xca;e\xe5\
\x87.\xdf\xden\xf5\x89\xe1M7\xcc\x95\xaf\xe4_\x95\
>X\xbd\xcfs]9ZX\x89\xdd\xf2\xa0C(\xa7\
t\xa4\xc5r\x8cJLR\xd1H\x04\xa4\x22\x9dI\x8a\
\x040\x8aLS\xf1I\x8aC\x19A\x14\xecRR\x01\
\xb8\xa4\xa7b\x90\x8a\x00n))\xd4\x84R\x011M\
eWR\xac2\xa4`\x8a}&)\x01\xc6\xebZ2\
H^\xd2~1\xf3G'q\xef\x5cU\xe5\x94\xd63\
\x18\xa6\x5c7b:0\xf5\x15\xeb\x9a\x8d\x88\xbd\x87\x03\
\x02T\xe5\x0f\xf4\xaeZ\xf2\xca+\xc8\xcc\x17\x11\x92\x01\
\xfa\x15>\xd5\xe8\xe0\xf1\x8e\x9e\x8fTMJJ\xaa\xbf\
S\x83e\x07\x83]\x06\x8d\xe2\xe9\xec\x82\xdb\xdf\x86\xb8\
\xb7\x1c\x09\x07\xdfA\xfdEQ\xd4\xb4i\xf4\xf2_\xfd\
l=\xa4\x03\xa7\xd4v\xac\xe2+\xde\xa7R3\x5c\xd1\
g\x9d:m>Y#\xd2\xd4\xd9\xeb\x16\xa1\xe3t\xb8\
\x84\xf4e<\xa9\xfe\x95\x8fy\xa5Mk\x96L\xcb\x17\
\xf7\x80\xe4}Er\x16\xb7w:|\xde}\xa4\xcd\x0c\
\x9e\xab\xd0\xfdGz\xea4\xdf\x1cF\xf8\x8fR\x84\xc4\
\xdf\xf3\xda!\x95?Q\xda\xb6R0pkb\x0c\x03\
\xd2\x90\x8c\xd7C\xf6]?U\x8f\xcf\xb7t|\xff\x00\
\xcbH\x8f\xf3\x15F}\x0au\xc9\x89\xd6Q\xe8x5\
\xa2\x91\x9d\x8c\x921M#5j[I\xe0?\xbd\x85\
\xd7\xf0\xaa\xe4\x0e\xd5i\x88\x8c\x8ai\x15!\x19\xa6\x91\
\x8a\xab\x88a\x14\xda\x90\x8fJi\x14\xc0a\x14\xd2)\
\xe4b\x90\x8a\x09#\x22\x90\x8ay\xc0\xebRAes\
t\x7fs\x0b\xb7\xbe0?:\xa4\xc4\xca\xc4T\xf6:\
l\xda\x84\x98\x8f\xe5\x8c}\xe9\x0fA\xfe&\xb5\xad|\
:\xa0\x87\xbb}\xe7\xfey\xa7O\xc4\xd5\xeb\xfb\xdb=\
\x16\xc1\xaenYa\xb7\x88`*\x8eX\xf6P;\x9a\
\x1c\xfb\x08\xc8\xf1F\xab\x17\x86t\x1f*\xd8\xed\xb8\x98\
\x18\xa0^\xff\x00\xed5yX\x5c(\x15\xa3\xad\xea\xf7\
\x1a\xee\xa0\xf7\xb7\x1f.~X\xe3\x1d#^\xc2\xa8c\
=+\x16\xeeo\x08Y\x0dU\xe6\x94\x8a\x90.\x06)\
\x08\xaeyJ\xec\xed\x84yU\x88\x88\xa6\x91R\x11M\
\x22\x84\xca#\xc5!\x19\xa7\x91M4\xc4FF)\xa4\
T\xa4f\x98F*\x80\x8c\x8c\xd4\x12.\xd6\xc5Y#\
\xbdG*\xee\x5c\xf7\x143\x1a\xb1\xbcCM\xbb6\x17\
\xd0\xdc\x7f\x088ou5\xdc\x10;r;W\x9f\x91\
\x9c\x83]\x8e\x85u\xf6\xbd22\xc7/\x1f\xee\xdb\xf0\
\xe9\xfaW\x97\x98S\xd1T^\x87\x85\x98S\xd1Mz\
\x17\xa8\xa5\x22\x92\xbc\xb3\xca\x10\xd2S\xa9\x08\xa0Ch\
\xa5\xa4\xa0@j\x1b\x99<\x98\x1d\xfb\x81\x81\xf5\xa9\xaa\
\xa6\xa8ql\x07\xabV\xb4#\xcdR1}\xc2*\xed\
#&\x90\x8aZ+\xe9\x0e\xb1\x05sWS}\xa2\xe6\
I}O\x1fJ\xdf\xbd\x93\xc9\xb4\x96A\xd4.+\x9b\
\x03\x03\x14\xd1\xdb\x83\x8e\xf2\x13{DC\xa3\x15`r\
\x18\x1c\x10}ko_\xf8\x81\xe2\x7f\x13\xd8G\xa7\xea\
\xba\xac\x93\xdaG\x8f\xdd\x04\x0a\x1c\x8e\x85\xb1\xd6\xb0\xdb\
\xadFF+x-\x0f^\x94m\x1b\x8c>\x86\x9aF\
)\xe4f\x9aFEjh0\x8aC\xcd8\xf1HE\
R`2\x9aE<\x8aJb\x18E!\x14\xecR\x1a\
`2\x9aE<\x8amRb\x18E%<\x8ai\xaa\
\x10\xdaB)\xd4\x94\xc0i\x19\xa6\xd3\xe9\xa4S\x10\xda\
i\x18\xa7\x9ai\xaa\x01\xb4\x84f\x97\xa5\x14\xc40\x8a\
Jy\x14\xd2)\x80\x94\x84R\xd2\x1a\xa4H\xdaB)\
\xc6\x92\xa9\x01-\x8c\xb0A{o5\xcc\x1fh\x829\
\x15\xa4\x878\xf3\x14\x1eW>\xe2\xbd\x17\xe3_\x8f<\
3\xe3\x89\xf4\x83\xe1\xeb7\x88\xd9\xc2RIZ=\x9f\
)\xc6\xd4\x03\xb8_Z\xf33ED\xa9)IM\xf4\
\x1a\x93I\xa0\xa4\x22\x8aZ\xd0\x91\xb4QE\x00\x14\x9d\
)h\xa4\x01E%-\x00%2_\xf5f\xa44\xc9\
\x7f\xd5\x9a\x8a\x9f\x0b\x1a=\x97\xe2\x87\xc7\x1d\x0b\xc7\x9e\
\x11]\x06\xc3\xc2b\xc2D\x95^9\xdd\xd4\xf9 u\
\xda\x00\x1dk\xc7\x0d/jJp\x82\x8a\xd0\x02\x96\x81\
EX\x82\x93\xad\x06\x9c\x05\x00\x14\x1a\x0d\x02\x80\x01K\
E-\x00\x14\xb4\x0aQR1@\xc5-\x14R`\x14\
\xe1IN\x02\xa4\xa3GK\x18G>\xe2\xb4\xad`\x17\
Wv\xf6\xe7\xa4\xb2\xa2\x1f\xa1aY\xbaa\xf9\x5c{\
\x8a\xd1\xb6\x9f\xec\xd7PO\xff\x00<\xa5G\xfc\x98V\
Os\x9a\x7f\x13>\xa2dX\x88\x8dF\x15\x00P=\
\x00\x14\xdaVq)\x12!\xca\xb8\x0c\x0f\xa8\x22\x90\xd6\
\xa7\x9a\x84\xa0\x9a))\x00QE\x14\x00\xa8\xef\x13\x87\
\x8d\xd9\x1ct*pj\xf2x\x83S\x8cm\x17\x01\xbf\
\xdePk<\xd1\xd6\xa1\xc5=\xca\x8c\xe5\x1d\x99\xa5\xff\
\x00\x09&\xa7\xff\x00=\x93\xfe\xf8\x15\x0c\xba\xde\xa5/\
[\xa6\x1f\xee\x80+>y\xe2\xb5M\xf7\x12\xa4K\xea\
\xc7\x15\x85}\xe2\xe8#\xcaYDfo\xf9\xe8\xfc(\
\xfc;\xd0\xa9\xae\x88\xbfi7\xd5\x9b\xf3\xcd\xc1\x9e\xe2\
^\x07W\x91\xb8\x15\xce\xea^,U\xccZr\xee?\
\xf3\xd9\xc7\x1f\x80\xac\x1b\xddB\xebQ}\xf7S\x191\
\xd1z(\xfa\x0a\xaf\xf8g\xd8w\xad\x14-\xb8\x92:\
\x7f\x09\xcdss-\xec\xd3L\xf2\x03\xb7%\x8fz\xe0\
~.\xdf%\xcf\x89\xe1\xb4B\x0f\xd8\xed\xc2\xbf\xfb\xcd\
\xcf\xf2\xafAk\xdb\x7f\x05xa\xaf\xaf\xf1\xb9~o\
/\xbc\x92\x1f\xba\x82\xbc:\xf2\xf2}F\xf2{\xdb\xa6\
\xdd=\xc3\x99\x1c\xfb\x9e\xdf\x87J\xc6\xa36\xa3\x1dy\
\x8b\xbe\x19\x80\xcf\xaf\xd9.2\x15\xcb\x9f\xa0\x15\xe9'\
\xadr\x1e\x03\xb0%\xee5\x07\x1c\x01\xe5F}O\xf1\
W_X\xb3\xad\x05-\x14T\x94\x14QE \x0a(\
\xa5\x14\x86\x00VO\x88\xf4o\xedk@\xf1(\xfbT\
 \x98\xff\x00\xda\x1d\xd6\xb5\xa9G\x1d)\x01\xe5\x98\xdc\
0G\xb1\x06\xbb_\x0a\xebF\xf2\x11cp\xf9\xb8\x88\
|\x8c\x7f\xe5\xa2\xff\x00\x88\xaa>+\xd1<\xa6mN\
\xd9~F?\xbfQ\xfc'\xfb\xdf\xe3\x5c\xf42\xc9\x04\
\xa94NRD;\x95\x87cQ\xb1{\x9e\x9dEQ\
\xd1\xf5H\xf5{1:\x80\xb2/\xcb*\x7fu\xbf\xc0\
\xd5\xfad\xd8(\xa2\x8a\x00\xad\xa8\xe9\xd0j\x96\xa6\xde\
q\x8e\xe8\xe3\xaa\x1fQ\x5c%\xed\x8c\xfau\xd3[\x5c\
.\x1dy\x04ta\xea+\xd1+?_\xd3\x93Q\xd3\
\x9f\x80&\x84\x17\x8d\xbd=G\xe3S$Rg\x08W\
\x22\x9a\x07\xad<r\x01\xa0\x8ek6o\x07\xd0@)\
\xe0b\x90\x0c\x0ap\x15\x06\x80\x05<\x0c\xd2\x01\x9a\x7f\
JL`)\xd8\xa4\x02\x9e\xab\x9eM \x05\x5c\xf2i\
\xd4S\x80\xa9\x18\x01R*\xd0\xabO\x02\x95\xc0\x00\xcd\
<\x0a\x00\xa9\x15i\x5c`\xab\x8ax\x19\xa1Fi\xc5\
\x95\x07?\x95Cv\xdc\x1bI]\x8eU\xa7\x12\xab\xd4\
\x81P\x19Y\xbaqI\x8c\xd6N\xafc\x9eX\x85\xf6\
I\xfc\xf5\x07\x80M\x1e{v\x00TC\x03\x8e\xfe\x95\
n\x0d:\xee|\x18\xed\xdc\xfb\x91\x81Y\xba\x8c\xc2U\
\xe5\xd5\xd8\x88H\xe7\xf8\xa9\xc1\xdc\xff\x00\x11\xab\xd1\xe8\
\x17\xad\xf7\x84i\xf5l\xd4\xeb\xe1\xdb\x8e\xf3D?\x0a\
\x8eo3\x17\x89\x8fY\x19\xaa\xce?\x88\xd3\xc4\x8e?\
\x88\xd6\x90\xf0\xed\xc68\x9a\x22~\x86\xa0\x9bL\x96\x03\
\xf3\xcd\x07\x1d\x83\xf3Bm\xecTk\xa6\xec\xa4B\x93\
\xb8\xeb\x83Va\x9d\x1b\x83\xf2\x9a\xab\xb7\x1cqNU\
\xf5\xadTg\xd8\xe9\x85I\xa3@.i\xe0U8\xe6\
t\x18\xea=\xeae\xb8a\xfc\x22\xb4\xf6r:\x95T\
Y\x0b\x8az\xae~\x95\x02\x5c\xff\x00y*x\xe6G\
\xe0\x1c\x1fz\x97\x16\x8bSL\x90\x0ap\x14\x01O\x0b\
PP\x80f\x9e\x05\x00T\x81q@\xc4\x0bO\x02\x80\
)\xe1i\x5c\x04\x0bR*\xd2\x85\xa7\x01H\x06H\x9b\
\xa3e\xf5\x15\x94\x13\xd6\xb6\x95k6h\xf6L\xeb\xdb\
4\x99\xad7\xd0\x9bJm\xb7[\x7f\xbc\xb8\xadp1\
X\x96\xed\xe5O\x1b\x0e\xc6\xb7\xb6\xf3\x5c\xd5V\xb7;\
\xa8?v\xc2\x01\x9ap\x18\xa5\x02\x94\x0a\xc8\xd8\x00\xcd\
[\xd3\xce$e\xf5\x19\xaa\xc0f\xa7\xb4;.\x10\xfa\
\xf1SQ^-\x02v4qN\x034\xa1ix\xae\
\x02\xc3m.3J\x17\xd6\x9d\x8a\x04 Z\x5cR\x81\
KN\xc2\xb8\x80S\xb1F)@\xcd00u\xc8\xf6\
\xde+\xff\x00}\x07\xe9U\xecs\xf6\x85\xf7\xe2\xb4\xb5\
\xe8\xb8\x81\xfe\xa2\xb3\xa0\xe2T>\xf5\xeaPw\xa6\x8e\
\x1a\xab\xdef\xb0\x5cS\x82\xd2\x81KZ\x1c\xc0\x05\x18\
\xa5\xc5.(\x18\x98\xa6\xcb\x12\xcc\x85\x1b\xbf\xe9RP\
\x0501$\x8d\xa2r\x8d\xc1\x15\xc7|@\xba\x22;\
[Ec\x86&F\x1fN\x05z%\xed\xaf\x9c\x9b\x94\
|\xeb\xfa\xd7\x94x\xd2s6\xb9\x22v\x89U1\xf8\
WN\x1a7\x99\xac\x1d\xcc\x00\xb4\xa0S\x80\xa3\xa5z\
E\xdc\xd9\xf0\xfd\xbe\x12Y\xc8\xfb\xc7b\xff\x00Z\xd8\
\xc5A\xa7\xc1\xf6{(c\xef\xb7'\xeaj\xce+\xcc\
\xa9.i6}~\x12\x9f\xb2\xa3\x18\xff\x00Z\x89\x8a\
\xa7{\x16\x1cH:\x1e\x0d^\xc5# u*\xc3 \
\xd5Q\xa9\xec\xe6\xa4]z~\xd2\x0e&V*\x1b\xa8\
\xf2\xa1\xc7j\xb5,-\x13\x95?\x81\xf5\xa4\xd8\x08 \
\xf2\x0d{I\xa9+\xa3\xc1\x9cZ\xbcY\x9a\x06j\x17\
\xe5\xcf\xb7\x15jT1\x16\x07\xb5V\xc5e7\xd0\xf3\
\xea>\x83@\xa7b\x97\x14\xf4\x8c\xc8\xea\x8a>f8\
\x15\x99\x96\xe6\xce\x87o\xe5\xdb4\xc4s!\xc0\xfa\x0a\
\xd2\xc5\x11\xc4\xb0\xc6\xb1\xaf\xddQ\x81N\xc5y\x93\x97\
4\x9b>\xbe\x85/eMC\xb0\xdcR\xe2\x9d\x8a*\
MD\xc5/\x03\x93\xd0R\xd4w\x04\xa4\x0cz\x13\xc5\
Tb\xe4\xd4{\x939r\xc5\xc9\xf43\xd8\xefb\xc7\
\xb9\xcd%8-.+\xdc\xdbC\xc0n\xfa\xb1\xb84\
\xbbi\xd8\xa5\xc5\x02\xb8\xdd\xa2\x80)\xd8\xa5\xc5\x01q\
\xb8\xa5\xc5.)h\x15\xc6\xe2\x97\x14\xb8\xa3\x14\xc0L\
Q\x8av(\xc5\x00%\x18\xa7b\x8cP\x03qF)\
\xd8\xa5\xc5\x007\x14b\x9d\x8a]\xb4\x5c\x06b\x8cS\
\xf6\xd2\xed\xa2\xe0C*n\x8d\x85S\xc5im\xaaO\
\x1e\xc7#\xd2\xa5\x99T\xeeE\x8a1O\xda(\xda*\
L\xae3\x14b\xa4\xda(\xc0\xa0.G\x8a1R`\
Q\xb4P\x17#\xc5\x18\xa7\xed\x14\xbbE\x01r<Q\
\x8a~\xda6\xfb\xd3\x0b\x8c\xc5&*M\xb4m\xa0.\
G\x8a1O\xdbF\xd3H.3\x14\x98\xa7\xe2\x8cS\
\x01\x98\xa2\x9d\x8a1HcqI\x8a~)1@\x0d\
\xc5\x18\xa7b\x93\x14\x00\xdcRb\x9fF(\x01\x98\xa4\
\xdbO\xc5\x18\xa0\x08\xca\xd2c\x15&)1@\x11\x9a\
LT\x98\xa4\xdb@\x5ca\x14\x98\xa7\x954\x98\xc51\
\x8c\xc5&*B)1H\x06b\xa4\xb6\x8fs\xee=\
\x16\x9b\x8a\xb9\x14~\x5c`w\xeaj\x92.\x0a\xec)\
\x08\xcd?\x14\x98\xaa:\x06\x15\xa6\x90EIE\x00E\
\x8a1O+HT\xd01\x98\xa4+N\xa3\x14\x01j\
D\xf34\xd7_X\xcdr\xc0p+\xaf\xb7\x1b\xad\x94\
z\xa9\x15\xca2\xed%}\x09\x15\xe6\xd1\xf8\xa4\xbc\xcb\
\xcd\x16\x94\xe5\xe5\xfeDDV\xd7\x82\xe6\xfb?\x89\xec\
[8\xdc\xe5?1\x8a\xc8\x22\xaci\x93}\x97Q\xb5\
\x9f\xa7\x97*\xb7\xeb[I^-\x1eC\xd8\xf7B)\
1Rc=)\xa4W\x8fc\x98a\x14\xc9\x13r2\
\xfa\x8a\x94\x8aLR\x03\x1b\x1e\xb5\xd4\xf8^\xe0I\xa7\
\xb49\xf9\xa1o\xd0\xf3\x5c\xe5\xcc~\x5c\xcd\xe8y\x15\
w\xc3\xb7_f\xd4\xd5\x09\xc2L6\x1f\xafj\xc6\xac\
o\x16U\xce\xba\x93\x14\xe2)+\x80\xa1)1N\xa4\
\xc5 \x1b\x8aB?\x0a}cx\x93P6\xd6\xc2\xda\
&\xc4\xb3\x0eq\xfc+\xff\x00\xd7\xa7\x18\xb9;!\x1c\
\xf6\xb7~u\x1b\xd2\xca\x7fs\x1f\xcb\x18\xfeg\xf1\xaa\
v\xd6\x8f{s\x1d\xbc_zC\x8c\xfa\x0e\xe6\x94\x80\
\x07#\x8a\xe9\xbc3\xa6\xf9\x10\x1b\xd9\x07\xcf(\xc2\x03\
\xd9\x7f\xfa\xf5\xdb)*q\xd0F\xad\xbd\xbcv\x90$\
\x11\x0c\x22\x0c\x0a\x93\x14\xa4b\x92\xb8\x19BR\x15\xf4\
\xa7Q\x8a@GF)\xe4f\x9aF)\x00\xda)q\
I@\x09I\x8au&)\x08i\x14\x94\xfai\x14\x86\
7\x14\x94\xea1H\x06\x11IO\xa4\x22\x80\x1bIK\
E+\x00\xda\xce\xd54\xcf\xb4\x834#\xf7\xc3\xa8\xfe\
\xff\x00\xff\x00^\xb4\xa8\xa1i\xb0\xd3\xb6\xa8\xe3\xc8\xea\
\x08\xc1\xe8A\x15\x91\x7f\xe1\xdb{\x82^\xdc\xfd\x9eC\
\xdb\x19S\xf8v\xae\xe7P\xd2\xd2\xf32!\x097\xf7\
\xbb7\xd6\xb0g\x82Kw1\xca\x85\x1b\xf9\xd7M*\
\xd2\x83\xbc\x1d\x8bj5\x15\xa4\x8e\x12\xf3N\xba\xb1?\
\xbf\x88\x85\xec\xe3\x95?\x8dT#\x22\xbd\x04\x8e0y\
\x07\xb1\xe8k6\xebA\xb1\xb9\xcb\x08\xcc.\x7f\x8a3\
\x8f\xd2\xbdJY\x92\xda\xa2\xfb\x8eJ\x987\xf6\x19\xc8\
C,\xb6\xd2\x09 \x95\xe2q\xfcHq[v~4\
\xd4\xed\xf0.\x16;\xb5\x1f\xde\x1b[\xf3\x14\x97\x1e\x16\
\xb8\x5c\x98&IG\xa3\x0d\xa6\xb3.4\xcb\xdbl\xf9\
\xb6\xb2\x00;\x81\x91\xfaWu<E9\xfc29g\
BK\xe2G]k\xe3\x8d2|\x0b\x85\x9a\xd5\x8f\xf7\
\x86\xe1\xf9\x8a\xd1\x8a\xefJ\xd4\x07\xee\xa7\xb4\x9b=\xb2\
\x01\xfdk\xcd\x1cm\xea\x0a\x9fq\x8a\x8fj\xb7a\xf8\
WB\x939\xdd4z\x8b\xe8\xd6o\xc8\xb6\x1fU&\
\xa0m\x12\xc8\xff\x00\x04\x8b\xff\x00\x02\xaf:\x8e\xee\xee\
\xdc\xfe\xe6\xeax\xf1\xfd\xd75j?\x13kp\x8c&\
\xa3)\x1e\x8c\x01\xabS#\xd9\xb3\xb8m\x06\xd4\xf4i\
G\xe3L\xff\x00\x84~\xd4\xff\x00\xcbI\x7f:\xe4\x17\
\xc6\xba\xe2\xf0g\x89\xbf\xde\x8cR\x9f\x1dkC\xbd\xaf\
\xfd\xfa\x14\xf9\xc5\xec\xe4u\xdf\xf0\x8f\xdawiO\xe3\
N]\x0e\xc5z\xc6\xed\xf5c\x5cc\xf8\xe3[a\xc4\
\x96\xeb\xf4\x88UI\xbc]\xafK\xc1\xd4]G\xa2(\
\x14\xf9\xc5\xec\xd9\xe8\xf1i\xb6\xd0\xf3\x1d\xaa/\xb9\x19\
\xfeu\x1d\xd6\xa5cb?\xd2\xafm\xe1\x03\xb38\xfe\
B\xbc\xae\xe7R\xbf\xb9\xc9\x9a\xf6\xe2L\xf6.qT\
\x8a\x03\xce9\xf54\xb9\x83\xd9wg\xa0\xea_\x104\
\xbbU+d\x92_K\xdb\x82\x88>\xa6\xb8]gW\
\xbe\xd7n\x04\xf7\xb2\xee+\xf7#^\x121\xec?\xad\
V>\x94l'\xd8R\x95D\x95\xdb4\x85-}\xd4\
@\x06N)\xc2=\x9dz\xd5\x8f(\x01\xef\xebM#\
5\x94\xa7}\x8e\x98S\xb6\xac\x84\x8ai\x15!\x5cS\
H\xcdI\xa1\x19\x14\xd2*B)\xa4U\x08\x88\x8ai\
\x15)\x14\xc2)\xdc\x08\xcd!\x19\xa7\x91M4\xc4F\
F)\xa4T\xa4f\x98F*\x80\xa8\xcb\xc9\x1d\xc5l\
xZ\xe7\xcb\xbb\x96\xd8\x9e%]\xc3\xea+.U\xc3\
}i\xd6\x93\x9b[\xc8g\x1f\xc0\xe0\x9f\xa7z\xc2\xb4\
9\xe0\xe2yx\x8a\x5c\xd1\x94\x0e\xde\x83N8\xed\xd0\
\xf2)\xb5\xf3\xc7\xce\x09E\x06\x8a\x04!\x14\x94\xeaC\
@\x86\xd5=W\xfdB\x7f\xbdWH\xaa\x9a\x90\xcd\xb0\
>\x8c+|+\xb5h\xfa\x95\x0f\x89\x19$RS\xa9\
\x08\xaf\xa1:\x0a\x1a\xcb\xed\xb4\x0b\xfd\xf6\x1f\xa5a\x91\
\x8a\xd7\xd7\x1b\x22\x05\xfa\x9a\xca\xaaG\xa7\x86\x8f\xee\xd1\
\x09\xe7\x9aCN+\x8e\x9d)1](\xf5\x92\xb2\xb0\
\xc21M\x22\xa4#4\xca\xa0\x18Fi\xb4\xf21H\
GzhDx\xa4\x22\x9fM5B\x18E!\xc0\xe4\
\xd3\x8d,r43G*\x05-\x1b\x07\x01\x86A \
\xe7\x91L\x0b7\x1a\x1e\xabkb\x97\xf7\x1am\xdc6\
o\x8d\xb3\xbcD!\xcfN}\xea\x81\x15\xeb^+\xf8\
\xdf\x0f\x88\xfc's\xa4\xc7\xa3<\x17Wh\x22\x94\xc8\
\xe1\xa2E\xe3%F:\xf1\xc7\xa5y68\xa9\xa7)\
5\xef+\x154\x97\xc2\xc6SH\xa7\x91\x8a\xb3\x05\x91\
\x90\x06\x93\xe5_N\xe6\xb4rKV(\xc1\xcd\xda%\
0\x8c\xc7\x0a\x09>\xd52\xd8L\xdc\x90\x17\xeakI\
#H\xc0T\x5cz\x01\xd4\xd5\xfb}\x17Q\xb9\x00\xa5\
\xab\x05\xf5r\x16\xb1u\xdfC\xba\x96\x0a\xfb\xea`\xff\
\x00f\xbe?\xd6\x0f\xca\x98\xdal\xa0p\xca\xd5\xd5\x8f\
\x0a\xdf\x9f\xe3\x80{n\xa8\xa6\xf0\xde\xa5\x10$D\x92\
\x81\xfd\xc6\x19\xa9U\xe4n\xf2\xfd>\x16r\x12\xc1$\
?}\x08\xf7\xa8\x8dtR\xc4\xd1\xb1\x8eddn\xea\
\xc3\x06\xa8\x5c\xe9\xca\xe0\xb4_+zv5\xb4+\xa7\
\xa4\x8e*\xb86\xb5\x89\x96Fi\xb5#)F*\xc3\
\x04v\xae\xff\x00\xe1\x17\x85\xfc\x13\xe2[\xadHx\xc7\
U6Ko\x1a\xb4\x11\xf9\x861&s\x96\xdc;\x8e\
8\xf7\xad\xdc\xac\xaeq\xf9\x1eyM\x22\xaej\xb0Z\
\xda\xea\x97pX\xdc\x1b\x9bH\xe6d\x82r0d@\
xl{\x8a\xaaj\xd3\xb8\x88\xcd\x14\xe2)\xb5HB\
R\x1au!\xa6!\xa4Si\xd4\x84U!\x09IK\
E0\x10\xd2S\xa9\x0d\x00%\x14Q@\x01\xa0QI\
\xd2\x80\x16\x99/\xfa\xb3O\xa6M\xfe\xac\xd4O\xe1c\
C\xa8\xa2\x94U\x88(4Ru\xa0\x05\x02\x9dH(\
4\x00R\xd2\x0aZ\x00\x05(\xa2\x96\x93\x18\xa0f\x9c\
)\x00\xa5\xa9\x00\xa5\x14\x94\xe1I\x8c\x00\xa7P(\xa9\
c-i\xf2m\x9fi\xe8\xc3\x15\xa6T2\x90z\x11\
\x83X\x8aJ\xb0#\xa8\xe6\xb6 \x98M\x18a\xd7\xb8\
\xf4\xa8\x91\x8dX\xebs\xdc\xfe\x1ex\x85\xfcM\xe1#\
b\xb7\x1eV\xa9`\x82\x17n\xe5\x7f\x81\xfe\x84pi\
\xb1\xf8\x9bY\xb2\x99\xa2\xb8u\x91\xd0\xe1\xa3\x95\x07\x1f\
\x95x\xfe\x8f\xac_h\x1a\x8cZ\x8e\x9d7\x93s\x17\
\x00\xe3*\xeaz\xab\x0e\xe0\xd7\xad\xe9^3\xf0\xd7\x8d\
\xe3\x8e\x1d@\xae\x97\xaac\x1b]\xb0\x18\xff\x00\xb2\xdd\
\x08\xf65p\x9a\xd9\x9c5)\xb4\xee\xb65\xe1\xf1\xa4\
,?\x7fe\x22\x1fTl\xd4\xe3\xc5\xfai\x1c\xa5\xc8\
\xff\x00\x80\xd6m\xe7\x83o\xa0\xf9\xad\xa4K\x94\xea?\
\x84\xff\x00\x85c\xdcX^Z\x1cOk,~\xe5r\
?:\xd2\xd1{\x18\xe8uG\xc5\xfap\x1cGr\x7f\
\xe05\x13x\xca\xd4}\xcbI\x9b\xea@\xaeOp\xec\
E\x1c{Q\xc8\x87c\xa3\x97\xc6r\x9f\xf56(\xbe\
\xee\xf9\xaa7\x1e%\xd5.\x01\x02u\x85Oh\xd4\x0f\
\xd6\xb2\xb2=E*fC\x84Vs\xe8\xa34r\xa1\
\xd8Y\x1d\xe6m\xf2\xbbH\xde\xacsIZ\x16\xda\x06\
\xa5u\x82\x96\xc5\x14\xff\x00\x14\x87h\xadh<%\x0d\
\xbcf}J\xec\x08\xd7\x96\xc1\xd8\xa3\xea\xc6\x93\x92C\
9\xc8a\x96\xe6Q\x14\x11\xb4\xb2\x1f\xe1Q[\x9fg\
\xd3\xbc!g\xfd\xaf\xafN\xaa\xeb\xfe\xaa%\xe4\x96\xf4\
Q\xfcG\xf4\x15\x95\xac\xfcM\xd1t(\x9e\xd3\xc3\xb6\
\xe9{8\xe0\xc8\x01X\x90\xfa\x92yj\xf3=WV\
\xbf\xd7/Z\xf7R\xb9{\x99\xcfBx\x08=\x14t\
\x02\xb1\x95N\xc6\xb0\xa4\xde\xe5\xff\x00\x15\xf8\xaa\xf7\xc5\
\xba\x80\xb9\xb9\x1eM\xbcY\x16\xf6\xc0\xe4D;\x93\xea\
\xc7\xb9\xac\xabki/'KxF]\xce\x07\xb7\xbd\
6(\x9ei\x168\xd4\xb3\xb7@+\xb5\xf0\xae\x8c\xb6\
\xbb\xae\x1b\x0c\xc3\x8d\xde\xa7\xdb\xd8V\x0d\x9dQ\x8fD\
n\xd8\xd9G\xa7YCi\x10\xf9\x22\x5c}Os\xf9\
\xd5\x81H)j\x19\xa0QE\x14\x80(\xa2\x8aC\x01\
KE\x14\x80)E\x02\x96\x80\x10\x80\xcaU\x942\xb0\
\xc1\x07\xa1\x15\xc1\xeb\xda1\xd2.\x86\xc0M\xac\xa4\x98\
\x9b\xd3\xd5Mw\xb5\x0d\xe5\x9c:\x85\xab\xdbN2\x8f\
\xdf\xba\x9e\xc4T\xbdJN\xc7\x05\xa4\xeaRi\x17\x8b\
p\x80\xb2\x9e$O\xef\xadz\x0c3Gs\x0aO\x0b\
\x07\x8eA\xb9Xw\x15\xe7w\xd63i\xb7ok8\
\xf9\x97\xa1\x1d\x18v\x22\xb5|1\xac\xfd\x82o\xb1\xdc\
6-\xa5?)?\xf2\xcd\xbf\xc0\xd4'b\x9a\xb9\xd9\
QK\x8c\x1c\x1a*\xc9\x0a\xad\xaaL-\xf4\xdb\xa9O\
\xf0\xc6@\xfa\x9e*\xcfZ\xc3\xf1}\xcf\x95\xa7\xc7l\
\x0f3\xbeO\xd0T\xb64r*8\x02\x97\x184\xa0\
b\x802k\x16m\x05\xa8\x01N\x034\x01\x9ax\x18\
\xa96\x001J\x05\x02\x9c\x06i\x00*\xe6\x9fE8\
\x0cT\x8c\x00\xa9\x15i\x15{\xd3\xc0\xcd \x05\x15 \
\x14\x01OU\xa9\x18*\xd4\x8a\xb9\xa1Fi\x5c\xec\x5c\
\xd4\xb7`m%v5\xdfo\xca:\xd4`w<\xd0\
\x06y5wN\xd3%\xd4\x1f\xe5;\x22\x1fzC\xdb\
\xd8{\xd74\xa5}\xcf:\xad[\xfb\xd2\xd8\xad\x142\
M \x8e$.\xe7\xb0\xad\xabO\x0e\x12\x03]\xc9\xb7\
\xfd\x84\xeb\xf9\xd6\xb5\xa5\x9c6Q\xf9p&\xd1\xdd\x8f\
V\xfa\x9a\x9c\x0a\xc5\xc8\xf3jb\xa4\xf4\x86\x84V\xf6\
V\xf6\xa3\x10\xc2\x8a}z\x9a\xb1\xc9\xef@\x15R\xf7\
T\x86\xcf(\x07\x9b7\xf7\x01\xe0}M\x11\x8b\x93\xb2\
1\x8c%RVZ\xb2\xe7\x0a\xa5\x98\x85Q\xd4\x9e\x95\
B\xe7\x5c\x82,\xac\x0afo^\x8a+\x22\xe6\xee{\
\xb6\xdd3\xe4vQ\xc2\x8a-\xad./\x1b\x16\xf0K\
7\xfb\x8b\x9a\xec\x86\x19/\x88\xf4i`\x92\xd6\xa1$\
\xfa\x85\xd5\xd7\x0f)U\xfe\xea\xf0*\x10\xa3\xb0\xad\xfd\
;\xc0\x9a\xfe\xa2\x03-\x98\x82?\xef\xcc\xe0~\x9dk\
\xa8\xd3~\x14\xc2\x98mGPyOt\x85v\x8f\xcf\
\xadox\xc7Dz\x10\xa6\x92\xb4U\x8f:\xca\xaf\x04\
\x8c\xd5\xabm>\xf2\xef\xfe=\xec\xee%\xf7T5\xec\
\x9ao\x85tm$\x0f\xb2\xd8D\x1b\xfb\xee71\xfc\
Mk(\xda6\xa8\xc0\xf4\x15.f\x8a\x07\x8b\xc5\xe1\
\x1d~A\xb9t\x9b\x8c{\xe0S\xa4\xf0\xa6\xbb\x02\xee\
\x93J\xb8\x03\xdb\x06\xbd\xa3\x14T\xf3\xb1\xf2#\xc2f\
\xb6\x9e\xd8\xe2\xe2\x09a\xff\x00\xae\x8aE4\x0a\xf7K\
\xabhoahn#YQ\xbb0\xc8\xae\x07U\xf0\
]\xb4\x8c\xe6\xc9\xbe\xcd2\x9f\xb8yF\xff\x00\x0a\xa8\
\xbb\x91%\xcar\x10\xcc\xd1\xf5\xe4z\x1a\xbd\x13,\xa3\
+\xcdU\xba\xb2\xb8\xb1\x9c\xc1s\x11\x8aA\xd8\xf7\xf7\
\x07\xbd$Lcl\xadD\xe0\x9e\xc6\x90\x9d\x8d\x001\
O\x0bI\x13\x09\x140\xa9TW;:\x10\x81i\xe0\
R\x81\x8ap\x5c\xd2\x18\x80f\x9e\x16\x94\x0ax\x18\xa5\
q\x02\xadR\xbf\x8f\x12\xab\x0e\xe2\xb4\x02\xd4\x17\xf1\xee\
\x84\x11\xfc&\x91p\xd1\x99\xb8\xc0\xad\xf8\x1b\xcc\x89\x1f\
\xd4V Z\xd6\xd3[}\xb0_\xee\x92+*\xabC\
\xb2\x8b\xd6\xc5\x90)\xc0z\xd2\x81N\x035\x81\xd2 \
\x14\xe5\xf9H=\xc1\xcd(\x18\xa7\x05\xf5\xa0F\xaa\xfc\
\xc0\x11\xd0\x8ap\x18\xa8\xad\x1b|\x0b\xea8\xa9\xc0\xaf\
=\xab;\x1a\x5cLS\x80\xa0\x0aZB\x00)i@\
\xcd8\x0ab\x10-;\x14b\x96\x9a@P\xd6c\xdd\
e\xbb\xfb\xac\x0db\x03\xb4\x83\xe9]\x1e\xa0\x9b\xecf\
\x1f\xec\xe6\xb9\xba\xf40\xae\xf0\xb1\xc9Y{\xc6\xda\xf2\
\xa0\xfbS\x80\xa8\xed\x8e\xe8\x10\xfbT\xb8\xae\x83\x94(\
\xc5(\x14\xe01@\xae \x14\xb8\xa5\xa5\xc50\x10\x0e\
Ex\xa7\x89\x9f\xcd\xf1\x05\xfb\xfa\xca\x7f\x95{j\x8e\
Ex\x97\x88\x90\xa6\xbb|\xa7\xa8\x98\xd7^\x13\xe2e\
\xd3\xdc\xcd\xc59Ws(\xf5 P\x058|\xa47\
\xa1\xcdw\x9b\x1dv1\xc7\xa7\x14b\x95N\xf5\x0c:\
\x10\x0d8\x0a\xf2O\xb6\xbfa\x02\xd2\xe2\x96\x8a\x04G\
4\x22d\xdaz\xf6>\x95\x9e\xc8\xc8\xc5X`\x8e\xb5\
\xab\x8a\x8a\xe2\xdf\xce\x5c\xa8\xf9\xc7\xeb]\x98Z\xfc\x8f\
\x96[\x1cX\xaa\x1c\xeb\x9a;\x98z\x81\x1f\x22\xff\x00\
\x17S\xf4\xaa\x98\xa9\xae_\xcc\x9d\x8fa\xc0\xa8\xc0\xae\
\xc9;\xb3\xe6j\xcb\x9aM\x89\x8a\xd0\xd1m\xfc\xcb\xbf\
0\x8e\x22\x19\xfcOJ\xa3[\xfa5\xb9\x8a\xcc9\x1c\
\xcaw~\x1d\xab\x9e\xb4\xad\x03\xab/\xa5\xed+\xae\xcb\
_\xeb\xe6]\xc5\x14\xe0\xbe\xb4\xe0+\x82\xc7\xd3\x5c`\
Ri\xc1i\xc0Q\x8ab\xb8\x80U[\xe6\xfb\x89\xf8\
\xd5\xccU\x0b\x96\xdd3{q]8H\xde\xa5\xfb\x1c\
\x98\xc9\xda\x9d\xbb\x90\xe2\x97\x14\xb4b\xbdS\xc9\x13\x14\
\xb4\xb8\xa5\xc5\x007\x14b\x9d\x8aP(\x01\xb8\xa5\xc5\
;m.\xda.\x17\x19\x8a\x5cS\xf0(\xa0W\x1b\xb6\
\x8d\xb4\xfcQ\x8a@7m\x1bE;\x14\xb8\xa0\x06\xe2\
\x8av)q@\x86\xe2\x8cS\xb1F(\x0b\x8d\xc5\x18\
\xa7b\x8cP\x17\x1b\x8a\x82\xe99\x0d\xeb\xc1\xabX\xa6\
\xc9\x1e\xf4\x22\x86L\x95\xd1C\x14b\x9f\x8fj1P\
aq\x98\xa3\x14\xfcQ\x8a\x02\xe31F)\xf8\xa3\x14\
\x05\xc6b\x8cS\xf1F(\x0b\x8c\xc5\x18\xa7\xe2\x93\x14\
\x05\xc6\xe2\x93\x14\xfcQ\x8a\x00f(\xc5?\x14\x98\xa0\
\x06\xd2b\x9f\x8aLP\x03p)6\x8a~(\xc5\x00\
3m&\xda~(\xc5\x00G\x8a1RR`P2\
<Q\x8a~\xd1F\xdaar<Rb\xa4\x22\x93\x14\
\x00\xca1N\xc5&)\x0cn(\xc5;\x14\x94\x00\xdc\
Rb\x9fI\x8a\x00\x8c\xad!Z\x93\x14\x98\xf4\xa0\x02\
\xde=\xd2d\x8e\x16\xad\xe2\x968\xfc\xb4\x0b\xdf\xbd)\
Z\xb4tAY\x0c\xc5&)\xe4\x1aJe\x8c\x22\x93\
\x14\xfcRb\x81\x8c4S\xb1HE\x004\x8c\xd3J\
\xe2\x9f\x8a(\x02\xed\xa7\xfa\x84\xaef\xf6?.\xeee\
\xf4s]=\xa0\xcd\xba\xfe5\x83\xac\xc7\xb7Q\x97\xfd\
\xac\x1f\xd2\xbc\xcazU\x92\xf5\xfc\xce\x9c\xc5_\x0f\x09\
v\xb7\xe4g\x91I\xd0\x83\xe8sO\x22\x90\x8a\xe9<\
3\xdc\xf4\xc9\xfe\xd3\xa7Z\xcd\x9c\xef\x89[\xf4\xab5\
\x8f\xe0\xc9\xfe\xd1\xe1\x9b\x17\xeaB\x15?\x81\x22\xb6H\
\xaf\x22J\xcd\xa3\x99\xee4\x8aB)\xd4T\x01J\xfe\
,\xa0q\xd5z\xd5\x00J\x90\xcap\xc0\xe4\x1fz\xda\
t\x0e\xa5OCY\x12Fcr\xa7\xb5&\x81\x1d\xcd\
\x8d\xd2\xde\xdaEp\xbf\xc6\xbc\x8fC\xde\xa6\x22\xb9\xdf\
\x0a\xde\x85i,\x9c\xf0\xdf<\x7f^\xe2\xba:\xf3\xaa\
C\x96V-\x0d\xe9IN\xa4\x22\xb3\x19\x1c\xf3Gm\
\x0b\xcd)\xc2 \xc9\xae\x1a\xee\xe9\xefnd\xb8\x93\xef\
9\xe9\xe8;\x0a\xd7\xf16\xa3\xe6\xca,c?$g\
2\x11\xdd\xbb\x0f\xc2\xb0\x8f\xb0\xc9\xf4\xf5\xae\xca4\xec\
\xae\xfa\x92[\xd2\xf4\xf3\xa9^,G\xfdZ\xfc\xd2\x1f\
oO\xc6\xbbM\xa1@\x00`\x0e\x00\xf4\xaaz.\x9d\
\xfd\x9df\x15\x87\xef\xa4\xf9\xa4>\xfe\x9f\x85^\xc5s\
\xd6\x9f3\xf2\x1a\x18i\x08\xa7\x91I\x8a\xc4dtS\
\x88\xcd&)\x00\x98\xa4\xa5\xa2\x80\x1aE6\x9fF3\
J\xc03\x14\x94\xe21I@\x09I\x8aZ)\x00\xdc\
Rb\x9dHE \x1bI\x8au% \x1aFi\xbd\
)\xe4Rc4\x00\xdaJR1E\x16\x01*9\xe0\
\x8a\xe56J\x81\xd7\xdf\xb5I\x8a*@\xc4\xb9\xd0\x9d\
r\xd6\xcf\xbc\x7fq\xb8#\xf1\xac\xb9\xa1\x92\x06\xdb*\
2\x1fq]q\x14\xd7P\xeb\xb5\xd40\xf4#5J\
o\xa9j\xa3[\x9c\x7fZL\x91\xc6MtW\x1a5\
\xac\xd9(\xa6\x16\xf5^\x9f\x95b]\xd9\xcbg&\xc9\
\x00 \xfd\xd6\x1d\x1a\xadI3H\xcd2\xa4\x91\xa3\xfd\
\xf4G\xfa\xa8\xaa\xb2\xe9V\x12\xfd\xfbH\x8f\xd0b\xaf\
\x11M\x22\xb4\x8c\xe5\x1d\x9d\x86\xe2\x9e\xe8\xc9\x93\xc3z\
k\xf4\x89\xe3\xff\x00u\xcdU\x97\xc2V\xc7\xfd]\xcc\
\xa9\xf5\x19\xad\xe2)+U\x8b\xad\x1d\xa4\xcc\xdd\x0ao\
x\x9c\xbc\xbe\x11\x97\xfeY\xdd\xa1\xff\x00yqU_\
\xc2\xda\x8a\xfd\xd3\x03\xfd\x1b\x15\xd8\x91L#5\xacs\
\x1a\xebw\x7f\x91\x9b\xc2S}\x0e,\xf8cT\xff\x00\
\x9e)\xff\x00}\x8a\x07\x85\xb5&\xea\xb1/\xd5\xeb\xb2\
\xc54\x8a\xbf\xed:\xde_\xd7\xcc\x9f\xa9S\xf39D\
\xf0}\xc9\xff\x00[u\x12\x7f\xba\xb9\xabp\xf8B\xc9\
9\x9ai\xa6\xf6\x1f(\xad\xf2*\xbd\xdd\xca\xd9Z\xcb\
p\xfd#\x5c\xe3\xd4\xf6\xac\xa5\x8e\xc4ONo\xb8\xd1\
aiG[\x1cv\xbf\x15\xac\x17\xdff\xb4\x89cH\
W\x0d\x8er\xc7\xadg\x01\x96\xa9d-#\xb4\x8er\
\xccK1\xf74\x88\xb9\xc9\xae\xeaI\xb6\x93w0\x93\
Ka\x8c\xb8\xa8\xd9sS\x91Le\xc5w\x5c\xc0\x80\
\x8c\xd4d`\xd4\xec\xb9\xe6\x98Fj\x80\x84\x8ai\x15\
!\x18\xa6\x91LDdS\x08\xa9M4\x8a\xa1\x11\x11\
L#\x15)\x14\xd2)\xa0#\x22\x90\x8c\xd3\x88\xc5!\
\x15B+\xcc\xbc}*\x06\x19\x18\xab\x92.\xe55V\
\x939k\xafz\xe7g\xa5O\xf6\xad6\xdeRr\xdb\
v\x9f\xa8\xe2\xac\xd6?\x85f\xddi4'\xfeY\xbe\
G\xd0\xd6\xc9\x15\xf3\xd5\xe1\xcbRQ>f\xbc9j\
J#i\x0d:\x92\xb20\x12\x8a(\xa0Bt\xaa\xd7\
\xeb\xba\xd2Ol\x1a\xb3Q\xce\xbb\xa0\x91}T\xd5\xd2\
\x97,\xe2\xfc\xd0-\x19\x87IN\xedHk\xe9\x0e\xa6\
ckg\xfd\x221\xe8\x95\x9azV\x8e\xb3\xcd\xd8\x1e\
\x88+<\x8cU\xc4\xf5\xb0\xcb\xdc\x8a\x18Fi\x84b\
\xa44\x84f\xba\x0fL\x8c\xd3H\xcd<\x8cSMR\
\x01\x94\xd3\xc5HGzi\x19\xa6\x2221M\x22\xa4\
\xa6\x11\x8ai\x88i\x14\xday\xa6\x91T!\xa4RT\
\xd1B\xd2\x9e8\x1d\xcdZ\x8e\x04\x8f\xa0\xc9\xf54\xc8\
\x94\xd2 \xb5\xb6\x1f\xeb$\x1fAV\x8bU\xbd3I\
\xd4\xb5\xb9\xbc\x9d/O\xba\xbe\x93\xa6!\x8c\xb0\xfc\xfa\
Wk\xa5\xfc\x09\xf1\xae\xa4\x15\xa7\xb6\xb5\xd3\x90\xf7\x9e\
P\xcc?\x05\xa9\x92\x8d\xef \x8e&\xaaV\x86\x87\x17\
i\xab\xcb`?\xd1\xa0\xb7W\xef#.\xe6?\x9dX\
\xff\x00\x84\xa7S\xceKD\xdfT\xafQ\xb3\xfd\x9a\xae\
\x98\x8f\xb6\xf8\x965\x1d\xc4\x16\xd9\xfef\xa1\xd5\xfe\x00\
\xdbi\x92\xaa\x0f\x10\x5c2\xb8\xca3@?^h\x8a\
\x84\x9d\x92\x09cq0Wsi\x1e{\x07\x8b\xe5\x07\
\x17\x16\x88\xe3\xd66\xc1\xad\x8b\x1dj\xc7P!a\x97\
l\xbf\xf3\xcd\xf84\xedW\xe0\xfe\xbbf\xa5\xf4\xf9\xed\
\xf55\x1f\xc2\xbf\xbb\x7f\xc0\x1e\xb5\xc4][Ogp\
\xd6\xd7PIo:\x1ec\x91J\xb0\xa2T\x17\xa1\xd3\
\x87\xce\xeb\xc5\xfb\xcf\x99\x1d\xed\xe5\x9c\x17\xd1\x98\xae\xa2\
\x12\x0f~\x0a\xfd\x0dq\xfa\xbe\x91.\x95(\xc92@\
\xe7\xe4\x93\x1f\xa1\xf7\xab\x9a?\x89d\xb7+\x05\xf3\x19\
!\xe8%?y>\xbe\xa2\xba[\x8bxom\x9a\x09\
p\xf1J:\x8f\xd0\x8a\xe7\x94\x5c]\x99\xf4\x14\xaa\xd2\
\xc6\xc3\x9a\x9e\xeb\xef\xf9\x9ek}j&B\xea>u\
\xfdk!\x947\x0c\x01\xfa\xd7Mwk%\x8d\xcc\x96\
\xd2\xfd\xe8\xce3\xea;\x1a\xc3\xd4 \xf2\xa6\xdc\x07\xca\
\xdc\xd7M\x09\xfd\x96x\xb8\xca6\xf7\xd7\xcc\xa6F(\
\xa7\x11\x9amu#\x80B)\xa4S\xe9\xa4U\x08m\
\x06\x83E4&4\x8aJq\xa45B\x18E\x14\xe3\
M\xaa\x10\x94\xb4RP\x02QJi(\x00\xa2\x8a(\
\x01\x056o\xf5f\x9ei\x92\xff\x00\xab5\x15>\x16\
3W\xc3~\x1d\xd4|Y\xad\xda\xe8\xbaL\x1e}\xed\
\xd3m\x8d3\x81\xc0\xc9$\xf6\x00\x02kS\xc7\x9f\x0e\
\xf5\xef\x87:\xa4z~\xb9\x04j\xd3'\x99\x14\xb16\
\xe4\x90w\xc1\xf6\xac\xcf\x0dx\x8fR\xf0\x96\xb7k\xad\
i3\xf9\x17\xb6\xad\xb9\x18\x8c\x83\x91\x82\x08\xee\x08$\
V\xaf\x8f\xfe#\xeb\xdf\x125(o\xb5\xc9b&\x04\
\xf2\xe1\x8a\x15\xda\x91\x8e\xf8\x1e\xa6\x97\xbf\xcd\xa6\xc29\
sJ\x05 \xe6\x9dZ\x80\x94QE \x16\x96\x90R\
\xd0\xc0QJ\x05%8\x0e*F-\x14R\x8a\x91\xa0\
\x14\xe0)\x05:\x90\xc2\x94R\x0ap\xa9\x18\x0a\x9a\xde\
f\x81\xf7/\xe2=j!N\xa4\xc2\xc6\xb43\xa4\xe3\
*y\xee*B\xa1\x86\x18\x02=\x0dc\xa9*r\x0e\
\x0f\xadh\xd8\xcc\xd3\x06W9a\xfc\xab7\xa1\x84\xa9\
[cwI\xf1N\xbb\xa1\x80\xbav\xabq\x0a\x0f\xf9\
f\xc7z~M\x9a\xeal\xfe2\xf8\x82\x05\x0bwk\
cz;\x92\xa63\xfaq\x5c\x1e\xd3R5\xbc\xc9\xf7\
\xa1\x90\x7f\xc0i)v2\x955\xd5\x1e\x8c>.\xe9\
\xf7\x1f\xf1\xfb\xe1drz\x98\xe5\x1f\xe1RG\xf1#\
\xc2O\xcc\xbe\x1d\xba\x8c\xfb0o\xeb^dx\xea\x08\
\xfa\x8aL\x8fQU\xce\xd1\x1e\xca'\xabG\xf1+\xc1\
\xd1r\xba=\xd0>\xf1\x83\xfdie\xf8\xc9\xa6@\xb8\
\xb2\xd0\xee\x18\xf6%\xd5\x07\xe9^T\x05.G\xa8\xa5\
\xce\xc1Q\x89\xddj\x1f\x185\xdb\xa0V\xca\xd6\xd2\xc4\
\x1f\xe3\xc7\x98\xdf\xaf\x15\xc9\xea\x9a\xce\xa7\xad\xc9\xbfS\
\xbe\x9e\xe8\xf6Wo\x94}\x14qT\xd1\x1aC\x84F\
c\xec3W!\xd2.\xe6\xea\x82%\xf5s\xfd*\x1b\
\xbe\xe5\xc6\x09l\x8a]*\xd5\x9d\x84\xf7\x87\xf7c\x09\
\xdd\xdb\xa0\xff\x00\x1a\xd5\xb6\xd1m\xe1\xc3JL\xcd\xef\
\xc0\x1f\x85i\xc3\x0b\xcf\x22\xc3\x0a\xe5\x8f@8\x00R\
l\xd2\xc4ZV\x92\xa1\xc4\x16\xe3\xe6o\xbf!\xeb\x8a\
\xeba\x89!\x8db\x8ca\x14`TVVIe\x16\
\xc5\xf9\x98\xf2\xed\xeaj\xcdK((\xa2\x8a\x91\x85\x14\
QHaK@\x14R\x00\xa2\x8aZ\x00Z(\xa2\x90\
\x05-\x14R\x19\x9b\xae\xe9\x0b\xab\xdaa0.b\xe6\
&\xf5\xf5S\xf5\xae\x14\xa1\x04\xa3\xa9\x0c\x0e\x19Oc\
^\x99\x5c\xd7\x8a\xf4\x8c\xe7S\x81}\xa7Q\xfa7\xf8\
\xd4\xc9\x15\x16Y\xf0\xbe\xb2o\x22\x167\x0d\x99\xe2\x1f\
\xbbc\xff\x00-\x17\xfcEn\x8a\xf3h\xe5\x92\x19\x12\
X\x98\xa4\x88w+\x0e\xc6\xbb\xdd'S\x8fV\xb4\x13\
\xae\x16U\xf9eO\xee\x9f\xf04\x93\x1bE\xdcv\xae\
/\xc4\xd7\x7fj\xd5\x9dA\xca@<\xb5\xfa\xf7\xae\xba\
\xf6\xe8X\xd9\xcdt\xdd#\x5c\x8fs\xda\xbc\xf7,\xe4\
\xb3\x1c\xb3\x12I\xf7\xa5&8\x80\x19\xa5\xa2\x9c\xa3\x15\
\x93f\xf0Z\x0a\x06)@\xa0S\x80\xcdK,\x00\xcd\
>\x801J\x07z\x91\x8a\x05=W\xbd\x22\xaei\xe0\
R\x01@\xcd<\x0a\x00\xa7\xa8\xa41Ui\xea3@\
\x19\xa9\x00\xc5Kc\x001\xf4\xa8]\xb7\xb6{\x0e\x94\
\xf9[\x8d\xa3\xf1\xa4\x86\x17\xb8\x95\x22\x8ce\xdc\xe0W\
=I_C\x8e\xbdN\x9d\x0b:f\x9c\xfa\x84\xdbr\
V%\xe5\xdb\xd3\xdb\xeb]TQ$1\xacQ(T\
^\x00\x14\xcbKX\xec\xad\xd6\x08\xfa\x0e\xa7\xfb\xc7\xd6\
\xa7\x02\xb9\xe4\xeexu\xab:\x8f\xc8\x00\xa7`\x00I\
 \x01\xc9'\xb5\x1c\x00I \x01\xc9'\xb5`jz\
\x99\xbdo*\x22V\x00\x7f\x17\xf75T\xa9:\x8e\xc8\
(Pu]\x96\xc4\xf7\xfa\xc9\x931Z\x1c/C'\
s\xf4\xac\xf8 \x92y\x92\x18cie\x90\xe1QF\
I5%\x8d\x8d\xc6\xa1r\x96\xb6\xb1\xf9\x92\xbfA\xd8\
\x0fS\xe8+\xd1\xb4=\x06\xdbC\x87\x11\xe2K\x87\x1f\
\xbc\x9c\x8e[\xd8z\x0a\xf4\xa9\xd3QVG\xb1\x08F\
\x92\xb4L\x9d\x17\xc1\x10\xc0\x16}T\x89\xe5\xea S\
\xf2/\xd4\xf7\xae\xa64Xc\x11\xc4\xab\x1a\x0e\x02\xa0\
\xc0\x14\xa0R\xe2\xb5\xd8\x96\xdb\xdc\xe9aA\x1cH\x83\
\xa0\x00T\x95\x9f\xa7_\xab\xc6\xb0\xca\xdb\x5cp\x09\xfe\
*\xd0\x02\xb9$\x9az\x9d\xd1\x92k@\x14\xe01@\
\xe2\x8a\x92\xc2\x8ad\x93G\x10\xcb\xba\xaf\xd4\xd59\xf5\
T\x19\x10\xa9s\xeax\x14\xd4[\xd8NIn\x5c\x9e\
t\xb7\x8c\xbb\x9e\x07A\xebXL\xc6Ggn\xacs\
K$\x92\x5c>\xf9\x18\xb1\xed\xed@S\xe9[F6\
9\xa7>fT\xd4t\xdb}V\xd8\xc1p\xbd>\xe3\
\x8e\xa8}Epw\x963i\xd7Om8\xfd\xe2w\
\x1d\x18v\x22\xbd\x1f\x18\xedX\x9e-\xb0Y\xec\x16\xec\
\x0f\xde[\x9c\x13\xea\xa6\x86\x10}\x0eR\xd1\xca>\x0f\
\xdd5\xa2\x05f\x01\x9a\xd4\x87\xe6\x8d[\xd4W5U\
mN\xcaO\xa0\xe5ZxZP)\xc0V&\xa0\x06\
)\xe1h\x0b\x8ap\x19\xa9\x00\x034I\x10x\x99O\
qO\x0b\x8ax\x14\xc6b\x05\xad\x0d)\xb0\xd2'\xa8\
\x04Ui\xe3\xd9;/\xbdKb|\xbb\x94'\xbf\x06\
\xa2j\xe8\xe9\xa6\xfd\xe4\xcdP\xbe\xb4\xf03@\x14\xe0\
+\x98\xec\x00)@\xa5\x0bN\x034\x0a\xe5\x9b\x06\xc1\
d\xf5\xe4U\xd0+:\x16\xf2\xe5V\xf4<\xd6\x9e\xda\
\xe4\xad\x1bJ\xe5\xa6 \x19\xa7\x05\xc5(\x14\xa0V@\
\x00R\xd1K\x8a`%.(\xa8\xee.\x22\xb5\x8f\xcc\
\x95\xb0;\x0e\xe7\xe9M&\xf4@\xdd\x87LQas\
!\x0a\x9bNI\xaeTU\xab\xdb\xe9/_\x9f\x961\
\xf7P\x7fZ\xae\x14\x93\x802MzT)8-N\
:\xb3Rz\x1a\xb6\x1c\xdb/\xd4\xd5\xa0\xb5\x15\xa4&\
\x08\x15\x0f^\xa6\xa6\xc5lr\xb0\xa3\x14\xb8\xa5\xc5\x02\
\x10\x0c\xd3\xb1\x8a)qL\x04\xaf!\xf1\xcd\xa7\xd9\xbc\
Ow\xc6\x04\x9bd\x1f\x88\x1f\xe1^\xc1\x8a\xe0>'\
\xe9\xa7}\xa6\xa0\xab\xc1\x06'?\xca\xba0\xce\xd3.\
\x9b\xd4\xe0@\xa5\x02\x94\x0aP+\xd16:\x1d\x22\x7f\
>\xc9A?4\x7f)\xfe\x95w\x15\x81\xa4\x5c\xfd\x9e\
\xe8+\x1f\x92_\x94\xfb\x1e\xd5\xd0\xe3\x07\x15\xe7\xd6\x87\
,\x8f\xa8\xc0W\xf6\xb4Wu\xa0\x98\xa5\xc5.)k\
#\xb0LTwR\x8b{i%\xee\xab\xc7\xd6\xa5\xac\
\xedrLC\x1c \xfd\xf3\xb8\xfd\x05]8\xf3I#\
\x9f\x15W\xd9R\x94\xccA\xfa\xd2\x85\xa7\x81\x8aP+\
\xd2>H\x22\x84\xcb\x22\xc6\xbdX\xe2\xba\xb5@\x8a\x11\
z(\xc0\xacM\x16\x0f2\xec\xc8G\x11\x0c\xfe&\xb7\
q\x5cx\x89^V=\xdc\xaa\x9f-77\xd7\xf4\x13\
\x14\xb8\xa2\x96\xb9\xcfPLR\xd1\x8a\x5cP\x03I\xda\
\x09\xf4\x15\x9b\xd4\xe4\xf7\xe6\xaf\xdc\x9d\xb0\x9f~*\x98\
Z\xf4pQ\xb4\x5c\x8f7\x1b;\xc9Dn)qN\
\xda)k\xb4\xe1\xb8\xdd\xb4\xbbi\xd8\xa3\x14\x80L\x0a\
Z\x5cR\xe2\x80\x1b\x8a1N\xc5.(\x15\xc6\xe2\x8c\
S\xa9q@\x5cn)qK\x8a\x5cP\x03qF)\
\xd8\xa3\x14\x08LQ\x8av(\xdb@\x0d\xc5\x1bi\xfb\
h\xdb@\x0c\xc5.)\xfbE\x18\x14\x00\xcc\x0a1O\
\xc0\xa3\x02\x80)M\x1e\xc9\x0f\xa1\xe4Tx\xab\xd3\xc7\
\xbd8\xea9\xaa\x98\xa9f\x13VcqF)\xf8\xa3\
\x14\x5c\x8b\x8c\xc5\x18\xa7\xe2\x8cQp\xb9\x1e(\xc5I\
\x8aLP\x17\x19\x8a1O\xc5\x18\xa0.3\x14b\x9f\
\xb6\x8cP;\x91\xe2\x8cS\xf6\xd1\x8a\x00f)1O\
\xc5\x18\xa0\x06b\x8cS\xb6\xd1\x8a\x00f(\xc5?\x14\
\x98\xa0\x06b\x93\x15&)1Hw\x19\x8aLT\x98\
\xa4\xc5\x003\x14\x98\xcd?\x14\x98\xa0\x06m\x14\x9bj\
LRb\x98\x11\x91I\x8a\x96\x90\xa8\xa0w#\xc5&\
)\xe5i1H\x06T\xb6\xf1\xeem\xe7\xa0\xfet\xd0\
\xa5\x88\x03\xa9\xab\x8a\x81\x14(\xedT\x91\xa4\x15\xdd\xc4\
\xc5&)\xd8\xa2\xa8\xd8f)\x0a\xd3\xf1HE!\xdc\
\x8c\xad%HE!\x14\x0c\x8f\x14\x98\xa7\x95\xa4\xa6\x03\
)1O\xc5&(\x02\xe5\x9f\xfa\x8f\xc4\xd6F\xbc\x98\
\xbaF\xfe\xf2\x7f*\xd8\xb2\x1f\xb9\xff\x00\x81\x1a\xcf\xf1\
\x02q\x03\xfdEy{W\x7f3\xbb\x16\xb9\xb0~\x96\
1\x08\xa4\x22\xa4\x22\x9aEu\x1f<z\x8f\xc3i\xfc\
\xdf\x0f\x18\xf3\xccR\xb2\xff\x00#]Q\x15\xc3|,\
\x9b0_\xc0O\xddda\xf8\xe6\xbb\xbcW\x99YZ\
l\xe7\x9e\xe4dR\x11R\x11I\x8a\xc8DuN\xfe\
\x1c\x81(\x1d85x\x8ak(`A\x1c\x1aV\x03\
\x1e)\x1e\x09Rh\x8e\x1d\x0e\xe55\xdc\xd9]\xc7\x7f\
j\x97\x11\xf4a\xc8\xfe\xe9\xee+\x88\x9e\x13\x04\x85{\
v\xf7\xab\xba.\xact\xdb\x82$'\xec\xf2\x1f\x9c\x7f\
t\xff\x00z\xb0\xadO\x99i\xb9I\x9d\x89\xaa:\xc6\
\xa24\xdb6\x90`\xca\xdf,c\xd4\xfa\xfe\x15x2\
\x95\x0e\x18\x14#v\xee\xd8\xf5\xae#X\xd4\x0e\xa5z\
\xd2\x02|\xa4\xf9c\x1e\xde\xbf\x8dr\xd2\xa7\xcc\xf5\xd8\
m\x94I$\x92\xc7,NI=\xcdlxoM\xfb\
M\xc1\xba\x91s\x14'\xe5\x07\xf8\x9b\xff\x00\xadYv\
\xf6\xf2]\xce\x90D2\xeep=\xbd\xeb\xba\xb5\xb5\x8e\
\xca\xde;x\xbe\xea\x0cg\xd4\xf75\xd1Z|\xaa\xcb\
v\x08\x93\xad&)H\xa2\xb8J\x1b\x8a1N\xc5%\
 \x18E%>\x90\xd2\x01\x84zSjLR\x11\x9a\
@2\x82)H\xc5%\x00%!\x14\xecRP\x03)\
1O#4\x84b\x90\x0d\xa2\x97\x14\x94\x80i\x1e\x94\
\x94\xfe\x94\x84P\x031F)h\xc5H\x0d\xa6\x91O\
\xa4\xa0\x06Rt\xa7\x11I@\x09IKEH\x0d#\
\x15GW\x80Ma!\xc7\xcd\x1f\xcc\x0dhU{\xe1\
\x8b9\xfd6\x1a\x16\xe0\xb79N\xb4\x84S\x88\xa4\xad\
\xce\x91\x84SjB)\xa4P\x03)\xa4S\xe8\xa4\x04\
DSMHE4\x8c\xd2\x022+\x9d\xf1]\xde|\
\xab%?\xf4\xd2O\xe8+\xa2\x92E\x866\x92C\x84\
@X\x9fj\xe1.\xa7k\xcb\x89.\x1f\xefH\xd9\xfa\
\x0e\xc2\xbap\xd0\xbc\xb9\xbb\x19\xd5\x95\x95\x8a\xa4S\xc2\
mQN\x09\xb9\x858\x8cW\xadEu8\xa6\xfa\x10\
\x91\x9aa\x153.)\x8c\xb5\xb9\x04\x0c\xb8\xa62\xfa\
T\xe4Tl1T\x98\x88\x18f\x98F*f^\xf4\
\xc6\x19\xaa\x02\x22)\xa4S\xc8\xc5!\x14\xc4DE4\
\x8a\x94\x8aa\x15B#\x22\x98F*R)\x84SL\
\x06\x11U\x18`\x9a\xb8j\xb4\xa3\x12\x1ag=u\xa2\
f\x9f\x85\xe5\xd9\x7f$_\xf3\xd2?\xe5]5q\xfa\
+\xf9Z\xb5\xb3v,T\xfe\x22\xbb\x13^6>6\
\xa9~\xe8\xf9\xec|mR\xfd\xd0\xd2)\x0d:\x92\xb8\
\x8e!\xb4\x94\xe3IA\x22R\x11\x91\x8fZZ:\x1a\
\x04`\x11\x82G\xa1\xc5%Kr\xbb.$_\xf6\xaa\
3_K\x19]&u\x18Z\xbf\xfc~\x9f\xf7ER\
#5wV?\xe9\xcf\xf4\x15N\xb5\x8e\xe7\xb3\x87Z\
D\x8c\x8aCOa\xde\x9aEnz#\x18S*J\
k\x0ab\x19M#\x14\xf3HFj\x93\x11\x19\x14\xd2\
3RS\x08\xc51\x0c\xa5\x8e?1\xc2\xd2\xb0\xefR\
Z\x8f\x9c\x9fj\xa4L\x9d\x95\xcbQ\xc4\xcc\xc9\x14Q\
\xb3\xbb\x10\xa8\x8a2X\x9e\x80\x0a\xf4\xff\x00\x0b\xfc&\
\x868\xd2\xeb\xc4g\xcd\x94\x8c\x8b$l*\x7f\xbe\xc3\
\xa9\xf6\x15\x91\xf0\x8bM\x8e\xeb\xc4\x177\xd2(cc\
\x0ec\x07\xb31\xc6\x7f\x01\x9a\xf5\xc2@R\xc4\x80\x07\
RN\x00\xadb\xba\x9eeZ\x8d;#\xaa\xf0\xfd\xce\
\x99o\xa6\xc5mh\x96\xf6k\x1a\xe0\xc2\x80 \x1f\x85\
i5\xfd\xa2\x0c\xb5\xcc@\x7f\xbc+\xced\xd54\xe8\
\xce$\xbc\x80\x11\xdbvj?\xed\xad(\x7f\xcb\xec?\
\xadC\xc3\xdd\xdc\xb5\x8b\x92V\xb1\xdfO\xe2M:\x11\
\xf2\xcaeoD_\xeb\x5c\xde\xa5\xa8\xc9\xa9\xdcy\xae\
\xbb\x15F\x113\x9c\x0a\xc6\xfe\xdc\xd2\xcf\xfc\xbfC\xfa\
\xff\x00\x85=5m9\xfe\xed\xec\x07\xfe\x05\x8a\xd6\x14\
\x94uF5k\xcaj\xcfb\xe5gk\xfe\x1d\xd3<\
Mk\xf6mR\xd8K\x81\xfb\xb9W\x89\x22>\xaa\xdf\
\xd0\xd5\xd8\xe7\x86O\xb94M\xf4qR\x10GQV\
a\xaa\xd8\xf0\x0f\x17\xf8:\xf7\xc1\xf7\xcb\x14\xed\xf6\x8b\
I\xf3\xf6{\xa5\x18\x12c\xa8#\xb3\x0a\x7f\x85\xf5R\
\x8e4\xe9\x9b\xe4o\xf5$\xff\x00\x09\xf4\xafb\xf1\xa6\
\x8a\xba\xff\x00\x85\xef\xac\x8a\xe6P\x9et'\xba\xba\xf3\
\xc7\xd4W\xcfq\xc8\xcb\xb6U;]Ha\xecEc\
R\x09\xab\x1e\xa6\x03\x19*3U\x17M\xfc\xd1\xd3\xf8\
\xb6\xcf)\x0d\xea\x8eA\xf2\xdf\xfaW%\xa8G\xbe\xdc\
\x9cr\xbc\xd7\xa0\xde \xd54g\xe3\x99\xa2\x0e=\x8f\
Z\xe1\x98\x09\x10\x82:\x8cW$\x1d\x9d\xcf\xab\xc6\xd3\
R\xd5m$`\x1ai\x1d\xe9\xec\xb8$\x1e\xc6\x92\xbd\
\x13\xe6\xf6\x19A\xa0\x8cQT!\x84RS\xc8\xa6\x9a\
`%!\xa5\xa45H\x91\xb4\x84S\x8d!\xaa@6\
\x8a(\xa6 \xa44Q@\x09E\x14P\x01L\x97\xfd\
Y\xa7\xd3&\xff\x00Vjj|,h}%)\xa0\
\x0a\xb1\x0a\x05\x06\x96\x9bH\x05\x14\xb4R\x8a\x00)E\
 \xa7\x0ejX\xc5QKE\x14\x80)\xc0R\x0ap\
\x15%\x06)h\xa5\x14\x98\x00\xa7R\x0aP*F(\
\x14\xe1IN\xa4\x00*ki|\x99\x95\xbbt5\x15\
(\xa9z\x8c\xdc\xed]\x06\x8ftf\xb4\x11\x93\xf3\xc5\
\xf2\x9f\xa7j\xe6,\xa5\xf3a\x19\xea\xbc\x1a\xd2\xd3.\
~\xcdx\xa4\x9f\x91\xfeV\xfe\x95\xce\xb4fRGD\
T7\xdeU?QQ\xb5\xad\xbb\xfd\xe8#?\xf0\x1a\
\x97\xa5\x15d\x15\xff\x00\xb3\xac\xff\x00\xe7\xda:zZ\
['\xdd\x821\xf8T\xa2\x96\x90\x00\xc2\x8c(\x00{\
\x0a:\xd1Z\x9av\x90'\x8dg\xb8'cr\xa8:\
\x91\xef@\xcav\x96s^\xbe\xd8\x87\xca>\xf3\x9e\x82\
\xba\x0b;8\xac\xa3\xd9\x18\xc9?y\xcfV\xa9Q\x16\
4\x08\x8a\x15G@:S\xa9\x00\x0aZ(\xa40\xa2\
\x8a)\x0c(\x14R\xd2\x00\xa2\x8aQH\x00R\xd1E\
 \x0aZAKHaE\x14P\x02\xd0B\xb0*\xea\
\x19X`\x83\xdcQKHg\x05\xac\xe9gI\xbeh\
FL/\xf3D\xde\xa3\xd3\xf0\xa7\xe87\xff\x00\xd9\xda\
\x94r3b\x17\xf9%\xfav?\x85uz\xde\x985\
K\x06\x8dG\xef\x93\xe7\x88\xfb\xf7\x1f\x8dp\xbd\xb0F\
;\x10k7\xa34Z\x9d?\x8co0\xb0\xd8\xa9\xce\
\xef\xde>=?\x87\xfck\x9a\x03\x14\xe6w\x90\xeev\
,\xd8\x03'\xd0t\x14\x01\x9a\x96\xc6\x97@Q\xde\x9c\
(\xa5\xac\xdb7J\xc0\x05<\x0c\x0a\x14b\x9c\x06i\
\x14\x00S\xc0\xcd \x19\xa9\x00\xc5H\x00\x14\xf5\x14\x80\
T\x8a\xb4\x86\x85QO\x02\x80*EZL`\xa3\x14\
\xd7\x97\xf8W\xf3\xa2I?\x84~5\x18\x15\xcf9\xf4\
G-Z\xbff\x22\x81\x9a\xdd\xf0\xed\xa6\x03\xdd\xb0\xe7\
\xee'\xf55\x88\x14\x9c*\x8eI\xc0\xae\xce\xda\xdc[\
[\xc7\x08\xfe\x05\xc7\xe3XI\xe8y\x98\xa9\xda<\xab\
\xa9 \x14\xe0(\x02\xa1\xbe\xb9\xfb\x1d\xab\xca>\xf7E\
\x1e\xe6\xa1&\xdd\x91\xc1\x08\xb94\x91\x9b\xad_\x17c\
g\x11\xf9G\xfa\xc2;\x9fJ\xcf\xb7\xb7\x96\xe6h\xe0\
\x81\x0c\x92\xc8v\xa2\x8e\xe6\x98\x07RNORMw\
^\x09\xd1E\xad\xb7\xf6\x9c\xeb\xfb\xf9\xc6\x22\x07\xf8\x13\
\xd7\xeak\xd5\xa7\x05\x15\xca\x8fr\x10T\xa1djh\
:\x1c:\x15\xa7\x96\xb8{\x899\x9a_\xef\x1fA\xec\
+L\x0c\xd2\x01\x9awJ\xd4\x9d\xc2\x94\x0a\x00\xa7\x01\
\x9a@\x18\xcdM\x1d\xcc\xf1\x8c$\xae\x07\xd6\xa3\xc7j\
\x19\x965\xde\xec\x15GRjX\xd5\xfa\x16\x05\xed\xcf\
\xfc\xf7jd\x972\x95-$\xec\x17\xb9'\x02\xb2\xae\
5\x802\xb6\xe9\xbb\xfd\xb6\xe9\xf9Vt\xb3Kp\xdb\
\xa5r\xe7\xdf\xa5\x0a%\xdd\xbe\xa6\xbc\xda\xb5\xb4d\xec\
\xdd+{t\xfc\xea\xab\xea\xf7\x0f\xf7\x15#\x1f\x99\xaa\
 S\x80\xaa\xb2\x0b\x135\xdd\xcc\x87\xe6\x9d\xcf\xd0\xe2\
\x9b\xe6\xc9\xff\x00=\x1f\xf3\xa6\xe2\x9c\x05!\x93\xc3{\
q\x09\xc8\x90\x91\xfd\xd6\xe4\x1a\xbfy2^h\xb7O\
\x8c\x03\x11\x0c=\x0de\xe2\x9f\xab\xcaltO \xf1\
-\xe3}\xdfE\x1dj%\xb0\xd2\xd4\xe6\x10p+J\
\xd0~\xe1sT\x02\xd6\x8d\xa1V\x88(<\x8e\xb5\xcb\
U\xe8u\xd2\xdc\x98\x0ax\x18\xa0\x0cS\x80\xf5\xaes\
\xa0\x02\xe6\x9e\x05\x00S\xc0\xa0\x04\x02\x9e\x174\xaa\xb4\
\xf03E\xc0\xce\xbf\x8f\x12\xab\x01\xd4T\x0b\xf2\x10\xdd\
\xc1\xcdh\xdf\xc7\x98C\x0f\xe15@.i\x1a\xc5\xe8\
m\x8f\x98\x03\xd8\xf3N\x02\xa2\xb3m\xf6\xc8}\x06*\
\xc0\x15\xca\xd5\x9d\x8e\xe4\xef\xa8\x80S\x80\xf4\xa0\x0c\xd4\
\x89\x19v\xda\x83&\x90\xc6\x85\xed\xd4\x9e\xd5\xa7\x10o\
-C\x8c0\x1c\xd3`\xb6Xy?3\xfa\xfaT\xd5\
\xcdRjZ\x22\x92\x0a(\xc5-d0\x14Sd\x91\
!B\xf28E\x1d\xcdd^\xeb\x0f.c\xb6\xca'\
w\xee\x7f\xc2\xb5\xa7JSz\x11:\x8a;\x97\xafu\
8\xad2\x8b\x89%\xfe\xe8\xe8>\xb5\x874\xf2\x5c\xc8\
d\x95\xb77\xe8*<T\x91D\xf36\xd4\x5c\x9a\xf4\
iQ\x8c=NI\xd4r\xdchRH\x00d\x9e\xd5\
\xa9ed!\xfd\xe3\xf2\xfd\x87\xa5Y\xd34\x96y6\
D\xbb\xe5\xc6K\x1e\x02\xd5\x89\xed\xe4\xb5\x94\xc5(\xc3\
\x8fCZ3\x09K\xa1\x15(\x14\xb8\xa2\x82B\x8cR\
\xd2\x81N\xc0&)\xc0P\x058\x0ab\x13\x15\x9f\xe2\
\x0d%u\x9d\x22\xe2\xcc\x8f\x99\x97(}\x18r+H\
\x0ap\x14'gt3\xc0\x9e6\x89\xd9\x1dJ\xb2\x92\
\x08=\x8d\x18\xae\xbf\xe2\x1e\x83\xf6\x0dDj\x10\xae \
\xba?6?\x85\xff\x00\xfa\xf5\xc9\x01^\xa4$\xa4\xae\
\x8e\x84\xee\xae&+\xa3\xd3.\xfe\xd7n7\x1f\xde\xa7\
\x0d\xef\xe8k\x9e\xc5Oi;\xdaN\xb2\xa78\xea?\
\xbc=*j\xd3\xe7\x89\xd9\x83\xc4\xfb\x0a\x97{=\xce\
\x96\x9c\x17\xd6\x92\x19\x12x\x96X\xceU\xbaT\x98\xae\
\x0bX\xfau$\xd5\xd0\x80V\x06\xab/\x9d|\xf8\xfb\
\xa9\xf2\x8a\xdfw\x11F\xd2\x1e\x8a\x09\xae_%\x89c\
\xd4\x9c\x9a\xe8\xc3GV\xcf#6\xabh\xc6\x9f}F\
\x81K\x8a\x5cR\x84.B\x8e\xa4\xe0Wa\xe1\x9bz\
4>]\x9e\xf3\xd6C\x9f\xc2\xaf\xd2G\x18\x8a4\x8c\
tQ\x8ax\x15\xe6\xc9\xf36\xcf\xac\xa3MS\xa7\x18\
v\x1b\x8aP)\xc1ip)\x1a\x5c@\xb4\xbbiq\
J\x05\x02\xb9R\xf4\xf2\x8a>\xb5_\x155\xc9\xdd3\
{qQ\xe2\xbdz\x11\xe5\xa6\x91\xe3W\x975F\xc6\
\xe2\x97\x14\xecQ\x8a\xd4\xc4LR\xe2\x97\x14\xb8\xa0C\
qK\x8a\x5cR\xed\xa0\x06\xe2\x97\x14\xed\xb4\xb8\x14\x00\
\xdcQ\xb6\x9fF(\x01\xbbiv\x8a\x5cR\xe2\x80\x1b\
\x81K\x8a\x5cR\xe2\x81\x0d\xc5\x18\xa7b\x97\x14\x00\xcc\
R\xe2\x9d\x8a1@\x5cn(\xc5?m\x18\xa0.3\
\x14\xb8\xa7b\x8cP+\x8d\xc5U\x96=\x8f\xecy\x15\
w\x14\xc9c\xde\xb8\xee:Rd\xc9]\x14\xb1F)\
\xd8\xa3\x15&#qF)\xd8\xa3\x14\x00\xdcRb\x9f\
\x8a1@\x0c\xc5\x18\xa7\xe2\x8cP\x031F)\xf8\xa3\
\x14\x01\x1e(\xc5?\x14b\x80\x19\x8aLS\xf1F(\
\x01\x98\xa4\xdbRb\x93\x14\x00\xcd\xb4\x9bi\xf8\xa3\x14\
\x01\x1e(\xc5?\x14b\x9d\xc2\xe4x\xa4\xc5I\xb6\x90\
\xad\x03\xb8\xccRb\x9f\x8aLP\x031F)\xf8\xa4\
\xc5\x003\x14\x98\xa7\xe2\x8cR\x1d\xc8\xf1E;\x14\xe8\
\xe2\xf3\x1f\x1d\x87Z\x06\xb5\x1fo\x10\x03y\xeazT\
\xa5i\xf8\xa3\x15gDU\x95\x88\xb1F*L\x0ai\
Ze\x5cf))\xe4Rb\x80\x19\x8a1N\xc5&\
(\x01\xa4SH\xa7\xe2\x82)\x0e\xe4Ei*\x5cS\
H\xa0\x0b6_\xea\x9b\xebU\xb5\xd4\xcd\x9a\xb7\xf7^\
\xadY\x0f\x91\xc0\xf5\xa6j\xa9\xbfO\x98z`\xfe\xb5\
\xe5T\xd2\xbf\xcc\xf4\xe4\xb9\xb0\x8dy3\x9a\xc5!\x14\
\xf2)\x08\xae\xc3\xe6\x8e\xbf\xe1\x84\xfe^\xafs\x0f\xfc\
\xf4\x87?\x885\xe9x\xaf&\xf0\x04\xdeO\x8a-\x81\
\xe0H\xac\xbf\xf8\xe9\xaf[\x22\xbc\xfcJ\xf7\xcc*n\
0\xad6\xa4\xc5!\x19\xaer\x08\xf1HE<\x8cR\
b\x80+][\x89\xe3\xe3\xef\x0e\x95\x92A\x04\x820\
Eo\x11To\xed\x81\x06a\x80G_zCL\x86\
=N\xe6\x1b\x19,\x95\xff\x00t\xfd3\xd5Gp>\
\xb5S\x8f\xa5-]\xd1\xf4\xd3\xa9\xde\xacd\x1f%>\
i\x0f\xb7\xa7\xe3R\xed\x14\xd8\xcd\x9f\x0ci\xbeD&\
\xf6U\xc4\x92\x8c ?\xc2\xbe\xbf\x8dnS\xb6\x80\x00\
\x00\x008\x00v\xa4\xc5y\xd3\x973\xb9Hn)1\
N\xa4\xc5ACq\x8a)M\x14\x80m!\xa7PE\
 \x18E!\x14\xfcR\x11H\x06R\x11O\x22\x9b\x8a\
C\x19E8\x8c\xd3h\x01(\xa5\xc5%\x02\x1aF)\
)\xf4\x84R\x01\x94R\xd2R\x01\x0f4\x94\xeaB(\
\x01\xb8\xa4\xa7R\x11R\x03H\xa6\x91O\xa4\x22\x80\x19\
HE8\x8aJ\x00J\xab\xaa>\xcd>b{\x8c~\
\xb5k\xa5f\xeb\xb2b\xde8\xc7Wl\xfe\x02\x92Z\
\x8d-L\x22)\xa4T\x94\xd2+c\xa0\x8e\x90\x8ay\
\x14\xda\x00a\x19\xa6\xd3\xc8\xa4#4\x00\xcai\x14\xfa\
k\xb2\xc6\x8c\xeep\xaa2O\xb5H\x18^'\xbb\xf2\
\xe0K5?4\xbf3\xfb(\xae`\x8cU\xcb\xeb\x96\
\xbd\xba\x92\xe5\xba\xb9\xe0z\x0e\xd5\x5c.\xe2\x05z\x94\
\xa1\xcb\x15\x13\x92r\xbb\xb9\xd3\xdb\xf8V\x14\xf05\xce\
\xb1p6\x5c\x96\x0f\x01'\xa2\x83\x8c~9?\xa5r\
\xe4dV\xc6\xad\xaf\xea\x1a\xbc\x10\xdb\x5c:%\xb4\x00\
\x08\xe1\x8caF\x07\x04\xfa\xd6S.y\xafB)%\
ds\xee@E1\x85N\xcb\x9a\x8c\x8a\xa1\x102\xe6\
\x98Fjf\x14\xc6\x14\xc0\x81\x86)\x8c\xbd\xear3\
Q\x91\x8ai\x88\x81\x86i\x953-1\x86j\x80\x88\
\x8ai\x15%4\x8cS\x11\x19\x14\xc2*m\x8c\xcc\x15\
\x14\xb3\x13\x80\xa0d\x93\xedLe*\xc5YJ\xb0\xe0\
\x820EP\x88\x88\xaa\xd7\x03\xe6\x06\xad\x91U\xee\x07\
\x00\xd33\xaa\xaf\x12;g\xf2\xaea\x7f\xee\xba\x9f\xd6\
\xbb\xa7\x1f1\xae\x05\xb8\x19\xf4\xe6\xbb\xd4;\xa3F\xf5\
P\x7fJ\xf33\x15\xac_\xa9\xe0f\x0bX\xbfP\x22\
\x92\x96\x90\xd7\x9ay\x83i\x0d8\xd2P!\x08\xa4\xa5\
\xa44\x08\xca\xd4Wm\xd1?\xde\x00\xd5Z\xbf\xaa\xaf\
\xcf\x1bz\x82*\x85{\xf8Y^\x94N\x98k\x14a\
j\xbf\xf1\xfd'\xd0\x7f*\xa9\xd6\xad\xea\x7f\xf1\xff\x00\
/\xe1\xfc\xaa\xa8\x1c\xd7Tw=\xbc>\xd1\x1bL\x22\
\xa4\x22\x9ay\xad\xd1\xdeFE%<\x8ai\xa6\x222\
1Hi\xe4f\x9bT\x03\x08\xcd6\x9fM\x22\xa9\x08\
gJ\x92\xdb\x89\x08\xf5\x14\xc23R[!w\xf4\xc5\
\x17\xb6\xa2\xe4s\xf7Q\xe8\x1f\x08\xb5\x04\xb6\xf1\x1c\xf6\
\x0e@\xfb|;S?\xdeS\x9c~Y\xae\x93[\xd4\
\xe5\xd4o$R\xc4A\x1b\x15H\xc1\xe3\x8e\xe7\xde\xbc\
\x9e\xdey\xad.\x22\xb8\x82C\x14\xd0\xb8tu\xea\xac\
:\x1a\xec\xf4\xcf\x13\xdb\xea\x84\x8b\xa2\x96\xf7Lr\xc0\
\xf0\xae}A\xed\xf4\xae\xaaR[3\xcb\xad\x07{\x9a\
\x98\x1e\x82\x8c\x0fAN\xdaOA\x9f\xa74\x87\x8a\xe8\
0\x13\x03\xd0Q\x81\xe8)h\xa6\x80@\xa0r\x06\x0f\
\xb5j\xe8\x9a\xe4\xbal\xea\x93H\xefj\xe7\x0e\x18\xe7\
g\xb8\xac\xc0\x09\xe83T\xefu[\x1d=O\xda\xae\
QO\xf7\x07\xcc\xc7\xf0\x14;[QZ\xfa\x1e\xaad\
H\xd1\xe5v\x1eZ\xa337m\xb8\xeb_1H\xca\
\xc6FO\xba\xcc\xc5~\x84\x9cW_\xe2\x0f\x88\x97\xda\
\xb6\x8e\x9a-\xa2\x1bk06\xcb!9\x92q\x9c\x80\
\x7f\xba?\x9ds\x9aU\x83j7\xd1\xc0\xa3\xe4\x07s\
\x9f\xee\xa8\xaeY\xc9\x1dXj\x12\x94\x94V\xec\xec\xf4\
\xc8\xfc\xad>\xd5\x1b\xa8\x8cf\xb8{\xa8\xbc\x8b\xa9\xa1\
\xfe\xe3\x91\xfa\xd7\xa0\x1cg\x81\x81\xda\xb8\xady<\xbd\
b\xe4t\xdcC~b\xbc\xe4\xf5>\xeb\x15\x0eZq\
K\xa6\x864\xf61\xcd\x92>F\xf5\x15\x9dqk%\
\xb9\xf9\x86W\xd4W[i\xa1M\xa8i\xdfj\xb6\x90\
4\x81\x8a\x98\x9b\x8c\xe3\xd0\xd6\x5c\x89\xb84n\xa4v\
 \xf6\xad\xe1Y\xc4\xf2\xaba\x14\x95\xedk\x9c\xf9\x19\
\xa6\xd4\xb2\xc6b\x95\x90\xf65\x19\x15\xdc\x9d\xcf\x22\xd6\
vbSH\xa7R\x1a\xa1\x0c\xa2\x94\x8aJhLC\
M\xa7\xd3MP\x86\x9aJu4\xd3B\x0aJZJ\
`\x06\x92\x9dM\xa0\x02\x997\xfa\xb3O\xa6M\xfe\xac\
\xd4\xd4\xf8X\xc7u\xa7\x01\x8aE\x14\xb5b\x03@\xa4\
\xa7R\x00\x14\xb4\x0a\x05&1i\xc0R\x01\xcd:\x90\
\x05\x02\x8a\x5cd\x11\xd0\x9a\x91\xa1\xfeL\x8b\x12\xccc\
q\x13\x12\xaa\xe5N\xd6#\xa8\x06\x81^\x97\xe2\x0f\x89\
z\x0e\xad\xf0\xa3O\xf0\x9c\x1aC\xc5\xa8[\x14\x1b\xdb\
\x1b\x22 \xe5\xa4R:\x96\xe8G\xbdy\xa5eNr\
\x92\xf7\x95\x8b\x92Kf\x14\xe1H)EP\x85\xa7\x0a\
@)\xc2\x93\x00\x14\xa2\x80)jX\xc2\x9c9\xa4\xa7\
\xa8\xc74\x98\x16,\xe4\xf2\xa5\x03\xb3qZX\xc8\xac\
aZ\xd6\xf2y\xb1+w\xe8k\x1a\x8b\xa92GO\
\xa7\x5c\xfd\xaa\xd1\x1c\xfd\xf5\xf9[\xea*\xcda\xe8\xd7\
\x1eM\xc9\x88\x9f\x96^?\x1e\xd5\xbb\xd2\x92z\x195\
`\xa2\x8a(\x01q]\x16\x93p.,\x90g\xe6\x8f\
\xe5a\xfc\xab\x9d\xab:}\xdf\xd8\xeeC\x9f\xf5m\xf2\
\xb8\xf6\xf5\xa0\x0e\x96\x96\x90z\x8eGjZLaE\
\x14R\x00\xa2\x8a\x05!\x8a(\xa2\x8a@\x14\xeaAK\
H\x02\x8a)i\x0d\x05\x14Q@\x0a(\xa2\x8aC\x0e\
\xb4\xa2\x8aP)\x0cQ\xc5q\xde'\xd3\xbe\xc7\xa8y\
\xe8\xb8\x8a\xe7\xe6\x03\xd1\x87Q]\x8fZ\xa3\xaeX\xfd\
\xbfL\x96%\x1f\xbcO\xdeG\xf5\x15,i\x9c(\xe6\
\x9c:R.1\x9ap\xac\x99\xb47\x14\x0cS\x94w\
\xa4Q\x9a}A\xa8\x01\x9ax\x14\x80S\xd4R\x18\xaa\
1O\x02\x90\x0a\x91EH\xc5QO\x02\x80)\xea\xb4\
\x86*\xad$\x8f\xb7\xe5\x1di]\xf6\x0c\x0e\xb5\x0f\xb9\
\xac*O\xa29\xebU\xb7\xba\x85\x00\x93\x80\x09'\x80\
\x07z\xb7wd\xd6>RH\x7fz\xcb\xb9\x87\xf7}\
\x05jhzW\x92\x05\xdc\xeb\xf3\x9ecS\xfc#\xd6\
\xa9\xebm\xe6jr\x0f\xee\x80\xbf\xa5s\xdf[\x1ej\
\xab\xcdS\x96;!\xba<\x1e~\xa3\x08#\xe5RX\
\xfe\x15\xd5u5\x87\xe1\xc8\xb34\xf2c\xee\xa8Q\xf8\
\xd6\xf0\x152\xdc\xe4\xc5;\xce\xdd\x80\x0a\xc8\xd7\xe5\xcc\
\x90\xc2?\x84\x16?S[J+\x9e\xd5\xce\xfdJ_\
`\x07\xe9[a\x95\xe6i\x82\x8d\xea_\xb0h\xdaq\
\xd5u;{?\xe0v\xcb\x9f\xf6G&\xbdK\x00a\
T\x00\xa0`\x01\xd8W\x19\xe0\x0bp\xd7ww$\x7f\
\xab@\x8b\xecO\xff\x00\xaa\xbbP1^\x92=)\xef\
`\x03\x14\xb4S\x80\xa0\x80\x02\x9c\x07aI\xc2\xa9$\
\x80\x07$\x9e\xd5\x8f{\xa9\xb4\xf9\x8e\x02R.\xed\xdd\
\xbf\xc2\x8d\xc7b\xe5\xde\xa9\x1d\xb9)\x10\x12\xc9\xdf\xd1\
k*i\xe5\xba}\xd2\xb9oA\xd8T@zS\xe9\
\xda\xc5$\x14\xe0(\x02\x9c\x05\x03\x00)\xc0P\x058\
\x0a\x91\x80\x14\xe0(\x03\xb9\xe9Z6:i\x94\x89&\
\x18N\xa1O\x7f\xaf\xb5&\xec1\xb66\x8b\xb4\xdd\x5c\
\x10\x90F7s\xdf\xde\xb9\xbdR\xfd\xb5K\xd7\xb9`\
B\xfd\xd8\xd7\xfb\xabW\xfcC\xad\x0b\xd6\xfb\x1d\xb3\x7f\
\xa3\xa1\xf9\x98\x7f\xcbC\xfe\x02\xb1\xc0\xeek\x19;\x9a\
\xc26\xd4\x02\xd3\xd1\x8a\x10T\xe0\x8a\xd9\xb4\xf0\xf9\xba\
\xd3|\xdd\xdb.\x1c\xee@zc\xd0\xfdk%\xe1x\
$h\xa5B\x92/\x05Mp\xce\xaa\x9c\x9a]\x08S\
Rzt.\xdb\xdc\x09\x06\x1b\x87\xab VP\x15r\
\xde\xec\x8c,\x9c\x8fZW:\xa1W\xa4\x8b\x80S\xc2\
\xe2\x84\xc1\x19\x07 \xd4\x8a\xb4\x5c\xdcE\x5c\xd4\x80Q\
\x8fJp\x18\xa41\x92\xc5\xbe\x16S\xdcVH\x15\xb6\
\x05e\xcf\x1f\x973/l\xf1M\x17\x02\xd6\x98\xdf#\
\xa7\xa1\xcd^\x03\xd6\xb2\xadd\xf2%\x0e~\xefB=\
\xab\xa3\xb5\x8a\xdeE\x12F\xe2_\x7fO\xc2\xb9\xabK\
\x97S\xb2\x93\xba\xb1\x046\xaf/'\xe5_Z\xbd\x1c\
K\x12\xedA\x8f\xebO\xe1z\x90>\xa6\xa0\x96\xfa\xda\
\x1f\xbf:\x03\xe8\x0ek\x8d\xcaS\xd8\xd7DOJ\x05\
f\xcb\xaeB\xbf\xea\xa3g>\xa7\x81T\xa6\xd5\xee\xa5\
\xe1XD?\xd9\x1c\xfeuq\xc3\xcd\xf9\x10\xea\xc5\x1b\
\x93M\x15\xba\xee\x96EA\xeek:\xe3\x5cQ\xf2\xdb\
\xa6\xe3\xfd\xf6\xe9\xf9VC\x12\xe7s\x12\xc7\xd4\x9a+\
\xaa\x18X\xaf\x8bS\x19Voa\xf3M-\xc3\xef\x95\
\xcb\x9f~\xd4\xdatq\xbc\xad\xb5\x14\xb1\xf6\xad\x0bm\
4)\xdd7\xcc\x7f\xbb\xda\xba\x95\x92\xb20r\xeeV\
\xb5\xb2{\x83\x93\xf2\xa7\xadj\xc3\x0aB\xbbQp?\
\x9d<\x0cR\xd23r\xb9sO\xd4\xa4\xd3\xc3\x84\x8d\
\x5c?<\x9c`\xd4\x13\xcf%\xd4\xcd4\xa7,\xdf\xa5\
G\x8aZw\xe8HQ\x8aP)\xc0P1\x00\xa5\xc5\
(\x14\xe01LB\x01K\x8a\x5cR\xe2\x80\x10\x0a\x5c\
R\x8a(\x02\x96\xaf\xa5\xc3\xac\xe9\xf3YN>Y\x07\
\x07\xfb\xa7\xb1\xaf\x19\xd44\xe9\xf4\xcb\xd9m.\x17l\
\x91\x1c\x1f\x7fz\xf7P\xbe\xb5\xcdx\xd3\xc2\xff\x00\xdb\
\x96\xa2\xe2\xd9\x07\xdb!\x1cc\xfeZ/\xa5tP\xa9\
\xca\xec\xf6.\x12\xb6\x87\x94\x85\xc7Jp\x14\xe2\x85X\
\xab\x02\x18\x1c\x10{Q\x8a\xef5,\xd8^\xb5\x94\x9d\
\x0bD\xdfy\x7f\xa8\xae\x827IPI\x1b\x06F\xe8\
Er\xf5b\xce\xf2['\xca|\xc8~\xf2\x1e\x86\xb0\
\xabG\x9bU\xb9\xe8\xe0\xb1\xce\x97\xb9?\x87\xf25u\
\x89|\xbb\x22\xa3\xac\x84/\xe1\xde\xb0\xc0\xab\xda\x9d\xe2\
^4^^v\xaa\xe4\x83\xd8\xd50*\xa8\xc7\x96:\
\x99\xe3\xeb*\x95\x9b\x8b\xd1\x08\x05\x5c\xd2\xa0\xf3\xafS\
#!>cU\x82\xd6\xce\x87\x16\xd8\xa5\x94\x8f\xbcv\
\x8f\xc2\x9dYZ,\x8c\x1d>z\xd1_?\xb8\xd1\xdb\
\xebK\x8a\x5cQ\x5c\x07\xd3\x5cLR\xe2\x97\x14\xb8\xa7\
a\x5cLR\xf4\xe6\x97\x14\xc9\xce\xc8X\xfbb\x9cc\
v\x912\x97*l\xa0NI>\xa6\x8cR\x81J\x16\
\xbd\xa3\xc2\xbfq1F)\xe1h\xa0\x04\xdbK\xb6\x97\
\x14\xb8\xa0\x06\xd2\xe2\x97\x14\xb8\xa0CqK\x8av)\
q@\x5cn(\xc5;\x14\xb8\xa0CqK\x8aZ1\
@\x09\x8a\x5cR\xe2\x8cP\x02b\x8av(\xc5\x006\
\x8cS\xf6\xd1\xb6\x80\x19\x8a\x5cS\xf6\xd1\xb6\x80\x19\x8a\
1O\xdbF\xd1@\x5cf(\xc5I\x81F\x05\x01r\
\xa4\xf1`\xee\x1d\x0fZ\x8b\x02\xaf\x95\x0c0G\x06\xaa\
\xbc{\x1b\x07\xf05-\x18\xcdkr,\x0aLT\x9b\
~\x94m\xfaR3#\xc5\x18\xf6\xa96\xd1\xb6\x80#\
\xdbF*M\xb4\x9bh\x01\x9bh\xc5?m\x1bh\x02\
<Q\x8a~\xd3AZ\x063\x14\x98\xa7\xe2\x8cP\x03\
1F)\xd8\xa3\x14\x05\xc6b\x8cS\xb0h\xc5\x01q\
\x98\xa4\xc5I\x8aLP1\x98\xa4\xc5?\x14b\x80#\
\xc5\x18\xa7\xe2\x93\x14\x00\xccSv\xd4\x98\xa3\x14\xc0\x8f\
\x14\x98\xa91HE\x01r<\x12p\x06I\xabq\xc6\
#\x5cw\xefIo\x0e\x06\xf29\xedSb\x9aF\xf4\
\xe3mFb\x90\x8av(\xc53A\x98\xa4\xc5?\x14\
\x98\xa0.2\x90\xad<\x8aLP22)1RR\
\x15\xa6\x17#\x22\x93\x14\xf2)1@\xc6b\x90\x8a~\
)(\x02\xc5\x8fG\xfc)\xf7q\xf9\x96\xb3/\xaa\x1a\
m\x97W\xfc*\xcb.\xe0G\xa8\x22\xbc\x9cN\x95[\
\xf4=|?\xbdF\xde\xa7\x1f\x8e\x05%JW\x19\x1e\
\x86\x9aW5\xd8|\xb2/\xf8jo\xb3\xeb\xf6\x12\x13\
\x81\xe7('\xeb\xc5{I\x15\xe16\xd2\x1b{\x98\xa5\
\xfe\xe3\x86\xfdk\xdd\xd4\x87Ea\xc8 \x1a\xe2\xc5-\
S2\xa87\x14\x98\xa7\x91I\x5c\xb63\x1b\x8ai\x19\
\xa7\xe2\x93\x14\x80a\x15\x97\x7f?\x98\xfb\x14\xfc\xab\xfa\
\x9a\xbd}?\x91\x16\x01\xf9\x9b\x81X\xe6\x80\x10\x02\xc4\
*\x82\xccN\x00\x1d\xcdv\xfa>\x9a4\xcb5\x88\xe0\
\xca\xdf4\x87\xd4\xff\x00\xf5\xab\x1f\xc2\xdag\x9d)\xbf\
\x95~H\xce\x22\x07\xbbw?\x85t\xf5\xc9\x88\x9d\xfd\
\xd4R\x1b\x8a)qEr\x0ca\x14\x94\xfaB3@\
\xc6\xd2b\x96\x8aC\xb8\xdaJ}4\x8a\x06%'J\
q\xa4\xa9\xb0\x0d\xc5%8\x8aJ@4\x8aLf\x9d\
\x8aLP1\x84b\x90\xd3\xe9\xa4R\x01\xb4R\xd2P\
\x02\x11\x9am>\x90\x8c\xd2\x10\xccQKA\xa4\x03H\
\xa4\x22\x9dHi\x00\xd23IN4\x87\x9a@4\x8a\
m>\x9aE\x007\x15\x81\xab\xcd\xe6\xde2\x8f\xbb\x18\
\xda>\xbd\xebn\xeaqmn\xf2\x9e\xa0p=Ms\
'9%\xb9'\x9c\xd5\xc1u.\x9a\xea4\x8ai\x14\
\xfaB*\xcdH\xc8\xa6\x11R\x91M\x22\x90\xc8\xe9\xa4\
b\x9eE%\x000\x8c\xd6'\x89/|\xb8\x16\xcd\x0f\
\xcd'\xcc\xfe\xcb\xe9[R\xc8\x90F\xf2\xc8p\x882\
MqWs\xbd\xe5\xc4\x97\x0f\xf7\x9c\xe7\x1e\x83\xb0\xad\
\xf0\xf4\xef.g\xd0\xce\xa4\xac\xacV\x22\x9f\x14x\x1b\
\xbdiU7\x9cT\xe5q\xc7\xa5zt\xe3\xad\xceI\
>\x84\x0c3Q\x91\x8a\x9d\x85F\xcb[\x99\x90\xb2\xd4\
l3S\x11\x8ac-P\x10\x11La\x8a\x99\x974\
\xc2;P\x22\x06\x1d\xe9\x84f\xa6#\x14\xc6\x18\xaa\x02\
\x02)\x8c\xb8\xa9\x98f\x98})\xa6\x22\x06\x14\xd3\xcd\
JF)\x8c*\x80\xd1\xf0\xb6\xa9k\xa2\xeb\xd6\xd7\xf7\
\x91\xb4\x90\xc4\x1b;FH$`\x10)\xde1\xd5\xad\
u\xdd~k\xeb4e\x85\x91Ws\x0c\x17 r\xc4\
VI\x19\xa6\x9a\xb5-,G\x22\xe6\xe6#\x22\xa1\xb8\
\x1f&}\xea\xc1\x15\x14\xe3\xf7f\x81M{\xac\xa2\xe3\
\x83\xf4\xae\xe2\xd0\xee\xb4\x81\xbdc_\xe5\x5cK\x0c\x83\
]\xa6\x9d\xce\x9fl\x7f\xe9\x98\xaf?0\xf8bx9\
\x82\xf7bOIN\xa4\x22\xbc\xb3\xca\x1bHi\xd4\x94\
\x08m%:\x90\xd0\x22\x8e\xa8?w\x19\xf4&\xb3H\
\xad=S\xfdTc\xfd\xaa\xcd\xafo\x05\xfc\x15\xf3:\
)\xfc&\x0e\xa7\xff\x00\x1f\xd2\xfe\x1f\xca\xaa\x81V\xf5\
A\x8b\xf9>\x83\xf9UQ\xd6\xbb\xa2{x}\xa2!\
\x1d\xa9\x84T\xa4SH\xad\x93;\xc8\xc8\xcd0\xd4\x94\
\xd2*\x80e1\x85<\x8aJb#\xa4\xa7\x11\x8aC\
M\x00\xc3W!\x8f\xcb\x8cz\x9eMC\x0c{\xdcg\
\xa0\xe4\xd6\x95\x85\x94\x9a\x95\xec6q\xfd\xe9[\x19\xf4\
\x1d\xcf\xe5QRG^\x16\x9d\xdf1\xaf\xa3\xf8K\xfb\
[I{\xb7\x94\xc33\xb7\xee\x09\x1f)\x03\xae~\xa6\
\xb0\xf5\x1d6\xebL\x98\xc1{\x01\x89\xbb\x13\xca\xb7\xb8\
5\xea\xb1\xc5\x1c\x11$1.\xd8\xe3P\xaa=\x00\xa4\
\x9a\x18\xa7\x8f\xca\x9a$\x963\xfc.2+\x92\x9e.\
Qz\xea\x8fO\x13\x94S\xab\x1b\xc5\xda]\xfb\x9eO\
\x0d\xe5\xcd\xb8\xc472\xc6=\x15\xaa\xdc~\x22\xd5\xa2\
\xe1oX\x8f\xf6\x94\x1a\xed.\xfc\x1d\xa4\xdc\x12\xd1\xdb\
\xf9,{+\x1cV\x5c\xfe\x09\xb7L\xe3\xcfQ\xea\xad\
\xb8Wl1p{;\x1eD\xf2:\xebk?\xeb\xd0\
\xc6_\x16\xea\xa3\xab\xc2\xdfT\x147\x8b\xb5V\x1c4\
*}BU\xd6\xf0\x94\x19\xf9n\xe5\x1e\xc5E\x22\xf8\
F\x00~k\xc9O\xd1Em\xf5\x85\xdc\xc3\xfb\x17\x11\
\x7f\x81}\xe8\xc6\xb9\xd6\xf5+\xc1\xb6k\xc9\x0a\x9e\xcb\
\xf2\x8f\xd2\xa8*\xee|(,\xc7\xd3\x92k\xaf\x8f\xc2\
\xdaz\x1c\xbf\x9d/\xd5\xb1\xfc\xabF\xde\xd6\xde\xcdq\
o\x0cq\x7f\xba9\xfc\xea\x1dtuQ\xc8\xea\xbf\x8d\
\xa4\xbe\xf3\x95\xb2\xf0\xcd\xed\xd6\x1aP-\xa3=\xdf\x96\
\xfc\xab\xa6\xb0\xd3\xed\xf4\xd8|\xabu<\xf2\xcez\xb9\
\xf7\xab4V2\xa8\xe5\xb9\xed\xe12\xfa8}b\xae\
\xfb\xb0\xaeG\xc5\x0b\xb7Wc\xfd\xe8\xd4\xd7]\x5c\xaf\
\x8b\x065\x18\xcf\xacC\xf9\xd4\xa3\x5c_\xf0\xcb\xfe\x13\
l\xd8J\xbf\xdd\x97\xfaVG\x89a\x10\xea\xf2\x95\x18\
\x12(\x7f\xc7\x15\xab\xe1\x13\xfe\x8bt?\xe9\xa0\xfeU\
W\xc5\xd1\xe2\xea\xdaL}\xf4+\xf9Q\xd4\xcaj\xf8\
t\xfb\x1cf\xa6\x9bg\x0d\xfd\xe1T\xc8\xad=Q~\
ToC\x8a\xcd5\xe8Rw\x8a>k\x13\x1bTc\
(\xa5a\xde\x92\xb6F\x03H\xa44\xfa\x9bO\xd3/\
u{\xd8\xect\xebI\xae\xee\xa58H\xa1]\xcc\xdf\
\x85;\xd8\x0a\xb4\x95\xbd\xe2O\x02\xf8\x97\xc2\x0b\x13\xeb\
\xba=\xcd\x8cr\x92\x12G\x19V>\x99\x1cf\xb0\xa9\
\xc6I\xea\x84\xc6\x9aCN\x22\x9bT\x846\x8aSI\
T!(4R\xd0\x03i\x93\x7f\xab4\xfad\xdf\xea\
\xcdMO\x85\x8c\x92\x83E%P\x85\x14\xa2\x8aZ\x00\
)h\x14\xa2\xa5\x8cQ\xc5-\x14R`\x02\x9c)\x00\
\xa7\x0a\x96P\xb4\x0a)jF\x85\x14\xb4\x94\xe0)\x00\
\xb4\xa2\x81J)\x0cQJ))jX\x0a\x06M>\
\x91F\x05-&\x01W,$\xda\xe5\x0fF\xe9U\x00\
\xcdH\xa4\xab\x02:\x8a\x86\xae\xac\x165\xc1 \x82\xa7\
\x04r\x0dt\xd6\xd3\x8b\xabt\x98\x7f\x10\xe4z\x1a\xe5\
\xe3q\x22\x06\x1d\x0dkhw\x1b]\xed\xd8\xf0\xdf2\
\xfd{\xd61\xde\xc6RF\xbd(\xa0QVHR\xe3\
4\x94\xb4\x80\xdb\xd1o|\xd8\xfe\xcc\xe7\xe7A\x94>\
\xa3\xff\x00\xadZu\xcaE#\xc4\xeb\x22\x1c:\x9c\x83\
]5\xa5\xca^@\xb2\xa7\x19\xe1\x87\xf7M!\x92\xd1\
E\x14\x86\x14\xb4\x0a)\x00R\x8aJRB\x8c\x92\x00\
\xf5&\x80\x16\x8a\x80\xdfZ\x03\x83p\x94\x9f\xda\x16\x9f\
\xf3\xddi\x0c\xb3EV\xfe\xd1\xb4\xff\x00\x9e\xeb\xf9\x1a\
?\xb4m?\xe7\xb0\xfc\x8d ,\xd1\x8a\xa6\xfa\xce\x9d\
\x18%\xefb\x5cv'\x9aK]oN\xbc\x9d`\x82\
\xe44\xad\xf7T\xa9\x19\xa5q\xd8\xbdJ\x05\x1bO\xa5\
.\x0f\xa5!\x80\xe6\x96\x8e\x94\x0a@/JPpA\
\xa4\xa5\x14\x80\xe0\xb5kO\xb1jW\x10\x01\x85\x0d\xb9\
~\x87\x9a\xac\xa3&\xb7|_\x06\xdb\xc8&\x1f\xf2\xd1\
\x0a\x9f\xa8\xac5\x185\x9c\x8dc\xd0x\x18\xa7\x01H\
\x06i\xc0f\xb2:\x05\x02\x9e\x05\x0a)\xea*F(\
\x15\x22\x8aE\x14\xf09\xa41UsOf\x08\xb9\xa5\
\x03\x15\x14\xc7,\x07\xa5g9Y\x5c\xce\xac\xf9cq\
\x99$\xe4\xf5\xad\x8d\x13J\x13\xb0\xba\x9d\x7ft\xa7\xe4\
S\xfcg\xd7\xe9Ph\xdaD\x9a\x9c\x929\x07\xc8\x80\
\x06\x94\x8f\xd0WN\xaa\x14\x05P\x15@\xc0\x03\xb0\xae\
G.\x87\x89\x89\xaf\xcb\xee-\xc7\x0c\xb1\xaeWPo\
2\xfe\xe1\xbd^\xba\xc4\xe0\x8a\xe4$\xf9\xa6\x91\xbdX\
\xd4\xc4\x8c\x1a\xd5\xb3s\xc3\x89\x8bY_\xfb\xcf\x8f\xca\
\xb5\xc0\xac\xed\x01\x7f\xe2_\xf5sZb\x93\xdc\xca\xb7\
\xf1\x18\x0a\xe7\xb5a\x8dFo|\x1f\xd2\xba,V.\
\xb7\x16\xdb\xc5\x93\xb3\xa7\xf2\xad\xf0\xcf\xdf:0N\xd5\
-\xe4t?\x0f\xc0\x16\xd7\xfe\xbeb\x7f*\xea\xeb\x8b\
\xf0\x1d\xc8K\xdb\xabRpf@\xcb\xeeW\xaf\xe9]\
\xadz(\xf4'\xb8\x01N\x02\x801K\xd0\x13\xe8(\
$\xc8\xd5\xae\xcc\x92\x1bd?\x22}\xef\xf6\x8dg\x8e\
irX\x92z\x92I\xa5\x03\x15{\x14/JP(\
\x02\x9e\x05!\x80\x14\xe1H\x05I\x1co+m\x8dK\
\xb7\xa0\xa9\x18\x80S\xe3\x8d\xa5p\x88\xa5\x98\xf6\x15~\
\xdfHf\xc1\x9d\xb6\x8f\xee\xaf_\xce\xa7\xbb\xbf\xb0\xd1\
#\xda\xe4+\x9e\x91'.\xdf\xe1R\xe40\xb5\xd3R\
\xdcy\xd7\x0c\xa4\xa8\xc9\xc9\xf9S\xebX\x9a\xdf\x88M\
\xe0k[6\x22\x03\xc3\xc9\xd0\xc9\xec=\x05Q\xd4\xf5\
\x9b\x9dP\xed\x7f\xdd\xc0\x0eDJx\xfcOz\xa6\xa3\
\xb9\xe9Y9\x5c\xd60\xb6\xac\x15\x7f*\xd1\xd3l\x0d\
\xc3\xac\x8e>L\xfc\xa3\xfb\xc7\xfc(\xb2\xd3\x8c\xb8\x92\
`Bv^\xed]\x0e\x9d\x06[\xcd m^\x16\xb8\
\xeb\xd7\xe5N\xc6\x15\xab[\xdd\x89yT\x22\x85\x1d\x00\
\xc5A{\xa6\xc1\xa8G\xb6e\xc3\x0f\xba\xe3\xaa\xd5\x90\
;\xd3\xab\xc8M\xa7tr&\xd6\xc7\x1f\x7f\xa5\xcf\xa7\
\xbe$\x1b\xa3?vA\xd0\xff\x00\x85W\x03\x15\xdc2\
+\xa9GP\xcax \xf45\x89}\xe1\xe2\x99\x96\xcf\
\x91\xde#\xd4}\x0du\xd3\xae\x9e\x92:\xe9\xd5OI\
\x19V\xf2\xbc'#\x91\xe9ZP\xca\xb3\x0c\xa9\xfa\x8f\
J\xcc\xdaA*A\x04pA\xedOF(AS\x82\
+{\x9dp\xa8\xe2k\x01N\x02\xab\xdb\xdc\x89>W\
\xe1\xbf\x9dZ\x0bA\xd5\x16\x9a\xba\x00*\xb5\xfc\x1c\x09\
@\xe4pj\xe8\x14\xe0\x99\x18#\x8a\x0aN\xc6\x22\xae\
z\xd3\xc7\xcb\xc8\xc8\xfaU\xe9t\xe0Ncl{\x1a\
\x87\xec\x13\x9f\xe1\x1f\x9d2\xefr\xbb1n\xa4\x9f\xa9\
\xa4\xc6*\xda\xe9\xb2\x9e\xa5EY\xb5\xd2\xa13 \xb8\
\x99\x962~b\xa3\x91M\x0e\xe8\xcc\xa5\x00\x93\x803\
[w\x1au\x84sb\xd8\xbc\x91\x81\xd5\xfb\x9arD\
\x89\xf7UG\xd0S\xb9<\xe6LVS\xc9\xd16\x8f\
S\xc5\x5c\x87KA\xcc\x8d\xbb\xd8t\xab\xc0R\x81E\
\xc9rcc\x8d#\x1bQB\x8fj}\x14\xb8\xa2\xc4\
\x86)h\xc5-1\x06)@\xcd(\x14\xa0f\x98\x09\
\x8apZP1K\x8a\x00@)qJ)h\x01\x00\
\xa5\xa0\x0c\xd3\x80\xc5\x00 Zp\xe3\xa5\x18\xa7\x01L\
\x04\x02\x94\x0cQK\x8a\x04q>6\xf0w\xda\xf7\xea\
z|\x7f\xbe\x1c\xcb\x10\xfe?q\xef^y\x8f^\xb5\
\xefB\xb8\xef\x16\xf8\x1do\xf7\xdfi\xaa\x12\xe3\xab\xc4\
:I\xee=\x0du\xd1\xadovF\xb1\x9fFy\xbe\
)@\xa7\xb4M\x13\xb2H\xa5\x1dN\x0a\x91\x82\x0d.\
+\xac\xd0h_Zv)@\xa5\xc5\x007\x18\xae\x92\
\xce\x1f\x22\xd6(\xfb\x81\x93\xf8\xd6\x1d\xa4>}\xccq\
\xfa\xb7?J\xe9H\xe6\xb9\xb1\x0fdz\xf9\x5c>*\
\x9f/\xeb\xf0\x1b\x8a\x5cR\x81J\x05s\x1e\xb8\x80R\
\xe2\x97\x14\xa0P+\x89\x8a\x82\xf0\xe1\x15}Nj\xd6\
*\xa5\xd9\xcc\xa0z\x0a\xe8\xc3F\xf5\x11\xcd\x8a\x95\xa9\
\xb2\xbe1K\x8a\x5cR\xe2\xbd3\xca\x13\x14b\x9d\x8a\
\x5cP\x17\x1b\x8a\x5cS\xb1E\x02\x13\x14\xb8\xa5\xc5\x18\
\xa0\x04\xa3\x14\xecR\xed\xa0\x06\xe2\x97\x14\xed\xb4\xb8\xa0\
.3\x14\xbbi\xf8\xa3\x14\x0a\xe3v\xd1\xb6\x9d\x8a\x5c\
P\x17\x1b\x8a1N\xc5.(\x01\xb8\xa3\x14\xecR\xe2\
\x81\x0c\xc5\x18\xa7\xe2\x8cP\x03qF)\xd8\xa5\xc5\x00\
3\x14b\x9f\x8a1@\x0c\xc55\xe3\x12.;\xf65\
.(\xc5\x00\xca\x05H8#\x91F*\xdc\xb1o\x19\
\x1fx~\xb5_\x04T\x98IXf(\xc5;\x14b\
\x91#qF)\xd8\xa3\x14\x00\xccQ\x8a~(\xc5\x00\
3\x14\x98\xa91I\x8a\x02\xe31I\x8a\x93\x14\x98\xa0\
w\x19\xb6\x93mI\x8aLP\x17#\xdbF*LR\
b\x80#\xc5&*LQ\xb6\x80#\x22\x92\x9f\xb6\x8c\
P2<Q\x8a~)1@\x5ca\x14\x98\xa7\xe2\x8c\
P\x04x\xa7\xc3\x16\xf6\xc9\xfb\xa3\xf5\xa5H\xcc\x8d\x81\
\xf8\x9a\xb4\x10(\x00\x0e\x054\x8d!\x1b\xea\xc6\xd2b\
\x9eE&*\x8d\x86m\xa4\xc5?\x14P22)1\
Rm\xa4\x22\x80#\xc5&)\xe4Rb\x80\x19\x8aL\
S\xf1I\x8a\x062\x90\xaf\xa5?\x14\x98\xa0ddR\
b\xa4\xc5!ZarK/\xbe\xff\x00J\xb6:\x8a\
\xabf?z\xdfJ\xb5\x8a\xf2\xb1\x7f\xc4g\xaf\x83\x7f\
\xbbG/r\x9b.%_F5\x0e*\xee\xa8\x9b/\
\xe6\x1e\xa4\x1f\xd2\xaa\x11\x9a\xe9\x8b\xbaL\xf9\xaa\xd1\xe5\
\xa9(\xf6lf+\xdb\xf4y~\xd3\xa4\xd9\xcc9\xdf\
\x0a\x9f\xd2\xbcH\x8a\xf6\x0f\x05\xcd\xe7\xf8f\xc9\xb3\x9c\
)_\xc8\x91XbV\x89\x98T\xd8\xd8\xa4#4\xf2\
\xb9\xa6\xfdk\x84\xc8f)\xac\xc1T\xb3\x1c\x01\xc95\
-fj\x97\x1c\xf9\x0a}\xda\x80)\x5cNg\x94\xb9\
\xe9\xd8z\x0au\x95\x9c\x9a\x85\xd4v\xd1\xf0\x5c\xf2\x7f\
\xba;\x9a\x80\xe0s]\x87\x86\xf4\xbf\xb0\xday\xf2\xae\
'\x9cd\xe7\xf8W\xb0\xa8\xab>H\xdc\x0d8 \x8e\
\xda\x14\x86%\xc2 \xc0\x14\xeau\x18\xaf9\x946\x90\
\x8au&)\x0cm!\x14\xeaJ@6\x90\x8cS\x88\
\xa2\x90\xc6QJEU\xb8\x9aKG\x12`\xbc,y\
\x1d\xd4\xfbRJ\xe3E\x8cRQ\x1c\x892\x07F\xdc\
\xa6\x94\x8a\x067\x18\xa0\x8c\xd2\xd1\x8aB\x18E!\x14\
\xfcSqR1\xb4\x94\xecRP\x03H\xf4\xa6\xd3\xf1\
HFi\x0ce\x14\xb4\x98\xa0\x04\x22\x90\xd3\xa9\x08\xa4\
!\xb4\x94\xe2)\x0d \x1bHi\xd4\x84R\x01\xa6\x90\
\x8auW\xbd\xb9\x16\xb6\xec\xff\x00\xc4xQ\xefE\x80\
\xcb\xd6.<\xd9\x84*~X\xfa\xfb\x9a\xce#4\xf3\
\x9c\xe4\x9c\x93\xde\x90\x8e\xf5\xaaV\xd0\xdd+\x11\x11\x8a\
CR\x11\x9aa\x18\xa0cH\xa6\x91O4\xd23H\
\x08\xc8\xa6\x91R\x11P]\xdc%\x95\xbb\xce\xfc\x84\x1c\
\x0fS\xd8SJ\xfa \xb9\x8b\xe2;\xcc\xed\xb2C\xfe\
\xd4\x9f\xd0V\x01\x185<\xae\xf3H\xd2\xc8r\xeer\
M5#\xf3\x1b\x1d\xbb\xd7\xa3N\x1c\xa9E\x1c\xb2\x95\
\xdd\xc2(\xf6\xae\xecri\xc4f\xa6#\x8cTdb\
\xbb\x22\xac\xacb\xf5!aQ\x91V\x08\xcdD\xc2\xa8\
D,\xb9\xa8\xc8\xa9\xc8\xa8\xd9i\xa6\x22\x06\x18\xa8\xd9\
j\xc1\x19\xa8\xc8\xc5P\x10\x11\x9a\x8c\x8a\x9d\x85F\xc3\
4\xd0\x88H\xc51\x97\xbdJE0\x8a`B\xc3\x22\
\xa3\xf6\xa9\xd8b\xa3u\xcf\x22\xa8D$b\x9aEJ\
Fj21M0\x18Fj)G\xee\xdb\xe9S\x11\
\x8a\x8ea\xfb\xb6\xfaU\x11-\x99A\x86+\xb3\xd3?\
\xe4\x1bm\xff\x00\x5c\xc5q\x8d\xd0\xd7k`\xbbl-\
\x87\xa4b\xb81\xff\x00\x0a\xf5<,\x7f\xc2\xbdI\xe9\
\x0d-!\xaf,\xf2F\x9a\x0d-%\x02\x12\x9bN4\
\x98\xa0Fv\xa8\xdf<i\xe8\x09\xaa&\xa6\xb9\x97\xcf\
\x99\xdf\xb6p>\x95\x15}\x06\x1e\x1c\x94\xd4Y\xd3\x15\
ec\x0fV\x1f\xe9\xad\xee\xa2\xa9\xafZ\xbf\xac\xae.\
\x94\xfa\xa5P\x1ds]\x08\xf5\xf0\xef\xdd\x8b\x16\x9aE\
>\x90\x8c\xd6\xa7\xa4F\xc2\x99R\x91\xda\xa3\x22\xa9\x08\
a\x14\xd2*B3L5@4\x8aa\xa9(D\xdc\
\xe0S\xb8%wdM\x02lNz\x9ek\xb1\xf0.\
\x9d\x85\x9fQq\xc9\xfd\xd4G\xdb\xf8\x8f\xf4\xaeL#\
H\xca\x91\x8c\xbb\x10\xaa=\xcdz\x85\x85\x9a\xe9\xd6P\
Z'H\x97\x07\xdc\xf7\xfdk\x8a\xbc\xf4\xb7s\xde\xc1\
RW\xbfbr(\xa5\xa4\xae3\xd5\x12\x8e\x94\x1a)\
\x8ck\xc5\x1c\x9f}\x15\xbe\xa2\xa1m:\xdc\xf3\xb0\x8f\
\xa1\xab\x14\xb5JMl\xc0\xac,-\xc7\xf0\x13\xf55\
*A\x12}\xd8\xd4~\x14\xfa3\x80O\xa0\xa1\xc9\xbd\
\xd8#\x04\x8c\x12=\xe9(''>\xb4Wy\x01\x5c\
\xbf\x8b?\xe3\xfa\x0f\xfa\xe7\xfdk\xa8\xae_\xc5\x9f\xf1\
\xfd\x07\xfds\xfe\xb5Ks\x0c_\xf0\xcb^\x11\xe2\xde\
\xeb\xfd\xf5\xfeTx\xba<\xda\xdbI\xfd\xd7+\xf9\xd2\
\xf8K\xfe=n\x8f\xfd4_\xe5S\xf8\x9d7\xe9\x0e\
\xdf\xdcu4u!+\xe1\xfeG\x0f\xa9.m\x89\xf4\
\x22\xb2kf\xf4f\xd9\xeb\x18\xd7n\x1d\xfb\xa7\xcec\
\x17\xbe6\x9bO4\x84WA\xc86\xbd\xbb\xf6S\x9f\
O\x8b\xc5z\xbcW\x061}-\xaa}\x98\xb7R\x01\
;\xc2\xfe\x18\xaf\x11\xa7\xc1<\xd6\xb3$\xf6\xf2\xc9\x0c\
\xd1\x9c\xa4\x91\xb1VS\xea\x08\xa9\x9cy\x95\x84}\x91\
\xf1\xee\xff\x00H\xb3\xf8c\xabC\xaa\xc9\x18{\x94\x09\
k\x19\xc1f\x9b \xae\x07\xb7\x5c\xd7\xc6\x02\xae\xeaz\
\xbe\xa5\xac\xce'\xd4\xf5\x0b\xab\xe9@\xc0{\x89\x0b\x90\
?\x1a\xa5E(r+\x03\x10\xd2\x1au%lH\xd3\
M\xa7R\x11T\x84%%-%0\x03Q\xcd\xfe\xac\
\xd4\xb5\x1c\xdf\xea\xcdMO\x85\x8cy\xa0RS\xaa\x84\
\x02\x96\x8aQI\x8c)\xc0R\x0auH\x05\x02\x8aP\
)\x0d\x0a\x05:\x90R\xd4\x8c\x058RS\xaaF\x00\
f\x9dH8\xa7\x0aL\x02\x9c)\x05-!\x8a)\xca\
3M\xa9\x00\xe2\xa4\x02\x96\x92\x9c\xa2\x93\x18\xa0b\x9d\
\x8aJuH\xcbv2pc?QW\xa2\x95\xa1\x91\
e_\xbc\x87\x22\xb2bc\x1b\x86\x1d\xabQN@#\
\xa1\xac\xa4\xb5\x22H\xea\xa3\x91eE\x91~\xeb\x0c\x8a\
Z\xcd\xd1.7D\xd6\xecyO\x99~\x95\xa5M;\
\x98\xb4(\xa5\xa2\x94P0\xab\x16W\x8fe6\xf1\xca\
\x1e\x1d}EW\xa2\x90\xce\xaa9\x12h\xd6H\xdbr\
7CN\xaev\xc6\xfd\xec\x9f\x81\xba6\xfb\xc9\xfdE\
t\x10M\x1d\xc4bH\x9br\x9f\xd2\x90\x0f\xa2\x8a\xce\
\xd4u?(\x98m\xce_\xa38\xfe\x1faH\x09o\
\xb54\xb5\xccq\x80\xf2\xf7\xf4_\xadcM<\xb7-\
\xbag.}\xfa\x0af*\xb5\xe5\xf4vcn7\xc8\
z'\xa7\xd6\x93cE\x9cq\x9e\x00\x1d\xea\xb4\xda\x9d\
\xb4\x5c)27\xa2\x8e?:\xc9\x9e\xeek\x9f\xf5\xaf\
\xc7\xf7G\x00Q\x05\xb4\xb7\x07\x11FXz\xf4\x15\x0e\
]\x8aQ-K\xab\xcc\xdcF\x8b\x18\xfc\xcdVi\xe6\
\x9c\xfc\xf2;\x93\xda\xaf\xc1\xa3/\x06y3\xfe\xca\xff\
\x00\x8dhE\x04P\x0cE\x1a\xaf\xf3\xa5f\xc7t\x8c\
xt\xbb\x89\xb9\xd8#_V\xad\x0b]1-\xe4Y\
L\x8c\xd2/ \x8e\x00\xab\x94\xe4F\x91\x82\xa2\x96c\
\xd0\x0avAqw\xbf\xf7\xdb\xf3\xa9m\xda\xe5\xdc\x08\
\x1eB\xfd\xb0x\xad\x0b]\x1d\x17\x0drw\x9f\xee\x0e\
\x82\xb4UU\x06\xd4P\xa3\xd0\x0a\x04\x0a\x0e\x06\xeeN\
9\xfa\xd3\xa8\xa2\x90\x0a)i\x05-!\x98>/\x8f\
6\x96\xd2\x7fvB?1\x5c\xc0\xea+\xaa\xf1q\xc6\
\x9f\x08\xf5\x97\xfaW,\xa3\x9a\xceF\x91$\x02\x9e\x05\
 \x14\xf5\x15\x89\xd0(\x14\xf5\x14\x8a*E\x18\xa9(\
P*U\x5cSTw\xa9\x00\xcd&\xc0U\x15\x14\xc9\
\x87\x1e\xf5`\x0aIc,\xbc\x02p\x09>\xc2\xb3\x9a\
\xba3\xad\x1b\xc1\x9b\xde\x02\xb8T\xbd\xba\xb4n\x93\xc6\
\x18\x0f\x5cu\xadk\xabci;G\xfc=T\xfa\x8a\
\xe3\xb4\xbb\xc6\xd3\xb5\x08.\xd7\xfeY\xb6H\xf5\x1d\xeb\
\xd2\xef-R\xfa\xddLd\x13\x8d\xd1\xb7\xd6\xbc\xaa\xb2\
\xf6u9\x9e\xcc\xf9\xfc\x5c-.n\xe6\x10\x1c\x13\xec\
k\x8f\x03,~\xa6\xbb \xa46\xd20G\x04\x1e\xd5\
\xc8\x95\xda\xee=\x18\xd7LM0}N\x87B\x1f\xf1\
._\xf7\x8dh\x8e+?A\xff\x00\x90x\xf6sZ\
 d\xd2{\x98\xd5^\xfb\x15ES\xd5\xed\x8d\xc5\xa6\
\xf5\x19h\x8e\xef\xa8\xefW\xb1N\x1cS\x8c\x9c]\xd0\
S\x93\x84\x94\x91\xccY\xddKcs\x15\xd4\x0d\x89#\
;\x97\xd0\xfbW\xa5i:\xad\xb6\xb3\x00\x9a\xdd\x80q\
\xf7\xe2?y\x0f\xf5\x15\xc0\xea:i\xb5s,`\x98\
\x18\xff\x00\xdf\x06\xabD\xef\x0c\x82X\x9d\xa3q\xd1\x94\
\xe0\x8a\xf4\xe14\xd5\xd1\xec\xa7\x1a\x91\xe6G\xaaS\x85\
p\xb6\xbe1\xd5 P\xb2\x98\xae@\xee\xeb\x83\xf9\x8a\
\xd2\x8b\xc7#\x1f\xbd\xd3\x88\xf7Y*\xae\x85\xc8\xcb\xd7\
Z\x5c\xd0\xc8\xcd\x12\x19#'#\x1dG\xb5V\x10K\
\x9eb\x7f\xca\x9e\xbe6\xb4?\xf2\xe98\xff\x00\x81\x0a\
S\xe3k\x7f\xe1\xb3\x98\xfdX\x0a|\xe3\xe5`\x96\xd3\
\xbf\xdd\x85\xcf\xe1V\xa2\xd2\xae_\xef\x05\x8cz\x93T\
_\xc6\xcf\x8f\xddX\x00}ZJ\xab/\x8bu9\x7f\
\xd5\xf90\xfb\xaa\xe4\xfe\xb4\x9c\xcaPgK\x0e\x8d\x12\
|\xd2\xb3I\xfa\x0aK\x8dgL\xd3\x97a\x99\x09\x1f\
\xf2\xce!\x93\x5cd\xf7\xd7\x97\x87\xfd\x22\xeaY\x07\xa6\
p?!Q*\x85\x18\x03\x15\x0eE(w7/\xbc\
Wuq\x94\xb4Al\x87\xf8\xb3\x97?\xe1X\xfc\x96\
,\xc4\xb3\x1e\xacy&\x85RN\x00%\x8faZ\x16\
\xdaD\x92a\xa6>Z\xff\x00tu5\x94\xa6\xa3\xb8\
\xe5(\xc1jS\x8a'\x99\x82\xa2\x96c\xd8V\xbd\xa6\
\x98\xb0\x90\xf2\xe1\xdf\xb0\xec\xb5j\x18#\x81vD\x81\
G\xf3\xa9\xa3\x8d\xa4`\x882\xc6\xb9*Vom\x11\
\xc9S\x10\xe5\xa4tC\xa2\x89\xa6\x90\x22\xf5=O\xa0\
\xadx\xe3X\xd0\x22\x8c\x05\xe9Q\xdb[\xac\x09\x81\xc9\
=O\xadO^uY\xf3=60\x0aZ)\xc0V\
E$\x00S\x85\x00R\xd02\xa5\xf6\x97\x05\xf0\xcb\x0d\
\x92\xf6\x90\x7f_Z\xe7\xae\xacf\xb1\x93d\xcb\xc1\xfb\
\xac:5u\xb8\xa4\x92\x14\x9e3\x1c\xaa\x1d\x0fPk\
hUq\xd3\xa1\xb5:\x8e;\x9cx\x19\xab\xb6\xd7[\
p\x92r=jmCH{<\xc9\x16^\x1f\xd5>\
\xb5D\x0a\xeb\x8c\x94\xb5Gl'\xd6&\xba\x8c\xf3O\
\x15\x9dota;[\x95\xf4\xf4\xad\x15`\xea\x19N\
A\xefTuBjAKF)\xd8\xa0\xb0\xa5\x02\x80\
)\xc0S\x01\x00\xa7\x01@\x14\xe1LA\x8a)ii\
\x88\xd7\xd3\xf4\xcb+\x9b\x1f5\xd9\x8c\x98\xf9\x8e\xecl\
5\x90\x07\xe2)G\x1d\x09\xe7\xaf=i@\xaaz\x88\
@3N\x03\x14\xa0S\x80\xc5 \x10\x0fZZ\x5cR\
\xe2\x80\x13\x14\xb8\xa5\xc5\x18\xa6\x01J\x05(\x14\xe0(\
\x01\x00\xa5\x02\x94\x0aZ\x04 \x14\xbfJ1K\x8a\xab\
\x00\x80S\x85\x00S\xc2\xd0\x03B\xd3\x80\xc5-\x18\xcd\
09\xdf\x13\xf8:\xdb]C<[`\xbd\x03\x87\xec\
\xfe\xcd\xfe5\xe67\xda}\xce\x99r\xd6\xd7q4R\
\xafP{\xfb\x8fZ\xf7 1^c\xf1\x16\xeb\xed\x1a\
\xea\xc2:A\x18_\xc4\xf3\xfe\x15\xd5\x87\x9b\xbf)\xa4\
$\xf69@)\xc0R\x81J\x05u\x9a\x17\xf4Hw\
\x5c<\xbd\x91p>\xa6\xb6qT\xf4\x88vY\x87\xef\
!\xcf\xe1W\xc0\xae\x0a\xae\xf3g\xd1\xe0\xa1\xc9F>\
z\xfd\xe3@\xa7\x01K\x8a*\x0e\xab\x86(\xa5\xc5.\
(\x10\x80U\x19\x0e\xe9\x18\xfb\xd5\xf2v\xa9>\x82\xa8\
\x0a\xed\xc2-\xd9\xc3\x8c\x96\xd1\x13\x14\xb8\xa3\x14\xb8\xae\
\xd3\x80J\x5cR\xe2\x9c\x16\x80\x19\x8aP)\xf8\x14b\
\x81\x08\x16\x97\x14\xb8\xa5\xc5\x01q\xb8\xa5\xc5;\x14b\
\x81\x0d\xc5.)\xd8\xa5\xc5\x007\x14b\x9d\x8a\x5cP\
\x17\x1b\x8a1N\xc5\x18\xa0Bb\x8c{S\xb1K\xb6\
\x80\x1b\x8a1N\xdbK\xb6\x80\xb8\xccQ\x8a~\xda]\
\xb4\x05\xc6Q\x8a~\xda1@\xae3\x14b\xa4\xc5\x18\
\xa0.G\x8a1Rb\x8cP\x17#\xc5G,;\xfe\
`>o\xe7V1F(\x07\xa9\x9f\xb7\x1d\xa8\xc5\x5c\
\x96\x10\xfc\x8e\x1b\xf9\xd5r\xb88#\x06\xa4\xc5\xab\x11\
b\x8c{T\xbbi6\xd2\x15\xc8\xf1F*M\xb4\x9b\
h\x0b\x91\xe2\x8cT\x9bi6\xd0\x031F)\xfbi\
6\xd0\x031F)\xf8\xa4\xc5\x003\x14b\x9d\x8a1\
@\x0c\xc5\x18\xa7\xe2\x93\x14\x00\xccRb\x9f\x8a1@\
\xeeFV\x90\xadI\x8aLP\x04x\xa1#2\x1c\x0f\
\xce\xa6HK\x9fA\xebV\x15\x15F\x14b\x9aE\xc6\
7\x22T\x080)jB\xb4\xd2*\x8d\xd0\xdcR\x11\
N\xc5&(\x01\xb8\xa4\xc5>\x93\x14\x01\x1e(\xa7\x91\
I\x8a\x060\x8ai\x15&)(\x19\x1e)1R\x11\
M\x22\x80\x18E&)\xe4Rb\x80\x19\x8aLS\xf1\
HE\x03\x1fi\xfe\xb4\xfd*\xd9Z\xabk\xfe\xbc}\
\x0d\x5c\xaf3\x17\xfcC\xd5\xc1\xbf\xdd\x98\x1a\xd2m\xbd\
\xcf\xf7\x90\x1a\xcf\x22\xb65\xd8\xff\x00y\x0b\xfa\x82+\
$\x8a\xda\x93\xbc\x11\xe1\xe3U\xab\xc8ez\x8f\xc3\x89\
|\xcf\x0fy\x7f\xf3\xceV_\xeb\xfdk\xcc1^\x85\
\xf0\xba\x5c\xda_C\x9f\xba\xea\xdf\x98\xff\x00\xebTb\
\x17\xb8q\xcfc\xb6\xc5!\x19\xa7b\x90\x8a\xe00+\
]\xce-ag\xeaz\x01\xeak\x05\x98\xb9,\xc7$\
\xf2j\xde\xa1s\xf6\x89\x88\x1fqx\x1e\xf5Z8^\
yR(\x97t\x8ev\xa8\xf54\xc0\xd2\xf0\xee\x97\xfd\
\xa1y\xe6H\xb9\x82\x02\x0b\x7f\xb4{\x0a\xec\xcf5_\
N\xb1M6\xce;d\xe7o,\xdf\xde=\xcdY\xc5\
y\xd5jsK\xc8\xa46\x8cS\xa91Y\x0cm&\
)\xd8\xa4\xa0\x06\xd1\x8av)*F3\x14b\x9cE\
7\x14\x00\x94\xc7\x8ddB\x8e2\xa7\x83Rb\x92\x90\
\xcc\x5c\xcb\xa7\xdc2\xa9\xce?&\x15\xa7\x0c\xe9q\x1e\
\xf4\xfcG\xa5G\xa8[y\xd0\xefQ\xf3\xa7#\xdcV\
d\x13\xb5\xbc\x82D\xfcG\xa8\xaa\xb5\xd1\xa7\xc4\xaem\
RQ\x1c\x894k\x22\x1c\xa9\xa5\xa8 B)1N\
\xa4\x22\xa4\x06\x11I\x8ay\xa6\xe2\x90\xc6\xd2b\x9dE\
\x03\x18Fi\xb5!\x14\xd23H\x06b\x8aSI@\
\x08i\x08\xa7R\x11H\x06\xd2S\x88\xa4\xa9\x10\xd2+\
7Y\x84\xb4q\xca?\x80\xe0\x8f\xadi\xd4s\xc4&\
\x89\xe2=\x18b\x9avcOS\x99\x22\x9ax\xa9\x19\
J\x92\xad\xd4\x1c\x11M\x22\xb56#\x22\x90\x8c\xd3\xc8\
\xa6\x91\x8a\x06FF)\x0d<\x8c\xd3i\x00\xc23\x5c\
\xde\xbd{\xf6\x8b\x81n\x87\xf7p\xf5\xf7o\xfe\xb5n\
\xeaW\x7fa\xb4yA\xf9\xcf\xca\x83\xde\xb9\x16\x1d\xfa\
\x9e\xb5\xd1\x87\x86\xbc\xcc\xca\xa4\xba\x110\xc5M\x14[\
\x13=\xcd\x11G\xe66\x0fA\xc9\xab\x04c\x8a\xf4)\
\xae\xa7<\x99\x01\x14\xd6\x19\xa9Xb\x98EjA\x09\
\x18\xa62\xd4\xcc3QI\x95RGP)\xa0!b\
\xa0\xe0\x90\x0f\xd6\x98\xc2\xbd\x87J\xf0\xee\x8f\xfd\x91\x04\
+g\x0c\xb1J\x81\x99\x98d\xb9=\xf3^O\xa8A\
\x1d\xbd\xf5\xcc\x10\xb1h\xa3\x95\x95\x09\xf4\x15MX\x94\
\xeeRa\x8aa\x19\xa9\x88\xa8\xc8\xc54\xc0\x80\x8aa\
\x18\xa9\xd8Tl)\x81\x03\xafza\x19\xa9\x88\xa8\xd8\
b\x9ab!#\xb50\x8cT\xac;\xd3\x08\xcd4\x04\
,\xb8\xe7\xb51\x86jb*20j\x84EQO\
\xc4mS\xb0\xefU\xee\x7f\xd5\xe3\xd4\xd5\x22'\xf0\xb2\
\x93\x8f\x94\x9a\xee-\xd7m\xb4+\xe8\x8b\xfc\xab\x89\x03\
q\x0b\xea@\xae\xe8.\xd0\x17\xd0\x01^~`\xf4\x8a\
\xf5<\x0c\xc1\xe9\x146\x8aR)1^i\xe6\x08E\
!\x14\xeaJ\x046\xa9\xea\x17\x1eZyJ~f\xeb\
\xec*\xc5\xcc\xe2\xdd7c,~\xe8\xac\x0b\xadF\x18\
\xd8\xb3\xbf\x99!\xe4\x85\xae\xec\x1e\x1f\x99\xf3\xcbdi\
J\x93\x93\xd1\x12\xe2\xa8\xdejI\x06R,I'\xe8\
\xb5N\xe7P\x9a\xe4\x15\xff\x00V\x9f\xdd^\xff\x00S\
U1^\xc2=*x^\xb3\x12Gy\x5c\xbc\x8cY\
\x8fRi\xaa2i\xe1\x09\xfaS\xb0\x00\xe2\xad#\xd0\
\xa7J\xfa\xf4##\x06\x90\xd4\x84dS+C\xa8a\
\x14\xd2)\xf4\xd2)\xa1\x11\xd3H\xa7\xb0\xa6\x9ej\x90\
\x11\x91S[\xafS\xf8Tf\xacD\xbbP{\xd2\x9b\
\xd0\xdb\x0f\x1b\xce\xe6\xe7\x84,~\xd7\xac,\xac3\x1d\
\xb2\xf9\x87\xeb\xd0Wy\xd6\xb0|\x17g\xe4i-r\
G\xcdr\xe4\xff\x00\xc0G\x02\xb7\xab\xce\xab+\xc8\xfa\
L49i\xaf1sA\x14\x82\x86`\xa3s\x10\x07\
\xa9\xac\xce\x90\xa4\xaa\xd2j0\xa7\x08\x0c\x87\xf2\x15Z\
MFv\xfb\xbbS\xe8+H\xd2\x93\x0b\xa3K\x06\x8e\
\x9dH\xfc\xeb\x19\xae&\x93\x86\x95\x8dE\xf8\x9f\xce\xb4\
T;\xb1s\x1b\xfdzsP]\xbf\x97m#w\xc6\
\x05d+2\x9c\xab\x10}\x8dI%\xcc\xb2\xc6#\x91\
\xb7\x00s\xefB\xa3f\xb5\x0b\x90\xf4\xa2\x96\x92\xbaD\
\x15\xcax\xa8\xe7SU\xfe\xecb\xba\xba\xe4<J\xdb\
\xb5\x89G\xf7UG\xe9N'6-\xfe\xec\xd3\xf0\x90\
\xff\x00C\xb8?\xf4\xd0\x7f*\xbb\xae\xae\xed\x1e\xe8\x7f\
\xb2\x0f\xebU<(?\xd0&>\xb2\x7fJ\xbd\xac\x8c\
\xe97_\xee\x7fZ}J\xa7\xfc\x0f\x91\xc1\x5c\x0c\xc0\
\xff\x00J\xc6=+j_\xf5-\xfe\xedcW^\x1f\
f|\xde3\xe2C))\xc6\x9ak\xa4\xe2\x18F\x0d\
\x14\xe28\xa6\xd3@!\x14\xd3O\xa6\x9a\xa1\x0d\xa4\xc5\
-\x14\xd0\x98\xd3HiO\x00\x93\xd0W\xa2x\x83\xe0\
\x96\xb5\xe1\xdf\x87\xb6\xde5\xb9\xd4,\x9a\xdeeGk\
e\xce\xf4\x0cp0z1\xfaP\xe6\xa3\xb8\x8f8\xa2\
\x94\xd2V\x82\x12\x997\xfa\xb3O4\xc9\xbf\xd55M\
O\x85\x8cx\xa5\x14R\xd5\x08)h\x14\xa2\xa5\x8cQ\
\xc5-\x14R\x00\x14\xe1H)\xc2\xa4\xa1iE%-\
K\x1a\x14R\x81\x93IO\x03\x02\x90\x05:\x90R\x8a\
C\x16\x94RS\x80\xa9`\xc5Q\xde\x9dH8\xa5\xa4\
\xc6(\xa7\x81MQN\xa9\x01E(\xa4\xa7\x0a\x960\
\x15~\xceM\xd1\xec=V\xa9\x0a\x9a\xd9\xb6\xca3\xd0\
\xf1S-\x84\xd5\xcd[I\xcd\xad\xc4r\x8e\x80\xe0\xfd\
\x0dt\xb8\xaeW\x19\xe2\xba\x0d2\xe8\x5c\xdb\x00O\xef\
#\xf9X\x7f#P\x9fC)\x22\xd8\xa5\xa2\x8ad\x85\
\x14QHb\x81R\xc1<\xb6\xcf\xbe'*\xdd\xfd\x0f\
\xd6\x99E .\xcd\xac\x5c\xcd\x1e\xc1\xb6<\xf0J\xf5\
5O\xa7\x14(\xa4\x96D\x866\x92C\x85^\xb4\x01\
\x15\xdd\xd2\xd9\xc3\xbc\xf2\xe7\x84_SXE\x99\xdc\xbb\
\x9c\xb3\x1c\x93\xebO\xb9\xb8{\xa9\x8c\x8f\xc7`\xbe\x82\
\x9fgj\xd7R\x88\xc7\x0a9c\xe8+&\xeeh\x95\
\x8bze\x8cs'\x9f0\xdc3\x85^\xc7\xde\xb5G\
\x03\x00`\x0e\xc2\x91UQB\xa8\xc2\x81\x80)\xc0U\
%bE\x02\x94RR\xe7\x14\x02\x1d\x1cm+\xach\
\xbb\x99\x8e\x00\xad\xeb+$\xb3L\x0f\x9aC\xf7\x9f\xfa\
\x0a\x8bL\xb3\xfb4^k\x8f\xde\xb8\xff\x00\xbeG\xa5\
^\x02\x90\xc5\xe9J\x05%- \x0aQIKHb\
\xd2\x8aAKHg9\xe3\x09?\xe3\xd2\x1f\xf7\x9f\xfa\
W>\x83-Z^%\xb8\x13\xea\xd2(9X\x94 \
\xfa\xf55B1\xc5e6i\x05\xa8\xf5\x14\xf0)\x00\
\xa7\xa8\xac\x8e\x849Gz\x91FM4\x0a\x95F*\
X\xc5\x02\xa4QMQ\xde\xa4\x035 *\x8a\x91r\
3\xb4\xe0\x90G\xd4\x1ah\x15 \x14\x98\xda\xb9Kn\
8#\xda\xbb\xef\x07j\x1fl\xd2\xfe\xce\xed\x99mN\
\xd3\xee\xa7\xa7\xf8W\x0f4{_>\xb5\xa3\xe1\xddG\
\xfb/S\x8eV8\x85\xff\x00w'\xd0\xf7\xfc\x0dy\
\xf8\x8a\x5c\xd1k\xa9\xe4bi]8\xf5Gq\xa8X\
\xf9\xbf\xe9\x11\x8f\x9c}\xe1\xfd\xe1\xeb^}:\xe2\xe2\
Q\xe8\xe7\xf9\xd7\xa8\x8e\x0ek\xcf5\xfbci\xac\xdd\
G\x80\x01}\xe3\x1e\x87\x9a\xe7\xc2To\xdcg.\x0f\
\xe2h\xbd\xa0\x1c\xd9\xba\xfa=j\x01\x81Y>\x1d?\
\xbb\xb8_B\x0dk\x81]Os:\xca\xd5\x18\xa0S\
\xd4f\x90\x0c\xd3\xc0\xc5\x22\x12\x17\x00\x82\x08\x04\x1e\xa0\
\xf7\xac\xfb\x8d\x11\x1c\x96\xb7a\x19\xfe\xe9\xe8\x7f\xc2\xb4\
@\xa7\x01\x9a\xa8\xcd\xc7TkN\xa4\xa0\xef\x16s\xb2\
i\xf70\x1f\xdeB\xd8\xf5^EE\xdf\x07\x8a\xea\x86\
GJF\x8d\x1f\xef\x22\xb7\xd4V\xeb\x12\xfa\xa3\xb28\
\xc7\xf6\x91\xcd\x0ap\x15\xd0\xfd\x82\xd5\xba\xdb\xa7\xe1J\
4\xebO\xf9\xe0\xbf\x99\xaa\xfa\xcc{\x1a\xac\x5c{\x18\
\x00S\xd4n8\x00\x9f\xa5o\xad\x8d\xaa\x9e J\xb0\
\x88\xb1\x8c*\xaa\xfd\x05K\xc4.\x88\x1e-tF\x1c\
672\xfd\xd8H\x1e\xad\xc5^\x83F\x03\x99\xa4\xcf\
\xfb+\xfe5\xa22z\xd3\x80\xac\xa5^Oc9b\
f\xf6\xd0l\x16\xf1@1\x12\x05\xf7\xefS\x01O\x86\
\xdeY\xbe\xe2\x1cz\x9e\x05_\x87O\x8e>d>c\
zv\x15\xcd:\xa9nc\xabweH-d\x9f\xee\
\x8c/v5\xa5\x05\xba@\xb8A\xd7\xa9=M<\x0e\
\xdd\x85>\xb9\xa7Q\xc8`)h\xa5QY\x94\x90\xaa\
)\xc2\x80)h\x18R\x81@\x14\xa0f\x99I\x00\x19\
\xa7\x0a\x00\xa7\x81@\xc4\x02\xb25=\x1fn\xe9\xedW\
\x8e\xad\x18\xfeb\xb6h\xcf<V\x90\x93\x8b\xd0\xb8\xc9\
\xc5\xe8q\xddjk{\x86\x81\xbdT\xf5\x15\xab\xaa\xe9\
>fn-\x97\xe7\xea\xe8?\x8b\xdcV/j\xec\x84\
\x94\x95\xd1\xd7\x09\xdfTlF\xcb\x22\x86S\x90i\xe2\
\xb3-.\x0c/\xb5\x8f\xc8z\xfbV\xa0\x15gd'\
\xcc\x85\x02\x94\x0a\x00\xa7\x01L\xa0\x02\x97\x14b\x94\x0a\
b\x00)h\xa7\x01LB\x01N\x02\x94\x0aZ\x00)\
qE.(\x00\xc5-\x00R\x8fj`\x18\xa7\x01@\
\x18\xa7\x01@\x08\x05(\x14\xb8\xa2\x98\x82\x8cR\xe2\x94\
\x0ac\x0cR\x81J\x05:\x81\x08\x06)i@\xa5\xe9\
L\x04\x0bKK\x8a1L@\x069=+\xc65\xdb\
\xaf\xb7k7\x97\x19\xc8y\x0e>\x83\x8f\xe9^\xb9\xab\
\xdd\x0b\x0d.\xea\xe4\x9cyq\x92+\xc5\x80'\x93\xd4\
\xf55\xd5\x86[\xb3J}\xc4\x02\x9c\x14\x9e\x07S\xc5\
(\x15kO\x87\xcd\xbc\x8d{\x03\xb8\xfe\x15\xd2\xdd\x95\
\xcd\xe1\x1ey(\xae\xa6\xdcQ\x88\xa2H\xc7\xf0\x80)\
\xf4\xb8\xcd.+\xce>\xabE\xa2\x13\x14\xb8\xa5\xa5\xc5\
\x02\x12\x97\x14\xb8\xa3\x14\x08\x8a\xe0\xe2\x16\xf7\xe2\xa9\x81\
V\xee\xfe\xea\x8fS\x9a\xae\x05zXX\xda\x17<\xcc\
T\xafR\xc2\x01K\xb6\x97\x14\xb8\xae\x83\x9a\xe2b\x97\
\x14\xb8\xa5\xc5\x02\x13\x14\xa0R\xe2\x97\x14\x00\x98\xa0\x0a\
v(\xc5\x01q1J\x05(\x14\xbbh\x10\xdcR\xe2\
\x9d\xb6\x97\x14\x0a\xe3ph\xdbO\xc5\x18\xa0\x06\xed\xa5\
\xc5;\x14b\x80\x13\x14b\x9d\x8a(\x01\xb8\xa5\xc5;\
\x14b\x81\x0d\xc5.)qF(\x0b\x8d\xdbK\x8av\
(\xc5\x01q\xb8\xa3\x14\xecQ\x8a\x02\xe3qF\x05;\
\x14b\x80\xb8\xdc\x0a0)\xf8\xa4\xc5\x01q\xb8\xa6\xbc\
a\xc7=}jLQ\x8a\x00\xa6\xf1\xb2\x1c\x1f\xce\x9b\
\x8a\xbcT\x11\x822*\x16\xb7\xee\xa7\xf0562p\
\xecW\xc5\x18\xa9\x0cl\xbdT\xd3qH\x91\x98\xa3\x14\
\xfcRb\x80\x19\x8a1O\xc5\x18\xa0\x08\xf1I\xb6\xa4\
\xc5&(\x01\x9bi\x0a\xd4\x98\xa4\xc5\x01r<Rb\
\xa4\xc5&\xda\x06G\x8a1S\x08]\xba\x0f\xce\x9e-\
\x80\xe5\x8e}\x85;\x0dE\xb2\xb0R\xc7\x00f\xa5K\
~\xef\xcf\xb5X\x0a\x14`\x00(\xc5;\x1a(%\xb8\
\xcc~\x14\x98\xa7\xe2\x93\x14\xcd\x06b\x93\x14\xfcRb\
\x80\x19\xb6\x90\x8ay\x14b\x81\xdc\x8f\x14\x98\xa9\x08\xa6\
\x95\xa0c)1O\xc5&(\x01\x84R\x11O\xa4\xc5\
\x003\x14\x94\xf2)\xa4P1\xa5i\xb8\xa7\xe2\x8a\x06\
E\x8aJ\x90\x8an(\x01\xd6\xdf\xeb\xd7\xf1\xab\x95R\
\xdc~\xfdj\xe9\x15\xe7c\x17\xbe\xbd\x0fO\x04\xfd\xc7\
\xeae\xeb\x89\x98\x22oF\x22\xb1\x88\xcdo\xeb\x09\xba\
\xc4\x9f\xee\xb05\x84EU\x0f\x80\xf2\xf3%j\xf7\xee\
\x91\x19Z\xec\xfe\x18K\xb7Q\xbc\x87\xfb\xf1\x06\xfc\x8f\
\xff\x00^\xb8\xfa\xe9>\x1e\xc9\xe5\xf8\x925\xff\x00\x9e\
\x91\xb2\xff\x00_\xe9UU{\x8c\xf3\xa5\xb1\xeaX\xaa\
\x1a\xa5\xd7\x93\x1f\x94\xa7\xe7~\xbe\xc2\xae\xcd\x22\xc1\x1b\
H\xc7\x85\x15\xceO3O+H\xddO\xe9^zF\
\x04x\xae\x9b\xc2\x9a^\xd4:\x84\xab\xcb|\xb1g\xb0\
\xeek\x1bI\xd3\x9bT\xbdH\x06Dc\xe6\x91\xbd\x16\
\xbb\xc5EE\x08\x8a\x15T`\x01\xd8W>\x22v\x5c\
\xa8\x12\x10\x8aN\x94\xeaLW\x11Bb\x8aZ)\x0c\
n))\xd8\xa4\xa4\x02b\x92\x9dI\x8a\x00m!\x14\
\xeaJC\x1aE%;\x14\x84R\x01\xb5\x8b{o\xf6\
y\xc8\x1fu\xb9Z\xdb\xc5T\xd4`\xf3m\xc9\x03\xe6\
NG\xf5\xa7\x1d\xca\x8b\xb3(X\xdc\xfd\x9eM\xac\x7f\
v\xfd}\x8f\xadkV\x07QZ\xda|\xc6h6\xb1\
\xf9\xa3\xe3\xea(\x92\xea\x5c\x97R\xc7J)i1Y\
\x90!\x14\x94\xeaB(\x01\x84QKHEIBR\
\x11N\xa6\xd0\x03H\xcd4\xd3\xc8\xa4#4\x80e\x14\
\xb8\xa4\xa0\x04\x22\x9ax\xa7\xd2R\x01\xb8\xa4\xa5\xa0\x8a\
\x91\x18\x9a\xb4\x1eU\xc7\x98\x07\xcb \xcf\xe3TH\xae\
\x82\xfa\xdf\xed6\xcc\x83\xef\x0eW\xebX\x15\xac]\xd1\
\xac]\xd0\xc23M\x22\x9eE4\x8c\xd3(a\x14\xc2\
*B)\x928\x89\x1aC\xd1A4\x0c\xe6\xf5\xdb\x9f\
>\xef\xc9\x07\xe4\x87\x8f\xc4\xf5\xac\xc2*Y\x09\x91\x8c\
\x87\xef1\xc9\xa5\x82?2A\x9e\x83\x9a\xf4c\x1b%\
\x14r\xc9\xdd\xdctqlOs\xd6\x95\x86jb*\
21]\x0bC\x22\x12*6\x18\xa9\xd9{\xd4df\
\xa8\x08H\xa60\xa9H\xc54\x8ab%\x87X\xd4\xad\
\xadM\xa47\xd3\xc7\x01\x18\xd8\x0f\x00{zVy\x5c\
qS\xb2\xd4ddU!\x10\xb0\xa8\xd8f\xa6\x22\x98\
E\x00@j6\x15;-FER\x11\x03\x0ac\x0c\
\xd4\xcc*6\x14\xc4\xc8H\xa8\xd8b\xa7aQ\x91\x9a\
\xa0!aQ\xb0\xc8\xa9\x88\xa60\xc54\x22\x1a\xabv\
0\x17\xd35q\x87z\x8d\xd0:\xe0\x8c\x8ai\x938\
\xddX\xcfS\xb2E|gi\x07\x1e\xb8\xad\xb1\xe2\xad\
\xc7\xe7\xb2\xfc\x9e\xb2^\xd9\x81\xf9y\x15\x0bD\xe0\xfd\
\xd3SR\x8c*|H\xf3\xaa\xe1\x94\xfe4o\x0f\x14\
\xc0~\xf5\xa4\x83\xe8\xc2\x93\xfe\x12\x9bq\xff\x00.\xd2\
\xfeb\xb9\xf6S\xe8i\xa4\x13\xda\xb2\xfa\x95.\xdf\x89\
\xcf\xf5*]\x8d\xd9<T\xa3\xeeY1\xfa\xbdV\x97\
\xc5\x17\x8f\xfe\xaa(\xa2\xf7\xeak+i=\x8d\x1eS\
\xff\x00t\xd5\xc7\x09I}\x92\xa3\x83\xa6\xb6\x88\xeb\x9b\
\xdb\x9b\xc6-<\xcc\xe7\xf2\x15_\x18\xa9\xc4\x0cz\x90\
)D*=\xcdt\xa4\x92\xb2:aA\xec\x95\x8a\xe1\
\x09<\x0aw\x94\x07=MM\x8ai\xaaH\xde4\x94\
H\xc8\xc8\xa6\x1c\x0e\xa7\x15)\x18\xad\xff\x00\x0ej^\
\x1b\xd2\xf4\xadJMSL}CU\x90l\xb4G\xcf\
\x96\xa0\x8e\xb9\xecG_\xe5VhsF\x98\xc3\xbd<\
\x0c(\x04\xe7\xde\x90\x8c\xd5 #4\x86\x9cF\x0d!\
\xa6\x222)\x86\xa5aLaT\x840\x8c\x91VH\
\xca\xed\x1dO\x02\xa1\x8ce\xc0\xad\x1d2\x0f\xb4j\x96\
\xb0\xf6iG\xe5Q6vacs\xd1\xac\xed\xc5\xa5\
\x9c\x16\xe3\xa4q\x85\xa9)\xcd\xf7\x8f\xd6\xb3u;\xa6\
Ux\xe3R\xdb\x01%GV>\x95\xe7F.N\xc7\
\xd2\xe8\x91%\xd6\xa5\x1c*v\x15\xe3\xab\xb1\xc2\x8a\xc1\
\xbb\xf1\x15\x90$\xbd\xc3N\xc3\xb2.k\x1aK\x0ds\
Z\x93{Y\xce\xc3\xb2\x91\xb5W\xf3\xa9\x97\xc1\xba\xbe\
\xdc\xb4q \xf4\xdf\x92+\xaa1\x84z\x9cr\xafR\
_\x04I\xcf\x8a\xa0\x1fv\xd6C\xf5aL\xff\x00\x84\
\xae?\xf9\xf2\x7f\xfb\xecS\x1b\xc2\x17q\xff\x00\xac\x9d\
\x10\x7f\xb8i\xbf\xf0\x8aJ\x7f\xe5\xf2?\xfb\xe0\xd6\xba\
\x11|G\xf5a\xcd\xe2\xb5\x1d,\x9b\xfe\xfeR\xaf\x8a\
\xe3\xcf\xcff\xe0z\x87\x06\xa3o\x0aO\x8f\x96\xee\x22\
\x7f\xdd5R\x7f\x0e\xea\x10\xa9eD\x98\x0f\xee7?\
\x95=\x04\xe5\x88_\xd2:;-B\xdbPRm\xe4\
\xdcGT#\x0c?\x0a\xb1\x5c\x1aI%\xbc\xa2H\xd9\
\xa3\x95\x0f\x07\xa1\x06\xba\xfd'S]N\xdc\xb1\x01f\
N$Q\xfc\xc7\xb1\xa1\xa3z\x18\x8e\x7fv[\x97i\
\x0d-\x14\x1d\x22\x0e\xb5\xc5km\xbfV\xba>\x8f\x8f\
\xc8Wl\xa3,+\x83\xbd\x7f2\xf6\xe1\xfddo\xe7\
N'\x1e1\xfb\xa9\x1d\x1f\x85F4\xd7>\xb2\x9a\xb9\
\xac\x7f\xc8*\xeb\xfd\xcf\xebU\xbc0\xb8\xd2A\xf5\x91\
\xaa\xce\xb1\xff\x00 \xab\xaf\xf7?\xad\x06\xd0\xfe\x0f\xc8\
\xe1%\xff\x00R\xdfJ\xc55\xb5/\xfa\x96\xfaV5\
vP\xd9\x9f5\x8c\xdd\x0d\x22\xac\xdb\xe9\x1a\x95\xe5\xa4\
\xf7\xb6\xd6\x173\xda\xdb\x90%\x9a8\xc9H\xc9\xf55\
^\xbb\xbf\x08|c\xd6\xbc\x17\xe1[\xcf\x0eY\xd9\xda\
K\x0d\xc7\x98Rg\xe1\xa2.0N?\x8b\xf1\xad\xa4\
\xda\xd8\xe28\x0ai\x18\xa7c\xf1\xa4\x22\xad\x00\xdaB\
)h\xaaB\x18i)\xc7\xad6\xa9\x00\x86\xadO\xab\
j7\x16Q\xd8M\x7fu-\xa4G1\xc0\xf2\x12\x88\
}\x85V\xa4\x22\x9d\xaeH\xd3M\xa7R\x1a\xa4!*\
9\xbf\xd5\xb5IQ\xcd\xfe\xac\xd2\xa9\xf0\xb1\x92\x0aZ\
\x05\x02\x98\x0a)\xc0R\x0au \x0a\x05\x14\xa2\xa4h\
QN\xa4\x14\xb5#\x14R\x8aJZ\x91\x8a94\xea\
@8\xa7\x0aL\x05\xa5\xa4\x14\xb4\x86(\xa7(\xefH\
)\xe0qR\x08)E%8\x0aC\x1c\x06)E%\
-K\x18\xa2\x9c)\x058R\x01G\x14\xa0RS\x85\
K\x1a/\xdbI\xe6'=GZ\xb5m<\x96\xb3\x09\
c<\x8e\xa3\xd4zV\x5cnc`E^\x8d\xc4\x8b\
\x91\xf8\x8a\xcd\xab\x11$t\xf6\xd71\xddD$\x8c\xf1\
\xdc\x1e\xaa}*Z\xe6\xed\xae$\xb5\x93\xcc\x8c\xe0\xf7\
\x07\xa1\x1e\xf5\xbdiy\x1d\xe2nN\x18}\xe4=E\
\x09\xdc\xce\xd6#}R\xd22CH\xd9\x1f\xec\x9a\x8c\
\xeb0\x0f\xf5h\xee=zU\xe2\x03uP~\xa2\xa1\
\x9fN\xb6\x9f\x96\x8fkz\xaf\x14;\x86\x84)\xac\xdb\
\xb7\xdeI\x13\xf5\xa9F\xa7h\x7f\xe5\xa9\xff\x00\xbeM\
U\x93D?\xf2\xcap}\x98Ug\xd3n\xa2\xc91\
n\x1e\xaasSv;#FMb\xdd\x07\xc8\x1eC\
\xf4\xc5g]^KvF\xfc*\x0e\x88:\x0a\xaeA\
S\x86\x05O\xa1\xe2\x9dR\xd9I\x00\x04\xf4\xe4\xf6\xae\
\x86\xd2\xd8Z\xc0#\xfe#\xcb\x1fSY:d\x1eu\
\xda\x92>X\xfec\xfd+r\x88\xae\xa2\x90S\x87\x14\
\x8a;\xd3\xa9\x88\x05[\xd3-\xbe\xd3r\x0b\x0c\xa4\x7f\
3{\xfa\x0a\xa9[\xdad\x1eE\xa2\xe4|\xcf\xf3\x1f\
\xe9@\xcb}M- \x14\xa2\xa4\x05\xa2\x8e\xb4\xb8\xa4\
\x00)i)E\x03\x16\x9b,\xabo\x0b\xcc\xff\x00v\
5,i\xc2\xb0\xfcW{\xe5\xdb%\x92\x1f\x9ao\x99\
\xfd\x94\x7f\x8dKe\x1c\xcbH\xd3H\xf3?\xderX\
\xfe5$c\x8a\x8cS\x87\x1d+&\xaei\x17fN\
\x05H\xa2\xa1G#\xadXO\x9b\xa5f\xd5\x8d\x94\x93\
\x1c\x8b\xde\xa4Q\x9a@*E\x18\x15\x0d\x94(\x14\xf0\
)\x14S\xd4R\x18\xe0)\xea\xb9\xa4\x035(\x18\xa9\
\x01\x93G\xe6'\x1dG5_h#\x1d\xaa\xf2\x8cU\
yb\xd8\xfe\xc7\xa5eQu9\xb1\x10\xfbH\xee\xbc\
+\xa9\x7fhi\x8a\x92\x1c\xcfo\xf2?\xb8\xeck\x0f\
\xc6qm\xd5\x92O\xef\xc4?J\xa1\xa0jGK\xd4\
\x92V?\xb9\x7f\x92Q\xec{\xfe\x15\xb7\xe3x~k\
)\xc7*C&\x7fQ^r\x87%m6g\x99\x18\
rV\xf2fW\x87\xdb\x172'\xf7\x93?\x95o\x01\
\x5c\xde\x92\xfeU\xfc$\xff\x00\x11*\x7f\x1a\xe9\x95q\
],\xcf\x12\xad;\x8a\xa2\x9e\x05 \x14\xe1R`\x85\
\x02\x9d@\x18\xa5\x14\x14\x85\x14\xe0)\x00\xa7\x81AI\
\x00\xa7P\x059E\x05\x0a\x05>8\xdaC\x84R\xc7\
\xda\xb4!\xd3cP\x0c\xbf;w\x1d\x85\x5cU\x080\
\xa0(\xf4\x15\xcf,B[\x14\x91\x9f\x16\x9b#\x7f\xac\
`\x83\xd0rj\xec6p\xc5\xc8]\xc7\xd5\xb9\xa9@\
\xa7\x01XJ\xac\xa5\xd4b\x8a\x074u\xa7\x01RZ\
\x01N\x14\x80S\x80\xcd\x03@\x05<\x0a@)\xd4\x14\
\x14\xa2\x80)@\xcd2\x92\x003N\x14\x01N\x03\x14\
\xc6\x00S\xa8\xa2\x81\x85\x14R\x8av\x10\x0e+\x1fY\
\xd3\x00\x0dw\x02\xfb\xc8\xa3\xf9\x8a\xd9\x14\xb5p\x93\x8b\
\xba\x1cf\xe2\xee\x8e0sZz|\xfb\xd3\xcbn\xab\
\xd3\xdcT:\x9d\x97\xd8\xae\x8a\xa8\xfd\xdb\xfc\xc9\xfe\x15\
^9\x0c2+\x8e\xa2\xbb\xd6\xaa\xe8\xee\xa7;;\xa3\
l\x0aP)\xa8\xc2D\x0c:\x11\x9ax\xa6v\x00\x14\
\xb4\xb8\xa5\x034\xc4\x00S\x80\xa0\x0ap\x14\x00\x01K\
IJ)\x80b\x9c\x07\xad\x1d)@\xcd\x02\x10\x02i\
\xe0b\x8aP(\x18\x01J(\xa5\xa6 \xa0\x0aP)\
\xc0S\x01\x00\xa7\x01\x8a\x5cR\xe2\x80\x12\x94\x0aQK\
L\x04\xa5\xc5\x18\xa5\xa7a\x05(\x14\xa0R\xe2\x98\x1c\
\xc7\xc4\x1b\xbf\xb3\xe8\x06\x10~i\xe4\x0a>\x83\x93^\
b\x05v\xbf\x12\xee\xb7]\xdaZ\x03\xf7\x10\xbb\x0fs\
\xd2\xb8\xc0+\xb6\x8cm\x13hl&+SE\x8b\xe6\
\x96\x5ct\x01Ef\x81[\xba\x5c^]\x92\x1e\xeeK\
S\xac\xed\x13\xbf/\x875d\xfbjZ\xa3\x14\xb8\xa5\
\x02\xb8\x8fx1J\x05\x00S\x80\xa6+\x88\x05(\x14\
\xb8\xa5\x02\x81\x5c\xa7ts.=\x05D\x05I)\xdd\
+\x1fzLW\xadMZ\x09\x1eEYsM\xb11\
K\x8a\x5cR\xe2\xac\xce\xe2b\x8cS\xb1K\x8a\x047\
\x14\xb8\xa7\x05\xa5\xc5\x02\xb8\xd0\xb4\xe0\xb4\xa0R\xe2\x80\
\x13\x14b\x9d\x8a1@\x09\x8a\x5cR\xe2\x97\x14\x0a\xe3\
qK\x8a\x5cR\xe2\x80\xb8\xdcR\xe2\x9d\x8a1@\x86\
\xe2\x97\x14\xe0\xb4\xbbh\x01\x98\xa5\xc5;\x02\x97\x02\x95\
\xc2\xe31F)\xf4\xb4\x5c.3m\x1b}\xa9\xf8\xa3\
\x14\x5c.3m\x1bi\xf8\xa3\x14\x05\xc6\xed\xa3m;\
\x14b\x8b\x88n\xda6\xd3\xb1F(\xb8\x0c\xdbF\xda\
~(\xc5\x03\xb8\xcd\xbe\xd4m\xa7\xe2\x8cQp\xb9\x1e\
)\x0a\x03\xd4\x03R\xe2\x92\x80\xb9\x01\x81\x0fo\xca\x9a\
m\x97\xb15g\x02\x8c\x0a\x05dU6\xdf\xed~\x94\
\x9ffo\xef\x0a\xb5\xb6\x90\xad\x16B\xe5E_\xb3\xb7\
\xa8\xa4\xfb3\x7fxU\xacQ\x8a,\x1c\xa8\xad\xf6c\
\xfd\xef\xd2\x8f\xb3\xafrMX\xc5&(\xb0\xf9Q\x08\
\x81\x07l\xfdi\xc1\x02\xf4\x00T\x98\xa4\xc51\xab\x0c\
\xc5\x18\xa7\xe2\x93\x14\x140\x8aiZ\x93\x14\x84P\x04\
d\x1aLT\x98\xa4+@\x5cf)1O\xdbI\x8a\
\x063\x14\x84S\xf1I\x8a\x07r<Q\x8a~)\x08\
\xa0\x06\x11M\x22\xa4\x22\x93\x14\x0e\xe4dSqRb\
\x90\x8a\x062\x90\x8aq\x14\x94\x00\xc2)\x08\xa91M\
\x22\x80\xb8\xcaB3O\x22\x9b\x8a\x06\x10\x82&O\xad\
^\x22\xa9\xc5\xfe\xb5>\xb5x\x8a\xf3\xf1\x9f\x12=,\
\x13\xf7YORM\xd63\x0fl\xd7=\x8a\xea.\x17\
}\xbc\xab\xea\xa6\xb9\x8cp(\xc3\xec\xce\x1c\xd1{\xf1\
~CqZ\xfe\x0f\x97\xc8\xf1-\x8b\xf6\xdeW\xf3\x04\
VQ\x15>\x9b3[\xea\x16\xd2\xa9\xc1Y\x14\xe7\xf1\
\xad\xa4\xae\x9a<\xb7\xb1\xea\xba\xc5\xdf\x9b'\x90\x87\xe5\
N\xbe\xe6\xb3y\xe8\x01'\xb0\xf5\xa7\x13\xb8\x93\xeb[\
\x9e\x16\xd2\xfe\xd5po%\x5c\xc5\x09\xc2\x03\xfcM\xff\
\x00\xd6\xaf2RPWg1\xb5\xa1icL\xb2\x0a\
\xe3\xf7\xf2\xfc\xd2\x1fOA\xf8V\x8fJq\x14\x95\xe6\
\xc9\xb9;\xb2\x90\x9di)qEH\xc4\xc5%;\x14\
\x94\x86%\x14\x1a)\x00\x94\x98\xa7RR\x01\xb4\x86\x9c\
E% \x1bHE8\x8aJC\x18E\x18\xf5\xa7\x11\
HE\x00`\xdc\xc3\xe4N\xf1\xf6\x07\x8f\xa5K\xa61\
[\xad\xbd\x99MZ\xd5-\x9a@\xb3 \xc9^\x18\x0f\
J\x8bL\x81\xbc\xc33\x02\x14\x0c\x0c\xf75m\xdd\x1a\
_C@\x8aJu%d@\xda)i\x08\xa41\x08\
\xa6\x9a\x7fZJC\x18E\x14\xa4R\x1aC\x1bHE\
>\x9b@\x0d#4\xda}!\x19\xa4\x03(\xa5\xa4\xa0\
\x04\xa6\xd3\x8d\x15 7\xa5b\xea\xb6\xdeT\xdeb\x8f\
\x92O\xd0\xd6\xd5Es\x02\xdcB\xd17~\x87\xd0\xd3\
N\xcc\x13\xb3\xb9\xce\x11M\xe9R:\x15b\xac0\xca\
pE0\x8a\xd4\xd8a\x15KVm\xbat\xf8\xee1\
\xfa\xd5\xe21T\xb5u-\xa7M\x8e\xc0\x1f\xd6\x9c>\
$'\xb1\xca\x9e\x0dOl\x9bP\xb7\xa9\xa8\xd8f\xac\
[\xf3\x16=\xeb\xd2\x86\xe73\xd8R2*2*\x5c\
`\xd3XV\xa6d\x04b\xa3e\xc5NFi\x84S\
\x02\x06\x19\xa8\xc8\xa9\x98b\x98\xe3\xbd0\x22\x22\xa3e\
\xa9\x88\xcd0\x8ab a\x9a\x8d\x85NF*6\x15\
B!\x22\xa2aS\xb0\xa8\xd8dP\x22\x16\x19\xa8\xc8\
\xa9\x88\xa60\xaa\x02\x02*6\x151\x14\xc2)\xa1\x10\
\xb0\xa8\xc8\xa9\x98Tl*\x80\x84\x8aa\x1853\x0a\
\x8d\x86x\xa6\x22&\x1d\xe9\xa4f\xa4\xa6\x11\x83T\x80\
\x8c\x80z\x8aaQ\xe8*R)\xa4f\xa8\x9b\x11\x11\
\x8ai\x15!\x14\xd2)\x81\x11\xa4\x22\x9cE%P\x88\
\xd8SMHE0\xd5\x00\xc3\xcd0\xd4\x86\x98\xc3\xbd\
4I\x19\x18\xa6\x9a\x91\x86i\x95@1\x87zeK\
Q\x91\x83T!\xb4\xc2@ rI\xe8\x07$\xd4\x86\
\xbd\xa7\xe0.\x8d\xa5K\xa4\xdej\xad\x0cSjBs\
\x133\x0c\x98\x93\x1c\x00;g\x9f\xad\x17\xb0\x99\xe2P\
\x10\xcd\x95 \x81[\xbe\x16\x8cI\xaf\xda\xff\x00\xb3\xb9\
\xbfJ\xf4?\x8e\x9a\x1e\x97b\xfaf\xa1ko\x14\x17\
w\x06D\x93\xcb\x18\xf3\x14\x01\x82G\xb6O5\xc1x\
8\x7f\xc4\xf1O\xa4mYTwL\xf4\xb0K\xe1\xf5\
;\x81P\xad\xa4)'\x99\xb4\x96\xcey5=%p\
\xa6\xd6\xc7\xbe\x04\x92y4\x94\xa6\x92\x90\xc5\xcf\x18\xa8\
^\xce\x09\x0eL`\x1fn*a\xedE4\xda\xd8\x0a\
Si\xaaA0\x92\x18v'\xadg\x10T\x90F\x08\
\xad\xd3T5+q\xc4\xea=\x9a\xb7\xa5Q\xde\xcc\x1a\
9o\x12i\xbet_n\x89\x7fx\x9f\xeb\x00\xfe%\
\xf5\xfc+\x06\xc2\xf9\xf4\xfb\xa4\xb8N@\xe1\xd7\xfb\xcb\
]\xc6\x07B2\x0f\x04\x1e\xf5\xc6\xea\xfa\x7f\xf6u\xeb\
F\xbf\xea\x9f\xe6\x8c\xfbz~\x15\xd4\x9fC\xcf\xc4\xd3\
q~\xd2'`\x8e\xb2\x22\xc8\x87r0\xca\x9fQK\
X\xbe\x17\xbb2[Ij\xc7&\x13\x94\xff\x00t\xd6\
\xd5\x07e9\xf3\xc5H\x09\xda\x0bz\x02k\xcf\x98\xee\
foRO\xeb]\xdd\xec\x9eU\x95\xc3\xff\x00v3\
\xfc\xab\x82\xe8\x9fAN'\x1e1\xec\x8e\xcb\xc3\xe9\xb3\
G\xb7\xff\x00k-\xfa\xd4\x9a\xc7\xfc\x82n\xbf\xdc\xfe\
\xb5&\x9d\x1f\x93\xa7\xdbG\xfd\xd8\xc5f\xf8\x9fPH\
m\xbe\xc2\xa72\xcb\x82\xe0\x7f\x02\xff\x00\xf5\xe8:[\
P\xa5\xafc\x93\x93\xfdK\x7f\xbbX\xb5\xb3r\xe1!\
b}1X\xe7\xa5u\xd0\xd9\x9f5\x8c~\xf2CM\
!\xa7RWB8\xc6RR\x9aCT!\x87\xad\x14\
\xe6\x14\xdaw\x01\x1a\x9ak\xac\xff\x00\x85[\xe3C\xa0\
\x8dxxz\xef\xfb8\xaf\x99\xe6|\xbb\xb6\x7f{n\
s\x8f\xc2\xb9:jI\xec!)\x0d-\x06\xad\x124\
\xd2\x1aq\xa6\xd3\x01\xb5\x1c\xdf\xea\x9a\xa45\x1c\xdf\xea\
\x9a\x94\xfe\x16\x08\x96\x94RR\xd3`9E- \xa5\
\xa4\xc0)\xc2\x90S\x85K(ZQIKR\xc1\x0a\
)G&\x90S\x94R\x18\xb4\xeaA\xd6\x94R\x01E\
(\xa4\xa5\x15,c\x94S\xa8\x1c\x0a)\x0cQN\x02\
\x90\x0auH\x0a)E%8T\xb1\x8a)\xc2\x90S\
\x87ZL\x05\x1cS\x94w\xa6\xf5\xa7\xd4\xb1\x8a\x05I\
\x1b\xb26V\x98\x06\x058R`]\x8eE\x90q\xd7\
\xd2\xa5Gh\xdc:1V\x1d\x08\xac\xf4$\x1c\x8e\x0d\
Z\x8a`\xdc\x1e\x0df\xd1.&\xfd\x8e\xa8\x93\xe1'\
\xc2I\xd8\xf6o\xf0\xad\x0e\x95\xcb\xe3\x8a\xbbi\xa9\xcb\
l\x02>d\x8f\xd0\xf5\x1fJ\x14\xbb\x99\xb5\xd8\xdb\xeb\
N\xe9Q[\xcf\x15\xc2o\x89\x83\x0e\xe3\xb8\xa9i\x92\
Gt\xe8\x96\xf2I\x22\xab\x05\x1d\x08\xef\x5c\xf2\x8fZ\
\xd4\xd6f\xc2G\x00?x\xee?J\xce\x8e3,\x8b\
\x1a\xf5c\x8a\xceL\xb8\xeck\xe90\xf9v\xdea\x1c\
\xc8s\xf8U\xde\xb4\x81B(U\xe8\xa3\x02\x9c\xa2\xaf\
a\x0bK@\xa5\xa4\x04\x96\xd0\xf9\xf7\x11\xc7\xfd\xe3\xcf\
\xd2\xbaA\xd7\x8e\x95\x91\xa2\xc5\x99d\x97\x1fp`}\
Ml\x01\x8aC\x0aZ\x05\x14\x80)E\x02\x96\x90\xd0\
R\xd1J)\x0d\x01*\xa0\xb3\x1c(\x19'\xd0W\x09\
\xa8^\x1dB\xf6[\x93\xd1\x8e\x14z(\xe9]\x1f\x89\
\xef\xbe\xcdb-\x90\xe2K\x8e\x0f\xb2\x8e\xb5\xca\xa4m\
#\xacq\x8c\xb3\x10\xaa=\xea$\xcaF\xd7\x874\x88\
o\xd2i\xee\xa3\xdf\x10\xf9\x10g\x1c\xf75n\xeb\xc2\
K\xcbY\xdc\x11\xfe\xc4\xa3\xfa\xd6\xd5\x95\xa2\xd8Z\xc5\
l\xbd#\x18'\xd4\xf758\x14X.p\xb7VW\
\x162yw\x11\x18\xd8\xf4\xee\x0f\xd0\xd2FvWa\
\xac\xd9\xfd\xb7N\x95\x02\xe5\xd3\xe7O\xa8\xeb\xfaW\x1e\
\xbc\xf3Y\xc9\x14\x99iFy\xa7\xa8\xc9\xa8\xe19\x5c\
zT\xe0`V\x0fC\xa5;\xa1@\xcdH\x07jj\
\x8cT\x88\xb99\xa9\x18\xe5\x18\xa9\x14S@\xa9\x00\xa4\
1\xca3N\x92!\x22m\xfc\xa9Tb\x9e\x05K\xd4\
V\xba\xb33\xf6m$0\xe6\xb7\x1a\xf4\xea>\x1b0\
\xc8s=\x8b\xa9\x04\xff\x00\x12\x1e3\xf8t\xac\xfb\x88\
w\x0d\xe3\xa8\xebP\xa32gi\xc6F\x0f\xb8\xaey\
\xc3U\xe4pU\xa5gaP\x94ua\xd5Nk\xaf\
F\x12*\xb8\xe8\xc3\x22\xb9\x100+\xa3\xd1\xe6\xf3l\
T\x1f\xbd\x19\xda\x7f\xa5)\x1c\x98\xa8\xdd)\x17E=\
E4\x0a}A\xc8\x85\x14\xa2\x8ap\x14\x14\x85\x02\x9c\
\x05 \x14\xea\x0a\x14\x0c\xd3\xbe\x94\x01\x8ap\x14\x86\x8d\
\xc8\xce\xe4V\xf5\x00\xd3\xc0\xaa\xf6-\xbe\xd9=\xb8\xab\
 W\x9f%f\xd1B\x81KE(\xa4R@\x058\
\x0a@)\xd4\xca\x003O\xa4\x03\x14\xe0((P1\
J\x05\x14\xb4\xc6\x90S\x80\xc5\x00b\x9c\x05\x05\x00\x14\
\xb4R\x8ac\x0a(\xa5\x14\xd0\x00\x14\xb4R\xd3$)\
h\x14\xa2\x98\x8a\x1a\xcd\xaf\xda,\x8b\xa8\xcb\xc5\xf3\x0f\
\xa7z\xe6\xfd\xeb\xb4\xe0\xf0FEr7\xb6\xe6\xd2\xea\
H{)\xe3\xe9\xda\xba\xf0\xf2\xd3\x94\xe8\xa3-,\x5c\
\xd2\xe6\xca\x98\x89\xe9\xc8\xad\x00+\x0a\xdaO&e\x7f\
C\xcf\xd2\xb7\x87?J\xde\xc7})]X\x00\xcd8\
\x0a\x00\xa7Pj\x14QJ\x06i\x80\x01N\x1cQ\xd2\
\x94\x0a\x00\x00\xcfZu\x14\xe0(\x01\x00\xa7Q\xd2\x8c\
S\x10b\x97\x14\xa0f\x9c\x050\x10\x0ap\xa0\x0aZ\
\x00)qE.)\x88)h\xa5\x02\xa8\x00\x0aP)\
@\xa5\xa0\x04\xc5.)qH\xee\x22\x8d\xa4=\x10\x16\
\xfc\xa9\xd8G\x93\xf8\xce\xeb\xed~#\xba \xe4FD\
c\xf0\x15\x8a\x05Mu1\xb9\xba\x9abrdr\xd9\
\xfcj0+\xd1\x8a\xb2\xb1\xd0\xb4@\x14\xb1\x0a:\x9e\
+\xa5H\xc4h\xa8:(\x02\xb0\xf4\xf8\xbc\xcb\xc8\xc7\
`w\x1f\xc2\xb7\xf1\x9a\xe6\xc4=R=\x8c\xb2\x16\x8c\
\xa6&)B\xd3\x80\xa5\xc5`zW\x13\x14\xa0R\xd2\
\xe2\x98\xae&)z\x0c\xd2\x81M\x98\xed\x89\x8f\xb58\
\xab\xb4\x89\x94\xac\x9b(\xf5\xe6\x97\x14\x01N\x0b^\xb9\
\xe3\x08\x05(Zp\x14\xb8\xa0W\x10\x0a\x5cR\x81J\
\x05\x00&)qJ\x05\x18\xa0Bb\x97\x14\xb8\xa5\xc5\
\x00&)qJ\x05;m\x02\x19\x8a\x5cS\xf0(\xa5\
p\xb8\xdd\xb4\xbbi\xd8\xa3\x14\x08L\x0a)\xd8\xa3\x14\
\x00\x98\xa3\x14\xecQ\x8a,\x03qK\x8a\x5cR\xe2\x9d\
\x80n(\xc5;\x14\xb8\xa0\x06\xe2\x8cS\xb1F(\x01\
\xb8\xa3\x14\xecQ\x8a\x00n(\xc5;\x14b\x80\x1b\x8a\
1N\xc5\x18\xa0\x06\xe2\x8cS\xb1F(\x01\xb8\xa3\x14\
\xecQ\x8a\x00f(\xc5?\x14\x98\xa0\x06\xe2\x8cS\xb1\
I\x8a,\x03qF)\xd8\xa3\x14\xac\x03qI\x81N\
\xc5\x18\xa0\x06m\xa4\xdbO\xc5\x18\xa0\x08\xf1I\x8a\x96\
\x93\x02\x8b\x8e\xe4x\xa4\xc5HV\x9aE0\x19\x8aB\
)\xf8\xa3\x14\x0ca\x14\x98\xa7b\x8cP\x17\x19\x8aB\
)\xf8\xa4\x22\x81\x91\x95\xa4\xc5I\x8aB(\x02<R\
b\x9eV\x93\x14\x0ca\x14\x84S\xf1HE\x03#\x22\
\x92\xa4\xc54\x8a\x00aZi\x15!\x14\x84P22\
))\xe4SH\xa0cH\xa6\x91O\xa3\x14\x00\xd4\xe1\
\xd7\xebW\xc8\xaa a\x81\xf7\xab\xe7\xadp\xe37G\
\xa1\x82z1\xa5w\x02=Er\xac\xbbI\x1e\x84\x8a\
\xeb\x07Z\xe6\xaeSm\xc4\xab\xe8\xc6\xb3\xc3\xee\xcc3\
E\xa4_\xa9X\x8a\x01\xd8\xc1\xbd\x0ei\xe4SH\xcd\
u\x1e9\xe9\xb6\x16\xf2j\x12\xc3\x04<\xbc\xa0`\xfa\
\x0crk\xd0\xadmc\xb2\xb7\x8e\xde\x11\x84\x8c`{\
\xfb\xd6\x07\x814\xe1\x16\x8bo\x7f&\x0c\xb7\x11\x8d\xbf\
\xec\xaf\xff\x00^\xbaJ\xf01\x13\xbc\xb9WC\x9d \
\xa4\x22\x96\x8a\xe6\x18\xdcRS\xc8\xa4\xc5\x006\x8cR\
\xd1Hci\x08\xa7b\x92\xa4bQA\x14P\x02b\
\x93\x14\xeaCH\x06\xd2\x11N\xa4\xa4\x03i\x08\xa7\x11\
I@\xc6\xd2\x1ei\xc4R\x11H\x06\xd2b\x9dIH\
ci)\xc4R\x1a@6\x8e\xb4\xb4\x9d)\x0cm%\
<\x8c\xd3i\x0ci\x14\x94\xeaB)\x0cm&)\xc6\
\x92\x90\x0d\x22\x9b\x8a}4\x8a\x00m!\x14\xecRR\
\x01\xb4\x94\xeaB)\x01\x93\xab\xdbmap\xa3\x83\xc3\
\xfd{\x1a\xcd\x22\xbaY#YQ\x91\xc6U\x86\x0ds\
\xf3\xc2\xd6\xf2\xb4M\xd5{\xfa\x8a\xd2/\xa1p}\x08\
\x08\xcdE4Bh\x9e#\xfcjELE4\x8e\xf5\
E\x9cc!BA\xea85%\xb1\xf9\x8a\xfa\xd5\xdd\
f\xdb\xc9\xbc.\x07\xc9(\xdc>\xbd\xeb8\x12\x8c\x08\
\xea+\xd0\x84\xaffs5\xd0\xb4E2\xa5\xe1\x940\
\xe8i\x84WA\x99\x13\x0e\xf4\xc6\x1d\xeab*20\
h\x11\x0b\x0c\xd4dT\xec1Q\xb0\xa6\x04\x0c0i\
\xac;\xd4\xaf\x80\xa4\xb1\x00z\x9a\xcb\xb9\xd5\x92<\xac\
#y\xf5=*\x96\xa2l\xb8\xc3\x22\xab\xb4\xd1/\x06\
E\x1f\x8dc\xcfu<\xc7/!#\xd0p*\xb9\x5c\
\xf3\x8c\xd5\xa8\x90\xe4m\xb5\xc4?\xf3\xd5\x7f:a\x9e\
\x1f\xf9\xe8\xbf\x9da\xb2\x13\xd8\xfeU\x19_j|\xa2\
\xe67\x1ah\x8fI\x17\xf3\xa6\x19\xa2?\xf2\xd1\x7f:\
\xc2*Gj\x8d\x97\x1d\xa9\xa4\x1c\xc6\xebI\x1f\xf7\xd7\
\xf3\xa63\xa7\xf7\xd7\xf3\xac&\x1cTdf\x9d\x84\xe4\
n\xb3\xa7\xf7\x97\xf3\xa6\x16S\xfcK\xf9\xd6\x09\xe2\x98\
\xd9\xf5\xa7as\x1b\xd9\x07\xa1\x06\x98\xc2\xb0\x84\x8f\x1b\
\x06F \x8fz\xda\xb6\x9b\xed\x10+\xf7=~\xb4\xec\
Rw\x06\x1d\xe9\x84dT\xa4v\xa8\xc8\xc1\xa6\x80\x8e\
\x9aEH\xc3\xbd0\x8a\xa4\x222)\xa4T\x84f\x9a\
EP\x88\x98S\x08\xa9H\xa6\x11\x8ah\x06\x1ak\x0a\
y\xa6\x91T\x222)\xa4S\xc8\xa6\x91LL\x8c\x8e\
i\x8c0jV\x14\xc22*\x90\x88\xcd#\x0c\x8au\
%R\x02:\xb7\xa4kZ\x9e\x81y\xf6\xcd*\xf6[\
I\xf1\x82\xc8xa\xe8GCUX`\xd3M1\x17\
5\x1dgR\xd7\xaf\xda\xf3T\xbc\x96\xee\xe0\x8co~\
\xc3\xd0\x0e\x80V\x8f\x84\xa4\x11\xeb\xd0\x83\xff\x00-\x15\
\x97\xf4\xac%\xe1\x81\xabV\x97&\xca\xee\x1b\x95\xeb\x13\
\x86\xfc;\xd6u\x15\xd5\x8e\xfc$\xf9l\xfb3\xd3\xa9\
)U\xd6UY\x10\xe5\x1c\x06S\xech5\xe7\x9fB\
\x84\xa48\x19$\x80\x00\xc9'\xb0\xa5\xaeK\xc6z\xcb\
\x16\xfe\xca\x81\x88\x03\x06r;\xfa/\xf8\xd5B<\xce\
\xc4U\xa8\xa1\x1ef\x5c\xb8\xf1\x15\x95\xc4\xac\xabx\x8a\
\xab\xd0r\x07\xe7[6Q\xb4v\xe3sgw\xcc=\
\x85p\xde\x18\xd2F\xa9\xa9\x03*\xe6\xda\xdf\x0f \xec\
Oa^\x82NN}kZ\xad/u\x11\x87\xa9)\
\xaei\x01\xa8\xe7O2\x09\x17\xd5jJF\x1f+}\
\x0db\x8e\x83\x06\xb0\xfcX\xa3\xec\xf6\xcd\xdc9\x1f\xa5\
n\xe3\x8a\xe7\xfcX\xfcZG\xeb\xb9\xab\xd0G6#\
\xf8l\xad\xe1v#Q\x90v1\x1a\xe9\xeb\x9a\xf0\xaa\
f\xf6w\xec\xb1\xe3\xf3\xae\x96\x9b\x16\x17\xf8e\x0dz\
O/H\xb8\xf5`\x14~&\xb8\xe4C#\xa4`d\
\xb3\x05\x03\xeak\xa6\xf1\x5c\xbbl\xe0\x87\xfez>O\
\xe1\x5c\xc8fF\x0c\xa4\x82:\x11\xda\x9a9qN\xf5\
-\xd8\xea\xb5\x8dn=5~\xcdlVK\x95\x01}\
\xa3\xfa\xfa\x9a\xe4\xe5\x90\xb34\xb2\xb9fc\x96c\xd4\
\xd23*\x02\xccp;\x93Y\xf77Fo\x95xO\
\xe7ZB\x179qX\xbe\xaf\xe4\x88\xae\xae\x0c\xed\xe8\
\x83\xa0\xaa\xf5!\x14\xc3]\x89YY\x1e,\xa4\xe4\xee\
\xc6\xd2\x1aq\xa4\xab\x10\xd3M\xa7SM4!)#\
\x7f*X\xe4\xdb\xbbc\x86\xc1\xef\x83\x9aSMaL\
\x0f\xb4m\xfe4\xf8\x1d\xfc4\xba\xcc\x9a\xdd\xb2F!\
\x05\xad\xb92+c\x1b6\xe3\xaex\xaf\x8c.\xe5\x17\
\x17S\xce\xa8\x11d\x91\x9c(\x18\x00\x13\x9cT{F\
s\x81\x9fZSSN\x9a\x881\x86\x92\x96\x92\xb6D\
\xb1\x0d%:\x9aj\x844\xd4S\xff\x00\xaaj\x98\xd4\
S\xff\x00\xab4\xa7\xf0\xb0%\x14\xa2\x90S\x850\x16\
\x8a(\x15#C\x85(\xa0R\xd4\x8c\x05:\x90R\x8a\
C\x16\x9dH\xb4\xe1\xd6\xa5\x80R\x8a)i\x0cQN\
QM\xa7\x8a\x90\x16\x94RR\x81Hgi\xf0\xb7\xc1\
\xda?\x8d5\xab\x8b-gV\xfe\xcf\x8a(w\xa0\x04\
+J\xd9\xc7\x04\xf1\xc5`x\x8fL\xb6\xd1\xb5\xfb\xfd\
6\xce\xf5o\xad\xedf1\xc7p\x06\x04\x80w\xac\xc2\
\xa1\x86\x08\xcd8\x0c\x0c\x0a\x8b;\xdc\x05\x14\xb4\x01N\
\x02\x81\x8a8\x14\xa0Ru\xa7T\xb1\xa1Tw\xa7\x8e\
\xb4\x9d\x058\x0c\x0a@-:\x90S\x80\xe6\xa5\x8c\x5c\
b\x9c))\xc0T\xb1\x92\xc51^\x0f\x22\xac+\x07\
\xe8j\xa592\xa7#\xadKBq\xb9u\x1d\xa3p\
\xe8\xc5Xt\x22\xb4\xed\xb5~\x8br\xbf\xf05\xfe\xa2\
\xb1\xd2P~\xf5J9\xa9\xbd\x8c\xdc{\x96/&\x17\
\x17/ 9^\x8b\xf4\xab:<;\xe7iOH\xc7\
\x1fST:V\xee\x9d\x0f\x93h\x99\xe1\x9f\xe64-\
X\x99dS\xa9\x00\xa7\x0a\xa2B\x96\x8aUR\xe4(\
\xeaN)1\x9b\x9aT^]\x9a\xb7w%\x8d\x5c\xa4\
D\x11\xa2\xa0\xe8\xa3\x14\xa2\x90\x0bE\x14\xb4\x80\x05(\
\xa2\x96\x81\x85/\x00e\x8e\x00\xe4\x9fA@\xac\x8f\x13\
_\xfd\x9a\xc8[!\xc4\x97\x1c\x1fe\x1dj[(\xe7\
uK\xe3\xa8\xdfIq\xfc\x1fu\x07\xa2\x8a\x97I\xb7\
\xdd!\x9c\xf4N\x17\xebTQ\x0b\xb2\xa2\x0eI\xc0\xad\
\xe8b\x10D\xb1/E\x1f\x99\xa8Z\xb2\x8b\xb0_\xdc\
\xc5\xc0\x93r\xfa75\xa1m\xa9\xa4\xcc\x12E\xf2\xd8\
\xf0\x0fcY\x00`S\xd4q\xcd1\x1d\x22\xfc\xa6\xb8\
\xcdZ\xd0Yj3D\x06\x10\x9d\xeb\xf45\xd5\xd8M\
\xe7\xdb)c\x96_\x94\xd6G\x8a\xa0\xf9\xed\xa7\x03\x92\
\x0a\x1f\xe9Q!\xc4\xc6\xb6\xfb\xd5iFMU\x8b\x87\
\x15p\x0c\x0a\xc2{\x9d\x10\xd8P2jU\x18\xa6\xa0\
\xefR(\xa84\x1c\xa2\xa4QMQR\xa8\xa9\x01@\
\xa7\x81H\x05=E!\x8e\x03\xb5T\x96\x1f)\xfd\x8f\
J\xba\xa2\x96X\x84\xa9\xb7\xbfj\x99+\x99\xd5\x872\
((\xad=\x12o.\xe8\xc4zJ?QY\xfbv\
\x9c\x1e\x08\xa7\xc6\xcd\x1b\xac\x8b\xc3)\xc8\xacY\xc18\
sE\xc4\xea\xc0\xa7\x0ad2\xac\xf1$\xab\xf7Xf\
\xa4\xebY\x9ee\xac*\x8a~)\x058\x0a\x0aB\x8a\
r\x8a@)\xc0PR\x14\x0ax\x14\x82\x9e\x05\x22\x91\
{L\x7f\xbf\x1f\xe2*\xf8\xac\x9bG\xf2\xa7F=3\
\x83Z\xfd\xeb\x92\xb4m+\x8d \x14\xe1IN\x02\xb2\
(Zp\x18\xa4\x03\xbd8\x0a\x0a\x14\x0aZ\x05(\xa0\
\xa4\x85\xa5\x02\x80)\xc3\x9ae\x00\x19\xa7P\x05\x04\x85\
\xea@\xfa\x9a`\x00R\xd4f\xe2\x15\xeb \xa6\x9b\xc8\
}X\xfe\x15j\x0d\xf4\x02zZ\xaf\xf6\xd8\xbd\x1b\xf2\
\xa5\x17\xb1z7\xe5O\xd9\xcb\xb0\xaeX\xa5\x15\x0cw\
1Hp\x1b\x07\xdf\x8a\x9e\x86\x9a\xdcAKIJ\x05\
\x02\x01X\xbe\x22\xb7\xc3Ep\x07_\x91\xbf\xa5m\xd5\
mN\xdf\xed\x16\x13&2@\xdc>\xa2\xb4\xa7+I\
2\xa9\xca\xd2L\xe5+sO\x93\xcd\xb6\x5c\xf5^\x0d\
b\x0ekGI\x93\x0e\xf1\xfa\x8c\x8a\xeeg\xa3I\xda\
V4\xe9h\x02\x94\x0c\xd0u\x0a\x06iii@\xa0\
\x04\x02\x9c\x05\x00S\x80\xcd1\x00\x14\xbd(\xe9J(\
\x00\xc5(\x19\xa0\x0ap\x14\xc0\x00\xa7\x01GJZ`\
\x14\xb4R\xe2\x98\x84\x02\x97\x14\xb8\xa5\xa6\x02\x01N\x02\
\x80)i\x80R\xe2\x94\x0aZb\x0cV_\x89\xee\xbe\
\xc7\xa0\xdeJ8;6\xaf\xd4\x9cV\xa8\x15\xc9\xfcG\
\xba\xf2\xb4\x88m\xc1\xe6is\xf8/5PW\x92\x08\
\xea\xcf7\x03\x02\x9c\x05(\x14\xe0+\xbc\xe844X\
\xb3$\xb2\x1e\xc3\x02\xb5qU4\xa8\xf6\xda\x06\xfe\xfb\
\x13Wk\x8a\xab\xbc\x99\xf4\x188\xf2\xd1\x8a\xf9\x89\x8a\
\x5cR\xe2\x94\x0a\x83\xa4@)\xd8\xa3\x14\xb8\xa0\x9b\x86\
*+\x9f\xf5`z\x9a\x98\x0a\x86\xeb\xf8\x07\xe3Z\xd0\
W\x9a1\xaf+Sep)@\xa5\x02\x97\x15\xe9\x9e\
X\x80R\xe2\x97\x14\xb8\xa0W\x13\x14\xb8\xa5\xc5.(\
\x10\x98\xa5\xc58-.1H\x06\x85\xa5\x03\x14\xecQ\
\x8a\x04%.)qK\x8a,\x02b\x8cR\x81K\x8a\
`&(\xc5;\x14\xb8\xa0\x06\xe2\x8cS\xb1K\xb7\xda\
\x80\x1b\x8a1O\xdbK\xb4Qq\x5cf(\xc5I\xb6\
\x8cR\x0b\x8c\xdbK\xb6\x9f\x8a1@\xae3m\x1bi\
\xf8\xa5\xc5\x01q\x9b~\xb4m\xa7\xe2\x8cP\x17\x19\xb6\
\x8d\xb4\xfcQ\x8a,\x17\x19\xb6\x8d\xb4\xfcQ\x8a,\x17\
\x19\xb6\x8d\xb4\xfcQ\x8a\x02\xe4{h\xdbRb\x8cP\
\x17\x22\xdbF\xda\x93\x14b\x80\xb9\x16(\xc5K\x8aM\
\xb4\x0e\xe4X\xa3\x15&\xd1I\xb6\x98\x5c\x8f\x14b\x9f\
\xb6\x93\x14\x0cf(\xc5?\x14\x98\xa0\x06b\x8cS\xb1\
F(\x01\x98\xa4\xc5>\x92\x95\x80i\x02\x9aV\x9f\x8a\
1@\x11\xe2\x93\x15&)\x0a\xd0;\x91\xe2\x93\x14\xf2\
)\x08\xa6\x031I\x8ay\x14\x98\xa0w\x19\x8aB)\
\xe4R\x11@\xc8\xc8\xa4\x22\xa4\xc54\x8a\x02\xe4x\xa4\
\xc5<\x8aLP1\x84R\x11O\xc5!\x14\x0ca\x14\
\xd2)\xe4Rb\x81\x91\x91I\x8a\x90\x8c\xd3H\xa0c\
=+@\xd5\x02+C\xb5qc:\x1d\xd8/\xb47\
\x1c\xd7?\xa8\xae\xdb\xe9\x87\xbe\x7fJ\xe8Mbj\xe9\
\x8b\xd2}T\x1a\xc6\x87\xc4Nd\xafI?2\x81\x14\
\xc2*B)1]G\x88{\x8f\xc3\xf9\xbc\xff\x00\x08\
\xe9\xe79\xda\x85?\x22Et\x04W!\xf0\xaeo3\
\xc2\xab\x1e\x7f\xd5L\xe3\xf39\xae\xc2\xbe~\xba\xb5I\
/3\x07\xb8\xdaJv)1X\x80\x94\x11E- \
\x1b\x8aJq\x14\x94\x80JJZ)\x0cJi\x14\xfa\
m \x12\x8a\x0d\x14\x0cJJq\xa4\xa4\x03i\x08\xa7\
R\x11H\x06\xd2TwWPY\xc7\xe6\x5cJ\x91/\
\xab\x1e\xb5\x8bs\xe2\xfbt$[\xdb\xc97\xfbLv\
\x8a\xa8\xd3\x94\xb6Ast\x8aJ\xe5[\xc5\xf7d\xfc\
\xb6\xd0(\xf7$\xd3\x1b\xc5\xb7\xed\xf7c\x81\x7f\x02j\
\xfe\xaf1\xdc\xeb)\x08\xaeLx\xb3P\x07\xe6H\x1b\
\xdbn*x\xfcb\xe3\xfdu\x90>\xe8\xf4\x9e\x1ea\
s\xa4\xc5%dC\xe2\xad>L\x09<\xd8O\xfbK\
\x91\xfaV\x84\x1a\x85\x9d\xd7\xfa\x8b\x98\x9f\xdbv\x0de\
*r[\xa1\xdc\x9b\xa5\x04R\x91H*\x064\xd2S\
\x88\xc5!\x14\x866\x90\xd3\x8d%!\x8d4\x94\xeam\
 \x1aF)\x0d8\x8ai\x18\xa0\x044\x94\xb4\x86\x90\
\x08ER\xd4\xad~\xd1\x16\xf4\x1f\xbc\x8f\xa7\xb8\xf4\xab\
\xd4\xde\x94\x96\x80\x9d\x8eg\xad0\x8cU\xfdJ\xd3\xec\
\xf2\xf9\x88?v\xff\x00\xa1\xf4\xaaDV\xa9\xdc\xd5;\
\x945[O\xb5Z0Q\x97O\x99\x7f\xa8\xaed\x8c\
\x8a\xec\xeb\x9a\xd5m>\xc9v\xdbF#\x93\xe6_\xea\
+\xa6\x84\xbe\xc9\x15\x17R\xbd\xb3\xf0P\xfe\x15+\x0a\
\xa9\x92\x8c\x18U\xc0C\xa8a\xde\xbb \xcc$\x88\x88\
\xa6\xb0\xcdHF*\xad\xd5\xe4V\xb9\xdcr\xdf\xdd\x1d\
kB\x18\xe28\xac\xfb\xbdJ(2\xa9\xfb\xc7\xf4\x1d\
\x05T\xbb\xd4%\xb8\xc8\x07bz\x0a\x82\x1bInO\
\xee\xd7\x81\xd4\x9e\x82\xadG\xb9.D\x17WR\xdc7\
\xce\xdf/e\x1d\x05-\xbe\x995\xce\x1c\x8f-?\xbc\
k^\xdfL\x86\x0e[\xf7\x8f\xeaz\x0a\xb0}\xebT\
\x8c\xdb2\xae4\xa8R\xd1\xfc\xb0L\x8a7\x06=\xeb\
2\xcd\xb0\xec\xbe\xa2\xbaR9\xf6\xaen\xea#iv\
\xc0\x7f\x09\xc8\xfaSbD\xec1Q\xb5JYJ\x07\
\xc8\x00\xf75V[\xa4^\x14n\xf7\xa7p\x1c\xc3=\
\xa9\x85s\xd8~UY\xee\xa5?\xc5\x8f\xa5@\xee\xe4\
\xf2\xcd\xf9\xd1p-\x95\x03\xb0\xfc\xa9\x8c\x83\xfb\xab\xf9\
U&,Frj2[\xfb\xc7\xf3\xaa\xb8\xac]h\
\x94\xff\x00\x02\xfeU\x1bD\x9f\xf3\xcd\x7f*\xa6Y\xbf\
\xbc\x7f:g\x9b\x22\xf4v\xfc\xe8\xb8\x87_D\xa0+\
*\x81\xd8\xe2\xa5\xd2$\xf9d\x8c\xf69\x15ZY\xe4\
t\xda\xc7#\xe9E\xa4\xe2\xdap\xed\x9d\xa4`\xe2\x86\
4l8\xefQ\xb0\xe2\xba\x7f\x0exj\xc3\xc4^\x1f\
\xbc\xbfMQR\xf2\x00\xcc\xb6\xc0\x8f\xba\xa3?0<\
\xf3\x5c\xc89\x00\xfa\xf3H\xb1\x84f\xa3\x22\xa5a\x83\
La\xde\x9a\x0220i\xac;\xd3\xc8\xc8\xa6\xd5\x88\
\x8d\x855\x87\x15%0\x8c\x1ab#\x22\x9bOaM\
5B\x18\xc2\x98EJEFE4\x03\x0dm\xd8x\
\x1b_\xd5495\xcbK5{$\x0cr\x5c\x06p\
:\x95\x1d\xc5b\x9a\xe8\xb4\x9f\x1f\xeb:'\x87nt\
+S\x19\xb7\x980I\x1b\xef\xc2\x1b\xa8_n\xb4\xc9\
g-\x90@#\xa1\xe6\x9ai\xe1B\xa8\x03\xb54\xd5\
\x80\xd6\x19\x14\xca\x92\x98\xc3\x06\xa9\x08eJ\x0e\xe1\x9a\
\x8c\xd0\xad\xb4\xf3\xd2\x94\x95\xcd\xa8\xcf\x95\xeav\xde\x0e\
\xd5D\xf6\xff\x00\xd9\xb2\xb7\xefa\x19\x8b?\xc4\x9e\x9f\
\x85tF\xbc\xbe\x19\xa4\xb7\x99'\x85\xcaJ\x87r\xb0\
\xeck\xbe\xd0\xf5\xd8u\xa8\xb1\xc4wJ?y\x17\xf5\
\x1e\xa2\xb8\xaa\xc2\xce\xe8\xf7\xb0\xd5\xae\xb9\x1e\xe5\xcb\xbb\
\xa4\xb1\xb5\x9a\xeaO\xbb\x12\x16\xfa\xfa~\xb5\xe5\xf2\xcc\
\xf3H\xf3HwH\xecY\xbd\xc9\xae\xcb\xc6\xf7\xbeM\
\x946J~i\xdb{\x7f\xba?\xfa\xf5\x83\xe1\x9d<\
j:\xbcA\xc6b\x87\xf7\xb2~\x1d\x07\xe7ZR\x5c\
\xb1rfx\x96\xe7QA\x1d\x7f\x87\xf4\xcf\xec\xad.\
8\x98bi?y)\xf7=\xbf\x0a\xd1\xa5c\xbb\x9a\
J\xe6n\xee\xec\xef\x8cTU\x90\xb9\xa4o\xba~\x94\
\x0a\x1c\xe1\x1b\xe8hE\x98C\xa5r\xbe&\x97\xcc\xd4\
\xc4c\xa4H\x07\xe2y\xae\xadq\xc6zw\xae\x16\xf6\
\xe3\xed7S\x5c\x1f\xe2b\x7f\x0a\xf4\x11\xc3\x8b\x95\xa2\
\x97ss\xc2\xb1m\xb7\xb8\x9b\xfb\xec\x14~\x15\xb7T\
\xf4X>\xcf\xa5\xc0\x87\xef\x10\x5c\xfe5spPY\
\x8e\x15FI\xa6oF<\xb0H\xe5\xfcO?\x99\xa8\
,@\xf1\x0a`\xfdO5\x874\xeb\x08\xe7\x92z\x0a\
\xb3s9\xba\xb9\x96v\xeb#\x13\xf8VM\xd3\xef\x98\
\x9e\xc3\x81Z\xd3\x8d\xdd\x8f\x17\x17Z\xd7\x92\xeaG,\
\xad+\x12\xc7\xe8=*\x16\x1c\xd4\x86\x9a\xc3\x8a\xeaG\
\x92\xdbz\xb1\x94\xd2)\xd4\x86\xa9\x122\x92\x9ci\x0d\
R\x01\xa6\x9aE<\xd3OJ\xa4\x03M4\xd3\xa9)\
\x88e\x14\xa6\x92\xa8\x06\x9aCN#\x8am1\x09I\
\x8aZ*\x91#*)\xff\x00\xd55Lj+\x8f\xf5\
MJ\x7f\x0b\x02QN\x14\x82\x96\x98\x05(\x14\x94\xe1\
I\x94(\xa5\xa2\x94T\xb0\x0au \xa5\x1djF8\
t\xa5\x14\x94\xea@\x02\x94QJ*F(\x14\xf1H\
\xa2\x96\x90\x05=i\xa2\x9e*F(\xa5\xa4\x14\xa2\x93\
\x18\xecR\xd2S\xaaX\x0a)\xcbH\xa0\xb1\x0a\xaaY\
\x98\xe0*\x8c\x92}\x00\xa9^) v\x8aX\xde)\
\x17\x86GR\xac>\xa0\xd4\xb61\x00\xc9\xa7R\x01\xc5\
8R\x01qN\x1cR\x0ei\xd5%\x0a)\xc0R\x01\
N\x15#AR\x01LQR\x0aL\x05\x15<\x03\x82\
j\x1a\xb2\xab\xb5@\xa8d\xcd\xe8Ko\x09\x9et\x88\
\x7f\x11\xe7\xe9]\x17\xb0\xe9Yz49y&#\xee\
\x8d\xa3\xf1\xadQU\x13\x16--\x02\x96\x98\x82\xadi\
qy\xb7\xb1\xe7\xa2\xfc\xc6\xabV\xae\x89\x16\x16YO\
\xb2\x8aC4\xfa\xd2\xd0(\xa4\x01J))\xd4\x86\x80\
R\xd1J)\x0c\x09\x0a\x09c\x85\x03$\xfa\x0a\xe1u\
;\xe3\xa8\xdfIq\xfc'\xe5A\xe8\xa3\xa5t^'\
\xbf\xfb5\x98\xb6C\x89.:\xfb(\xeb\xf9\xd7&\x07\
aY\xc9\x94\x8d\x1d&\x0c\x96\x9d\x87\x03\x85\xfa\xf7\xad\
E\x1c\xd6tZ\x94\x11F\xb1\xacO\x85\x18\xebS.\
\xa9\x0e9I\x05\x17V\x19t\x0c\x9a\x92\xa9\xa6\xa5o\
\xdfx\xfc*U\xbf\xb6?\xf2\xd3\x1f\x81\xa2\xe8V5\
t\xa96Nc=\x1c~\xa2\x8f\x13\xa6t\xf8\xdb\xfb\
\xb2\x0a\xa5o{\x02L\x8e&^\x1a\xaex\x8a\xe6\x09\
\xb4\xe0\x22\x9a9\x0f\x988S\x9a\x96\xcaG;\x10\xf9\
\xc1\xf7\xab\xaa2j\xa4c\x0c*\xea\x0e\xf5\x84\xcd\xe9\
\x8e\x02\xa4QMQR(\xac\xcd\x07\xa0\xefR\x01M\
\x02\xa4\x02\xa4hP*E\x14\xd5\x15\x22\x8c\xd2\x18\xe5\
\x18\xa7\xa8\xa4\x02\x9e\xa2\x90\xca\xf7P\xff\x00\x1a\xfe5\
\x00\x15\xa4\x14`\x83\xde\xa9I\x17\x94\xe4v\xedY\xc9\
\x1c\x95\xa1g\xcc\x8dM\x12\xe3\xe5kc\xdb\xe6O\xeb\
Z\xca+\x97\x82F\x86U\x95:\xa1\xcdt\xf1H\xb3\
F\xb2'\xdda\x91Y\xb4yu\xe9\xda\x5c\xdd\xc7\x81\
N\x02\x81NQRb(\x14\xf0)\xa0S\xc5\x22\x90\
(\xa7\x8aAO\x03\x14\x14\x18\xad\x8bi<\xd8U\xfb\
\xf4?Z\xc9\x02\xac\xd9\xdc\x08\x5c\xab}\xc6\xeb\xeck\
:\xb0\xe6\x8e\x85#L\x0aP2h\x1e\xdd\xe9\xc0b\
\xb8\xcaB\xd3\x80\xa4\x02\x9d@\xc0R\x81\x93EW\xba\
\x9c\xa9\xf2\x90\xe0\xff\x00\x11\xfe\x95q\x8d\xdd\x91H\x9a\
K\x88\xa3\xe0\xb6O\xa0\xa8\x9a\xf5\xbf\x81\x00\xf75Q\
E:\xba#J(d\x8d<\xaf\xd5\xcf\xe1\xc53\xaf\
^h\x02\x8a\xd5+l\x01A!FX\x80\x07sU\
\xa7\xbeHIT\xf9\xdf\xf4\x15BI%\xb9p\x18\x96\
c\xd0\x0a\xb4\x8d#I\xbd\xcb\xf2j1!\xc2\x03!\
\xf5\xe8*!\xa9\xb98\x11)\xf6\xc9\xa7\xc1\xa6\x80\x01\
\x98\xe4\xff\x00tU\xc8\xe3H\x86\x11\x15~\x82\x9e\x80\
\xdc\x16\x89\x5c \x90\xcb\x18f\x8c\xa1\xf45f\x09\xa6\
C\x88\xc1a\xe9\xda\xa6\xb6\xb5\x18\xdf(\xc9=\x14\xd5\
\xb1\xc0\xc0\xe0{V3\xa8\xb6\xb5\xcc[\x1b\x1b\x17\x5c\
\xb2\x14>\x86\x9fE\x15\x81\x22\x8aP\x07~\x94\x01K\
L\x0e:\xe6/\xb3\xdc\xcb\x17\xf7X\x8a}\x8b\xf9w\
Q\xb1\xf5\xc5[\xd7\xe2\xf2\xf5\x02\xf8\xe2E\x07\xfaV\
z\x9d\xac\x0f\xa1\xcdz\x10wI\x9d\xd0\x96\x8aGH\
\x05(\xa4C\xb9A\xf5\x19\xa7Pz\x00\x058\x0a\x00\
\xa7\x01L\x18\x01K\xd2\x8e\x94\x0a\x04\x00S\x80\xa0\x0a\
p\x19\xa6\x00\x05:\x8aZ\x04\x14\xb4R\x81T\x00\x05\
.(\xa5\x02\x98\x06)@\xa5\xa5\xc51\x00\x14\xa0Q\
\x8a^\xb4\xc4\x1fJP)@\xa5\x02\x8b\x05\xc4\xaf=\
\xf8\x91s\xe6jV\xd6\xc0\xf1\x14d\x91\xeek\xd11\
^O\xe2\xeb\x9f\xb5x\x8a\xf1\xc1\xc8F\x08?\x01[\
\xd1^\xf1T\xf71\x80\xa5\xc7\x14\xa0T\x90G\xe6L\
\x89\xea\xc2\xba\xafct\xae\xec\x8d\xdbx\xfc\xa8#O\
E\x15 \x14\xb8\xe7\xda\x94\x0a\xf3\xf7>\x9d++ \
\x02\x97\x14R\x81@\x5c1J\x05.)@\xa2\xc2\x13\
\x15Z\xe3\x99q\xe8*\xd8\x15R_\x9aV>\xf5\xd5\
\x86^\xf5\xce\x5cS\xf7,3\x14\xa0R\x81J\x05w\
\x1ex\x98\xa5\x02\x9c\x16\x97\x14\x84 Z\x5cR\xe2\x96\
\x81\x09\x8a\x5cR\xe2\x8cQ`\x0cQ\x8aP)qL\
\x04\xc5.)qN\x0b@\x0d\x02\x94\x0ap\x02\x97\x14\
\x85q\xa1iv\xd3\xb1K\x8a\x05q\xb8\xa5\xc5;\x14\
\xb8\xa0W\x1b\x8a1N\xc5.\x05\x01q\xa0Q\x83N\
\xa2\x98\x09\xb6\x8cR\xd1H\x04\xc5\x18\x14\xecQ\x8a\x04\
7\x02\x97\x14\xb8\xa3\x06\x80\x13\x02\x8c\x0a\x5c{Q\x8a\
\x00L\x0a0)qF(\x010)0)\xd84b\
\x80\x1b\x81F\x05;\x14\x98\xa0\x04\xc5\x1biqE0\
\x1b\x8a\x08\xa7Q@\x5cf(\xc5;\x02\x8c{\xd0;\
\x8c\xc5&)\xf8\xa3\x14\x82\xe4{i\x0a\xd4\x98\xa4\xc5\
\x03\xb9\x19ZLT\x98\xa4+@\xeeG\x8aLT\x85\
i\xb8\xa61\x98\xa4\xc5?\x14\x98\xa0\x06\xe2\x93\x14\xfc\
R\x1aV\x01\x94\x85i\xf8\xa4\xc5\x00FE!\x15%\
!Z.;\x91\xe2\x93\x14\xf2)\x08\xa6\x031I\x8a\
q\x14\x84P1\x84SJ\xd4\x98\xa4\xc5\x03#\xc5!\
\x15!\x14\xc2(\x18\xccR\x11O\xc5!\x14\x0c\x8c\x8a\
B)\xe4R\x11@\x11\xb0\xab\xe3\x95\x1fJ\xa4j\xf2\
\x8c\xa2\xfd+\x93\x17\xb2;poV4\x8a\xc8\xd6\x97\
\x13F\xde\xab\x8a\xd9\x22\xb35\xa5\xf9aor+\x96\
\x8f\xc6\x8d1\xca\xf4\x1f\xcb\xf321M\x22\xa4\x22\x9a\
Ev\x9e\x01\xea?\x08&-\xa5\xdf\xc0O\xdd\x980\
\xfcEw\xf8\xaf2\xf8=6.u8Ot\x8d\x87\
\xe6k\xd3k\xc3\xc5\xabUfR\xdcJB)\xd8\xa4\
\xaeRF\xe2\x92\x9d\x8aCH\x04\xa0\x8a)i\x0cm\
&)\xc4RR\x01(\xa2\x8e\xb4\x866\x92\x9dIH\
\x04\xa0\xd1H\xee\xb1\xa3;\xb0DQ\x92\xc7\xa0\x14\x0c\
+\x9f\xd6<P\x96\xc5\xa0\xb1\xdb,\xa3\x83!\xfb\xa8\
}\xbdMP\xd6\xfcF\xf7\xdb\xad\xec\xc9\x8e\xdf\xa1~\
\x8d'\xf8\x0a\xc3\xc0\x03\x15\xd5O\x0f\xd6D\xdc|\xf3\
Ku!\x96y\x1aI\x0f\xf11\xa8\xea\xd5\xb6\x9f%\
\xc7\xcc~D\xf5=\xebF+(`\xe4.O\xa9\xae\
\x901\x842?\xddF?\x85/\xd9'\xeb\xe5\xb5o\
b\x9ai\x0c\xc36\xb3\x7f\xcf6\xa6\x98%\x1dco\
\xca\xb7i\xa7\x8a@s\xec\xa4\x1c\x10E4\xa8&\xb7\
\xde5q\x86PG\xbdT\x97N\x89\xf9L\xa1\xf6\xa4\
;\x95\xed5k\xeb,\x08n\x1bo\xf7_\xe6\x06\xba\
\x0d7\xc4\xd0]\xb2\xc5t\xa2\xdeS\xd1\xb3\xf2\xb7\xf8\
W5=\xac\x90rFW\xd4T8\x04sYN\x94\
e\xb8\xcfF\x22\x9b\x5c\xc6\x81\xae\xb4\x0e\xb6wnL\
G\x88\xe4?\xc0}\x0f\xb5u\x04W\x0dJn\x0e\xcc\
\xa4\xc6\x9ai\xa7RVC\x1ai)\xd4\x86\x81\x8d\xa4\
\x22\x9ci)\x01\x1e(\xa7\x11M\xa0\x04\xa44\xe2)\
*@\x8ahVx\x9a7\x1f+~\x95\xcf\xcd\x0b\xc1\
+D\xe3\xe6_\xd6\xbaB*\x96\xa3g\xf6\x88\xb7\xa0\
\xfd\xe2t\xf7\x1e\x95Qv\x1c]\x8c2;\xd5=N\
\xcf\xed\x96\xac\xaa?x\x9f2}}*\xf7ZgC\
Z\xa7gtk\xbe\x87\x1d\xd6\x9d\x14\xeb\x0a\xb7\x98p\
\xa3\x9c\xd5\xfdj\xcf\xec\xf3\xf9\xc81\x1c\xa7\xf2j\xcc\
u\xdc0k\xbe\x12\xbd\x9a9\x9a\xb6\x85K\xcdQ\xe4\
\xca\xc26/\xf7\xbb\x9a\xce\xd8\xf36\x14\x16cZ1\
\xe9\x8d+\x9c\xb0X\xc7~\xe6\xafE\x04v\xe3lk\
\xb7\xdf\xb9\xae\xd8\xa5m\x0ey=L\xeb}$\x0c5\
\xc1\xc9\xfe\xe0\xab\xa1B\x8d\xa0\x00\x07@*R)\x84\
U\x90D\xc3\x06\x98\xc2\xa6#5J\xee\xfe+\x5c\xaf\
\xdf\x93\xfb\xa3\xb7\xd6\x98\x87\xc8\xca\x88Y\xd8*\x8e\xe6\
\xb0\xf5;\xa8n\x99|\xb59^\x0b\x9e\xe2\x99sq\
-\xc3\xee\x91\xb3\xe8;\x0ad6s]6#^;\
\x93\xd0R\xb8\xecU$\xf4'\x81\xd2\x95-\xa5\x9c\xfe\
\xea6o\xa5m\xc1\xa4C\x172\xfe\xf5\xbf!V\xc0\
\x00m\x00\x01\xe8)\xa4&\xcc8\xf49\x1b\x99dT\
\xf6\x1c\x9a\x9dtkU\x1f6\xf7>\xe7\x15\xa4F)\
\x84UX\x9b\x94\xc6\x9fj\x80\x81\x02\x8e1\x9e\xb5F\
m1\x94\xfc\xa8\x8e\xbe\xbd\x0dk\xb0\xefLa\x9ah\
W0&\xb1\x09\xcb\xc0W\xde\xab=\x94L22+\
\xa6=*\xa5\xc5\x92K\xcaa\x1f\xdb\xa1\xa7`\xb9\xce\
\xbd\x81\xc7\xca\xe0\xfdj\xa4\xb0I\x17\xde^=kf\
Dh\xdc\xab\x0c\x11Q\x9a,3\x143F\xd9F*\
}A\xc5^\xb6\xd4\xf3\x84\x9f\xe8\x1f\xfcin,\x96\
@J|\xad\xe9\xd8\xd6s\xa1V*\xc3\x07\xd2\x93C\
L\xdf?0\xe2\x99Y\xb6\x17\xc6&\x10\xca~C\xd0\
\x9e\xd5\xa6\xc3\x07\xebAI\xdc\x88\x8c\x1ai\x1c\xd4\x8c\
;\xd3\x08\xcd4\x03\x18w\xa6\xb0\xa7\xd3H\xc5R\x11\
\x19\x19\x14\xc2*B0i\xac*\x90\x11\xd3XS\xcd\
!\xa6\x22\x22)\xa6\x9eE4\x8a\xa1\x11\x91\x83La\
R\xb0\xa6\x11\xc5R\x11\x19\xa4a\x91N\xa4\xaa@G\
M\xa7\xb0\xc1\xa6\x9ab\x167\xc7\xca\x7f\x0a\x95\x1d\xe2\
\x91d\x8d\xd9\x1dNU\x94\xe0\x83U\xd8S\xa3s\x9d\
\xa7\x9a\x97\x1e\xa7M\x1a\xd6\xf7YsP\xbf\xb9\xd4\xe6\
\x13\xddI\xbe@\xa13\x8cp+\xac\xf0]\x97\x91\xa6\
=\xd1\x1f=\xcbd\x7f\xba8\x15\xc5\xed.B\x0e\xac\
B\x8f\xc6\xbdB\xde\xddm-\xe2\xb7A\x85\x89\x02\x8a\
\xe7\xac\xed\x1eTz\xf8H\xf3M\xc9\x8f\xa44\xb4\x1a\
\xe5=\x11)\x93\x9d\xb0H\x7f\xd94\xfa\x86\xf4\xed\xb4\
\x93\xdcb\xaa;\xa09\xddZ\xe3\xec\xbal\xf2\x03\x86\
\xdb\xb5~\xa7\x8a\xe3\xed\xe03\xcd\x14\x03\xab\xb0Z\xde\
\xf1M\xc6\x05\xbd\xb0=r\xed\xfc\x85T\xf0\xdd\xbf\x9b\
\xa9y\xa4|\xb0\xa9o\xc4\xf1]\xebc\xcd\xad\xef\xd5\
P:}\xa10\xa3\xa2\xf0+7\xc47_f\xd3Y\
T\xe1\xe6;\x07\xd3\xbdi\x9a\xe4\xfcGw\xf6\x9dC\
\xcaS\x94\x80m\x1fS\xd6\x84ub'\xcb\x06c\xcc\
\xde\x5ce\xbd\x05f\x1ej\xe5\xeb\xf0\x10}MS\xae\
\xbaj\xca\xe7\xcdb\xa7y[\xb0\xd3I\x8au!\xad\
Q\xccFx4\x86\x9c\xc2\x9bT\x844\x8am<\xd3\
)\x88JCJi\x0dP\x0d4\xd3O4\xd3T\x84\
4\x8am>\x98i\x80SO\x06\x9dH\xd5B\x18h\
\xa54\x94\xd0\x98\x84T7\x1f\xea[\xf0\xfeu9\xa8\
.?\xd57\xe1\xfc\xe8\x9f\xc2\xc4\x89\x85-\x14S\x1a\
\x14S\xa9\x05(\xa9c\x16\x96\x90R\xd4\xb1\xa1E8\
t\xa4\xa7R`(\xa0\x11\x9cdg\xd2\xb5\xbc%\xa1\
\x7f\xc2O\xe2}/D\xf3\x0cB\xfa\xe1b.:\xa8\
\xeaO\xe4+\xeb)>\x0ax\x0eM#\xfb(h0\
\xa2m\x0a'\x0c\xdeh=\x9bvz\xd6S\xa8\xa3\xa0\
\xcf\x8ei\xc2\xaek\x9ag\xf66\xb7\xa8i\x9eg\x9a\
,\xee$\x80?\xf7\x82\xb1\x19\xaa\x8bN\xf7\x01E-\
\x02\x94R\x18\xa0S\xa9\x058R\x04-(\x14\x82\x9d\
\xedR1@\xe2\x9c))\xc2\x93\x03c\xc1\xfa\xec~\
\x19\xf15\x86\xb1-\xb7\xda\xa3\xb5rZ pH \
\x8c\x8fq\x9c\xd6\xef\xc4\xcf\x1a\xe9\xfe6\xd4m'\xb0\
\xb0\x92\xdc[##M.7\xcd\x9c`\x10;\x0a\xe3\
\x14qNZ\xc9\xc19su/\x99\xda\xc3\xa9\xc2\x9a\
)\xc2\x9b\x12\x1c)E \xa7\x0a\x961E:\x90S\
\x94sHc\x94b\x9e)\xa3\xd2\x9fR\xc0|K\xb9\
\xbe\x95=2\x15\xc2\xe7\xd6\xac\xdaC\xf6\x8b\x98\xe3\xec\
NO\xd2\xa4\xceOSf\xc6\x1f\x22\xd64\xfe\x227\
\x1f\xa9\xab4\x83\x93KVd(\xa5\xa4\xa5\xa1\x8cQ\
\xcdni#\xfd\x05=\xd8\xd6 \xe0V\xfe\x9a\xbbl\
b\xf7\x04\xfe\xb5 Y\xa2\x8aZ@\x02\x94QJ(\
\x18R\x92\xaa\x09c\x85\x03$\xfa\x0a\x05cx\xa2\xff\
\x00\xec\xf6\x8bh\x87\xf7\x93\xfd\xefe\x1f\xe3R\xd9G\
;\xa9^\x9dF\xf6[\x93\xf7I\xc2\x0fE\x1d*$\
BFi\x80d\xe2\xac\x01\x81\x8a\xc6L\xd6\x11\xb8\xc1\
\x1bf\x9e#l\xf4\xa9\x14qR\xa0\xc0\xa9r4\xf6\
h\x8bi\x1d\xa9\xc0T\xe8)\xea2jy\xc5\xec\xca\
\xea=\xa9\xe8\xa3=\x05X\x0a\x0faO\x11\xaf\xf7E\
.q\xfb2(\x94\xb3\x80*\xe8\x14\xc8\xd4(\xe0b\
\xa5QQ)\x5c\xb8\xc6\xc3\x94T\xa8;\xd3\x14T\xa0\
b\xa0\xa1\xca)\xe0R\x01OAHc\x80\xc0\xa9\x14\
`STd\xd4\x80f\x90\xc5Q\xde\xa4QH*@\
0*F.3L\xb9\x87\xccN:\xafJ\x95Gz\
r\x8c\x9c\xd2\x13\x8a\x92\xb33\x00\xadm\x16\xe7i6\
\xecxnS\xeb\xdcU+\x98v>\xe1\xf7Z\x98\xa4\
\xa1\x0c\xa7\x04\x1c\x83Y\xb4y\xf5i\xdd8\xb3\xa8\x02\
\x9c\x05Cip.\xa0Y\x07^\x8c=\x0dXQY\
\xb3\xcd\xb3N\xccQ\xc58\x0a@)\xc2\x91C\x858\
\x0a@)\xc0P4-8\x0e)\x00\xa7\x01\x9a\x0aD\
\xf6\xf72A\xc0;\x97\xfb\xa6\xae\xc5{\x14\x9f{(\
}\xeb8\x0ax\x1cVr\xa7\x19\x14l.\x08\xc8 \
\x8fjZ\xc9\x8d\x9a>U\x8a\x9fj\xb3\x1d\xec\x80\xfc\
\xe08\xfc\xab\x17E\xad\x8aE\xe2B)v\xe8\x06k\
4\x92\xecX\xf5'55\xc5\xcf\x9e\xaa\xaa\x08\x1dH\
5\x10\xadiB\xca\xecb\xd1E(\xad@\x09\x0a\x09\
'\x00u&\xb3n\xaf\x9a\x5c\xa4D\xaaw=\xda\x97\
P\xb8.\xfeJ\x9f\x95~\xf7\xb9\xaa\xd1\xc6\xd2\xb8D\
\x19c\xd2\xad#\xa2\x9d4\x973\x16(\x9aW\x08\x83\
$\xfe\x95\xabmj\x96\xcb\xc7\xcc\xe7\xabR\xdb\xdb\xa5\
\xbam^I\xfb\xcd\xebSP\xd9\x95J\x9c\xda-\x80\
U\xcbK~\x92\xb8\xff\x00t\x7fZ\x86\xd6\x1f:N\
~\xea\xf2kF\xb1\xab;h\x8c\x85\xa0QKX\x92\
\x14\xa0P)i\x80\xb4\xb4\x0a(\x11\x8b\xe2H\xfe[\
y}\x09Z\xc4\xe9].\xbe\x9b\xb4\xe2\xdf\xdc`k\
\x9a\xae\xea.\xf1:\xa8\xbb\xc4\xe8l\x9f}\xa4M\xed\
V\x00\xaaZA\xddh?\xd9$U\xf1V\xcfN.\
\xf1@9\xa5\x14\x01E\x03\x0e\xb4\xe0(\x02\x9c\x06i\
\x80(\xcd:\x8a(\x10\xb4\xb4\x94\xe0*\x86\x00R\xd1\
KLA\x8ap\x14\x01J\x051\x00\x14\xa3\x8aP)\
qLAKE(\x14\xec \x02\x97\x14\xa0QL\x06\
\xc8\xe2(\xdaC\xd1\x01c\xf8W\x8b\x5c\xcan.e\
\x94\xf5w-\xfa\xd7\xadx\x8e\xe7\xec\x9a\x15\xec\xd9\xc6\
#\xc0\xfcx\xfe\xb5\xe4 `\x01]\x14V\xec\xd6\x9a\
\x0a\xb9\xa5\xa6\xeb\xc5?\xdd\x04\xd5P+KGO\x9a\
W\xf4\x00V\x95\x1d\xa2\xce\xcc,y\xaa\xc5\x1ax\xa0\
\x0a\x5cR\x81\x5cG\xbe\x18\xa5\x02\x94\x0aZb\x0cR\
\xd1\x8aP(\x10U.\xa4\x9a\xba\xfc#\x1fj\xa8\x17\
\x02\xbb0\xabF\xce\x1c\x5c\xb5H@\xb4\xe01E(\
\x15\xd4q\x86)qF)qE\x80LR\xe2\x94\x0a\
P)\x80\x80R\x81N\x0bN\x0bHC@\xa5\x0bN\
\x02\x9d\x8a\x05q\xa0R\x81KN\xc5\x02\x1b\x8a\x5cR\
\xe2\x96\x98\x5cLR\xe2\x8aZ@%\x14\xa1iv\xd0\
!\xb8\xa5\xc5<-(\x14\xc2\xe4x\xa5\xdbO\xc5.\
(\x15\xc6m\xa5\xdbN\xc5.(\xb8\x0c\x0a)v\xd3\
\xb1F)\x5c\x06\xe2\x8cS\xb1K\x8a\x00f)qN\
\x0b\x9e\x00&\xa4[v=x\xa5)\xa8\xee8\xc5\xcb\
b\x1c\x0aLzsV\xc4\x08:\xe4\xd3\xc2\x81\xd0\x01\
X\xcb\x10\xba#h\xe1\xdfVT\x10\xbbtSN\x16\
\xcd\xdc\x81V\xb1I\x8a\xcd\xd7\x97CUB+r\x01\
j\xbd\xceiE\xb4c\xb1?\x8dM\x8a1P\xeaI\
\xf5-S\x8a\xe8E\xe4F?\x86\x8f)G\xf0\x8f\xca\
\xa5\xc5\x15<\xcf\xb9i%\xd0\x8b\xcb\x1f\xdd\x14l\x1f\
\xdd\x1f\x95KI\x8aWc\xd0\x8bb\xff\x00tR\x18\
\xd3\xfb\xa2\xa6\xdbI\xb6\x8b\xbe\xe1d@a\x8c\xff\x00\
\x0d4\xdb!\xe8H\xab\x1bi\xa4SU$\xba\x89\xd3\
\x83\xe8V6\xa7\xb3\x03Lky\x07l\xfd*\xe6)\
+E^kr\x1d\x08\xbd\x8a\x05H\xe0\x82)1Z\
\x04\x03\xd7\x9a\x89\xad\xd1\xba\x0c}+H\xe2\x17Te\
,;\xe8\xcax\xa4\x22\xac=\xb3/\xdd\xf9\xaa,V\
\xf1\x92\x96\xc62\x8b\x8e\xe4ei\xa5j\x5cSqL\
W#\xc5!\x15!ZiZc#\xc5\x04S\xc8\xa4\
\x22\x81\x8c\xc5&)\xd8\xa3\x14\xac\x03\x08\xa6\x95\xa7\xd1\
@\x11\x11HEHE4\x8ac\x18E!\x14\xf2)\
\xb8\xa0cH\xa6\x91O\xc5!\x14\x0c\x8c\x8ai\x15)\
\x14\xd2(\x022)\x08\xa7\x9aB(\x19\x19\x15v.\
b_\xa5T\x22\xaeC\xfe\xa9~\x95\xcb\x8b\xf8Q\xd9\
\x84~\xf3\x02+?X\x5c\xdb!\xf4j\xd2\xaaz\xaa\
n\xb2ob\x0dq\xd3\xd2H\xe9\xc4\xab\xd1\x92\xf20\
\x08\xa4\x22\x9eE4\x8a\xee>t\xed>\x13K\xb3\xc4\
\x13\xc7\xff\x00= '\xf2\xff\x00\xf5\xd7\xad\xd7\x8c|\
4\x97\xca\xf1m\xb8\xfe\xfa:~\x95\xec\xf5\xe3c\x97\
\xef\x0cg\xb8\x94\x98\xa7R\x11\x5cb\x1bHE:\x92\
\x90\x0d\xa2\x94\xd2R\x00\xa4\x22\x8aZC\x1bI\xd2\x97\
\x14R\x01))zUmCP\xb7\xd3m\xcc\xf7\x0d\
\x81\xd1Tus\xe8(I\xb7d\x03\xee\xae!\xb3\x85\
\xa7\x9d\xc2F\xbdI\xfeU\xc4\xeb\x1a\xdc\xda\xb3\xec\xc1\
\x8e\xd8\x1f\x96?_sQjz\xa5\xc6\xab?\x991\
\xda\x8b\xf7#\x1d\x17\xfcMTX\xdaV\x0a\x80\x96=\
\xab\xb6\x95\x15\x1d^\xe2\xb8\x80\x12p\x06Mi\xd9\xe9\
\x81q$\xe3'\xb2\xfa}j\xc5\x8e\x9e\xb6\xe3{\xe1\
\xa4\xf5\xf4\xabDV\xa3\x18E!\xa7\x91M\x22\x90\x11\
\x91\x8aCO#4\xda\x00i\x14\x84f\x9dHjF\
2\x9aEHFi\x94\x00\xc28\xf6\xac\xeb\xcb?/\
\xf7\x91\x8f\x97\xb8\xf4\xad#\xc54\x80F:\x8aL\x11\
\x84@#\x1d\xab\xaa\xf0\xd6\xaf\xf6\x98\xc5\x94\xed\x99\x90\
|\x8c\x7f\x8d}>\xa2\xb9\xdb\xbbo\x22L\x8f\xb8z\
T(\xef\x14\x8b$lU\xd0\xe5Xv5\x9dH)\
+2\x8fD\x22\x9bUt\xadI5KA(\xc2\xc8\
\xbcH\xbe\x86\xad\x9a\xf3e\x16\x9d\x99Hi\x14\xday\
\xa6\x9a\x92\x86\xd2\x11N4\x94\x80i\xa6\x9e)\xf4\xd3\
@\x0d\xa4\xa54\x1a@%4\xf1N\xa44\x84c\xea\
\x96~Sy\xe8>F?0\xfe\xe9\xac\xf2+\xa5u\
\x0e\xa5\x18eH\xc1\x1e\xb5\x83wj\xd6\x92\xec<\xa9\
\xe5O\xa8\xab\x8b\xe8i\x17\xd0\xa5sn\x97P</\
\xd1\x87_C\xeb\x5c\xa4\xd1<\x12\xb4R\x0c:\x9c\x1a\
\xec\x08\xac\xbdn\xc7\xcf\x8b\xed\x11\x8c\xc9\x18\xf9\x80\xfe\
%\xff\x00\xebWM\x19\xd9\xd9\x84\xe3us\x01[\xcb\
l\xf65;\x0c\x8c\x8a\x80\xf2)\xd0\xbf\xf0\x1f\xc2\xbd\
\x0aS\xb6\x8c\xe5\x9co\xa8\xecqM\x22\x9e\xf8@X\
\x9c(\xe4\x93X\xda\x85\xfbO\x94\x8f+\x1f\x7fV\xae\
\x9b\x98X[\xedO\x19\x8e\xdc\xfd_\xfc+%\x94\xb1\
\xcf$\x9a\xb0\x90\xbc\xee\x125\xcb\x1a\xd6\xb4\xb0KQ\
\x93\x87\x93\xfb\xde\x9fJ[\x8fc>\xdbH\xc8\x0fq\
\xc7\xa2\x0e\xff\x00Z\xd0\x0a\xaa\xa1T\x05Q\xd0\x0a\x94\
\x8cS\x18`\xd5\xa2Y\x11\x184\x84S\xd8w\xa6\x9a\
b#a\xde\x98EK\x8a\x8c\x8cS\x11\x19\x19\xa6\x1e\
*B1La\xde\x84\x226\x184\xc2*R3Q\
\x9a\xa1\x14\xef\xed\xfc\xe8\xf7\x81\xf3\xa7#\xdcVQ\xe6\
\xb7\xcdc\xdeC\xe4\xce\xca>\xe9\xe4S\x1a*\x9a\xaf\
s\x02\xcc0xn\xc6\xac\x9ac\x0e(\x19\x8b*\x14\
b\x18`\x8e\xb5\xa3\xa7^o_\x22C\xf3\x0f\xba}\
}\xa9/ \xf3Sp\x1f2\xfe\xa2\xb3A*\xc0\x83\
\x82:\x1aV\x0b\x9d\x050\x8c\x1am\xb4\xe2\xe2 \xfd\
\xfa\x11\xefOaA\xa1\x19\x14\xd6\x1d\xe9\xe4dSi\
\xa1\x0c#\x8aa\x19\x15!\xa6\x11\x8a\xa1\x11\x91M\xa9\
\x18S\x0dP\x860\xa6\x11R\x91Q\x9ah\x06\x11\x9a\
a\x15!\x14\xc6\x15HDdSMH\xd4\xc3T!\
\x8c2)\xb5%FF\x0dR\x10\xdah;X\x1fJ\
y\xa6\xb0\xa0/mI\xbd\x088\xee\x08\xae\xebA\xf1\
$:\xa2-\xbd\xc3\x08\xaf\x00\xc6\x0fI}\xc7\xbf\xb5\
p\x09&\xde\x0fJ\x93\x86\x19\x1fQ\x8a\xc6\xa5>e\
fz\xb8lM\xb5_q\xea\x9d84W\x0f\xa6x\
\xbe\xf6\xc5DWK\xf6\xc8\x87\x00\x93\x87_\xc7\xbdt\
\x96~'\xd2o0\x05\xcf\x92\xe7\xf8%\x1b\x7f^\x95\
\xcb*R\x89\xea\xd3\xc4B}M:\xab\xa8\x9f\xdc*\
\xff\x00y\xaa\xd2\xb2J3\x1b\xa3\x83\xddX\x1a\xcc\xf1\
\x05\xc7\xd8\xed\x8c\xaf\xc0D${\x9e\xd4S^\xf26\
n\xca\xec\xe1\xb5\x9b\x8f\xb5js89U;\x17\xe8\
+g\xc36\xfe]\x83\xccG3?\xe8+\x99;\x98\
z\xb1?\xa9\xae\xe2\xd6\x01kk\x0c\x03\xf8\x10\x0f\xc6\
\xbbz\x1e~\x19sTsb^\xdc\xad\x9d\xa4\xb7\x0d\
\xfc\x0b\xc7\xb9\xed\x5c)br\xeer\xc7$\x9fz\xe8\
<Sw\x96\x8a\xcdOO\xde?\xf4\xaef\xed\xf6G\
\x8e\xedU\x15s<m[?B\x94\xad\xbeFoZ\
\x8c\x8aq\xa4=+\xb1l|\xfbwwc\x0d!\xa7\
Si\xa1\x08y\x15\x1dILa\x83T!)\x86\x9f\
H\xc2\xa9\x09\x8c4\x94\xb4\x94\xc0m4\xd3\xcd4\xd5\
!\x0d4\xd6\xa7\x1aC\xd2\x98\x0d\xa0\xd1ER\x13\x19\
IN=i\xa6\x9a\x00\xa8nG\xee\x9b\xf0\xfeu5\
Es\xfe\xa5\xbf\x0f\xe7D\xfe\x16ORZ\x05\x14\xa2\
\x98\xd0\xb4\xeaJZ\x91\x8a)E%(\xa9\x18\xe1K\
H)\xc2\x93\x02[k\x99\xac\xeeb\xb9\xb6\x95\xa1\x9e\
\x17\x0f\x1c\x88pQ\x87B+\xd8\xa2\xfd\xa7\xfcD\xba\
9\xb5\x97H\xb3\x93Q\xdb\xb4^\xef!s\xfd\xe3\x1e\
:\xfe5\xe3\x22\x96\xa2POq\x92M4\xb7S\xc9\
<\xeed\x9aW2;\x9e\xac\xc4\xe4\x9f\xce\x81M\x1d\
i\xe2\x80AN\x14\x82\x94R\x18\xeaQIN\xa9c\
\x15i\xc0sH8\xa5\x1cR\x01@\xe6\x9d\x8aAN\
Q\xcdK\x1a\x1dN\x1d)\x07Zp\xa9\x01E8\x0a\
Jp\xa9\x18\xbd\xc0\x00\x92{\x01\x93N\x1c\x8c\x8a\xeb\
~\x1ex\xd7O\xf0[\xdfMu\xa4\x1b\xe9\xe7\xda\x22\
\x91H\x05\x00\xea\xbc\x8e\x01\xf6\xaej\xfa\xe4^\xdf\x5c\
],\x11\xdb\xac\xd24\x82(\xfe\xecy\xec*.\xef\
k\x15m\x08i\xca)\xa3\x9a\x90\x0e(`8R\xa8\
\xc9\xc5 \xa9a\x5c\x9c\xfaT\xb1lL\x06\x00\x15\xa7\
\xa3C\xfe\xb2b?\xd9_\xebY\x95\xd0\xdaC\xe4[\
\xc7\x1fp2~\xa6\x88\x98\xb2q\xd2\x94RS\xaa\x89\
\x0a\x07&\x8aP)1\x8b\xda\xba\x1b\x12\x0d\x9c8\xfe\
\xeds\xe2\xb4t\xddA!O\x22c\x85\xcf\xca\xde\x9f\
Z\x905\x85(\xa4R\x18nR\x18\x1e\xe2\x9d@\xc2\
\x96\x81@\xa40,\xa8\xa5\x9c\xe1Td\x9fA\x5c.\
\xa1z\xda\x85\xec\xb7'\xa3\x1c(\xf4Q\xd2\xba\x0f\x14\
\xdf\xf9\x16\xabf\x87\xe7\x9f\x96\xf6Q\xfe5\xcb\xd6r\
e$>%\xe75:\x8c\x9ab.\xd1\x8a\x91F\x05\
b\xdd\xd9\xd3\x15d=FMJ:\xd3#\x1d\xeaU\
\x1c\xd4\xb2\x87\x01\xc5=E5EH\x05@\xc7(\xa9\
\x14f\x9a\xa2\xa4QH\x07\x01R(\xa6\x81R(\xa4\
1\xe8;\xd4\x80STb\xa4\x02\xa4hP;T\x80\
`SPg\x9a\x91FM!\x8f\x03\x02\x9e\xa3\xbd4\
\x0ax\x14\x86=G4\xf02i\xa3\x8a\x91Gz@\
/\xb5<\x0aE\x14\xf5\x14\x86\x0d\x18\x91\x0a\x9e\xf5E\
\xa31\xb9V\xedZ@Snm\xfc\xc4\xca\xfd\xe1\xfa\
\xd4\xc8\xca\xac9\x95\xd1\x16\x9du\xf6Y\xfec\xfb\xb7\
\xe1\xbd\xbd\xeb\x7f\x1e\x95\xcc\x01\x8e\xb5\xb1\xa4\xdd\xefQ\
o!\xf9\x97\xee\x13\xdczVL\xf2\xeb\xd3\xfbH\xd1\
\x02\x9e\xa3\xbd \x14\xea\x93\x99\x0a\x05:\x90S\x85\x05\
!G\x14\xf0)\x00\xa7\x01Ac\x94S\x80\xc9\xa4\xa7\
\x01\xc5\x03\x16\x9e\x06\x05\x22\x8ap\x14\x86(\x14\xeaA\
KL`)I\xda\xa4\xfa\x0c\xd1H\xff\x00\xea\xdf\xfd\
\xd3M\x01\x89\x92\xc4\x93\xd4\xf3Z:l;c2\x9e\
\xad\xc0\xfaVp\xe9[6\xab\xb6\xde1\xfe\xcd[:\
+;D\x94R\xf6\xa2\x9f\x1a\xef\x91W\xd4\xd29K\
\xf6\xd1\xf9p\xa8\xeey55\x06\x81\x5cw\xbb\xb9,\
Q@\xa2\x94\x0a`(\xa5\x02\x80)h\x10R\xd0(\
\xa6\x22\xae\xaa\x9b\xf4\xdb\x81\xe8\xb9\xfdk\x92\x1c\xd7e\
x\xbb\xed&_T5\xc7(\xe0W^\x1fft\xd0\
z3gD9\x86E\xf4j\xd3\xac\x9d\x11\xbeiW\
\xe8k_\xa5l\xf7=:_\x0a\x12\x94\x0a\x00\xa7\x01\
\x9a\x0d\x00\x0ax\xa0\x0a(\x10R\xe2\x80)@\xcdP\
\x00\x14\xea)i\x88ZP)\x00\xa7\x01L@\x05:\
\x8aZb\x13\x14\xea\x05(\x14\xc4\x02\x9c\x05\x02\x8a`\
\x14\xe0(\x02\x96\x98\x1c\xc7\xc4\x1b\x8f'CX\x87Y\
\xa4\x03\xf0\x1dk\xcd\xc0\xae\xd7\xe2L\xf9\x96\xca\xdf?\
uY\xc8\xfa\xf1\xfd+\x8b\x02\xba\xa9+D\xda\x9e\xc1\
\x8a\xd8\xd2Sm\xb37\xf7\x9a\xb2@\xad\xdb\x04\xd9i\
\x18\xf5\x19\xa9\xac\xfd\xd3\xd1\xc0F\xf5o\xd9\x13\x81J\
\x05\x00S\xb1\x5c\xc7\xb0\x00R\xe2\x80)@\xa0W\x0c\
R\x81\x9aP\xb4\xea\x09l\x8e~\x22>\xfcU\x5cU\
\x9b\x9f\xb8\x07\xa9\xaa\xf8\xae\xfc:\xf7\x0f?\x12\xef0\
\xc5.(\x02\x9c\x05t\x1c\xe2\x01K\x8aP)\xc1h\
\x01\x00\xa7\x05\xa5\x02\x9d\x8aD\xdch\x14\xecR\xe2\x94\
\x0a\x04&)@\xa5\xa2\x98\x05\x14\xb8\xa5\x0b@\x86\xd2\
\x81O\x0bK\x8a\x02\xe3B\xd2\x85\xa7b\x97\x14\x08L\
Q\x8av(\xc5 \x13\x14b\x9d\x8a\x5cP+\x8d\xc5\
\x18\xa7b\x97\x14\x05\xc6\xe2\x8cS\xa8\xc5\x17\x011F\
)qK\xb6\x81\x0d\xc5>8\x8b\xfb\x0fZ|po\
\xe5\x87\xcb\xfc\xeap\xb8\x18\x03\x8a\xc6\xa5[h\xb77\
\xa5J\xfa\xcba\x8a\x81\x07\xca)qO\xc5\x18\xaeW\
\xae\xac\xebVZ!\x98\xa3\x14\xfcPF\x06N\x00\xf5\
4\xac;\x8c\xc5\x18\xa8\xde\xee\x14\xe8\xdb\x8f\xb5B\xd7\
\xe7\xf8\x22\xc7\xd4\xd5(6c,E8\xee\xcbX\xa3\
\x06\xa85\xe4\xe7\xa3\x05\xfa\x0a\x89\xa5\x95\xbe\xf4\x8c\x7f\
\x1a\xa5I\x99<lz#L\xe0u }M4\xcb\
\x1a\xf5\x91G\xe3Ydg\xaf4\x9bj\xbd\x97\x99\x9b\
\xc7>\x88\xd27P\x0f\xf9h\xbf\x854\xde[\xff\x00\
\x7f\xf4\xac\xfcRb\x9f\xb2D}v}\x91\xa1\xf6\xdb\
\x7f\xef\x9f\xca\x8f\xb6\xdb\xff\x00|\xfeU\x9f\x8aLQ\
\xec\x90}v}\x91\xa4.\xe0?\xf2\xd0~4\xf5\x91\
\x1b\xee\xba\x9f\xc6\xb2qF\x05/d\x8aX\xe9uF\
\xb9_jB\xb5\x96\xb2H\x9fu\xd8~52_\xcc\
\xbfx+\x8f~*]'\xd0\xda8\xd8=\xd5\x8b\x84\
QQG}\x0b\xf0\xd9\x8c\xfb\xf4\xa9\xf0\x18d\x10G\
\xa8\xac\xdcZ\xdc\xea\x85H\xcf\xe1c*)`\x0f\xf3\
/\xde\xfeu9ZLQ\x198\xbb\xa2\xa5\x15%f\
P+I\x8a\xb7,[\xf9\x1f{\xf9\xd5j\xee\xa7Q\
M\x5c\xe1\xa9\x07\x07f3\x14\xd2*B)\x08\xab \
\x8c\xad4\x8a\x94\x8ai\x14\x0e\xe4DR\x11R\x15\xa6\
\x91L\xa1\x98\xa4\xc5<\x8an(\x01\xb8\xa4#4\xec\
Rb\x90\x0c\x22\x9aEIHV\x81\x91\x91I\x8ay\
\x14\xd2)\x8ca\x14\x84S\xc8\xa4\x22\x80#\x22\x9aE\
HE4\x8a\x060\x8a\xb7\x070\xadU\x22\xad[\xff\
\x00\xa9\x15\xcd\x8a\xf8\x11\xd7\x84~\xfb\xf4\x1cj\xbd\xfa\
\xee\xb3\x98\x7f\xb3\x9a\xb2EG:\xee\x86E\xf5S\x5c\
1z\x9d\xd5\x15\xe0\xd7\x91\xcd\x91\x9aa\x15 \x1c\x0a\
B+\xbc\xf9\x94\xcd\x7f\x05M\xf6\x7f\x15\xe9\xaf\xdb\xcd\
\xc1\xfcA\xaft\xaf\x9f\xb4I~\xcf\xac\xd9K\xfd\xd9\
\x93\xf9\xd7\xd0M\xd4\xd7\x95\x98/y3:\x9b\x8d\xc5\
\x14\xb4\x86\xbc\xf2\x04\x22\x92\x9dHE\x03\x1bHi\xd4\
\x94\x80Jm8\x8aJ@\x1di\xb4\xea\xa1\xab\xea\xf0\
\xe90o\x7f\x9eV\xff\x00W\x16yo\x7faB\x8b\
n\xc8\x03U\xd5`\xd2\xa0\xf3%\xf9\x9d\xb8H\xc7W\
?\xe1\x5c=\xed\xf4\xfa\x8d\xc1\x9e\xe1\xb2\xdd\x02\x8e\x88\
=\x056\xee\xeak\xeb\x86\xb8\xb8}\xf27\xe4\x07\xa0\
\xa6\xc1o%\xcc\x81#\x19?\xca\xbb\xa9\xd2P^`\
$0\xbc\xf2\x08\xe3\x5c\x93\xfaV\xed\x9d\x8aZ'\x1f\
3\x9e\xadRZY\xc7k\x1e\xd5\xe5\x8fV\xf5\xa9\xaa\
\xd8\x11\x91\x83A\xa7\x91L\xe8i\x0ci\xa4\xc58\x8a\
J@0\x8ai\x14\xf2)\xa4~]\xe8\x01\xf0\xd9\xcf\
p\xbb\x91>_Rp\x0dB\xf1\xb4NQ\xd4\xab\x0e\
\xa0\xd7B\x9bv)Ll\xc7\x04t\xc5cj3,\
\xf7$\xa7*\xa3n}kj\x94\x94b\x9d\xf51\xa7\
Q\xcaV\xb1T\xd3XS\xe9\xb5\xcen$o\xe5\xc8\
\xb2m\x0d\xb4\xe7\x07\xa1\xa7\xde\x5c\xad\xdb\xab\x08\x84x\
\x18\xe3\xbdFF)\xa4S\xbb\xb5\x85e{\x91M\x12\
\xcc\x85\x1b\xbf\xe9X\xf2Fbr\x8d\xd4V\xe1\xaa\xb7\
\xb6\xdeze~\xfa\xf4\xf7\xa9)\x154\xddBM2\
\xe9gO\x99z:\x7fxWs\x0c\xd1\xdc\xc2\x93D\
\xdb\xa3q\x955\xe7\xb5\xad\xe1\xfd_\xec\x13}\x9ef\
\xff\x00G\x90\xf5\xfe\xe3z\xfd+\x9a\xbd.eu\xb8\
\xd1\xd7SH\xa7\x11I\x5c%\x8d\xa6\xd3\x88\xa44\x86\
4\xd2\x1aq\xa4\xa4\x03H\xa6\xd3\xe9\xa4R\x01\xb4R\
\x9aJ@4\x8a\x86\xea\xd9n\xa21\xb7\x07\xa8>\x86\
\xacS\x08\xa0G7,m\x13\xb4n0\xcb\xd4T}\
+wP\xb2\xfbJnA\xfb\xd5\xe9\xee=+\x0c\xfe\
G\xb8\xad\x13\xb9\xb4]\xceoV\xb0\xfb\x1c\xfb\xd0~\
\xe6C\xc7\xfb'\xd2\xb3\x9b\xd4Wa<\x09s\x0bE\
 \xca\xb7\xe9\xef\x5c\xb5\xd5\xb3\xdaL\xd0\xc9\xd4t?\
\xde\x1e\xb5\xdbJ\xa72\xb3\xdc\xcaq\xb3\xb9\x99\xa9M\
,\x80!\xe1;c\xb9\xaap[\xbd\xcb\xecA\xf5=\
\x85jK\x18u(jx#\x8e\x18\x82\xc68\xef\xea\
MwS\x9f6\x8c\xe5\x9cm\xb1\x1c\x16\xb1\xda\xa6\xc4\
\x19=\xdb\xb9\xa7\x11R\xb0\xa6\x11[\x99\x110\xefL\
a\x9a\x94\x8a\x8c\x8cS@GQ\x91\x83R\xb0\xc1\xa6\
0\xefLDl)\xac8\xcd<\x8c\x8am1\x11\x91\
L5!\x18\xa6\x1cz\x8f\xce\x80#\x22\x98\xc3\x9a\x91\
\x87zc\x0c\xd3B#5KR\x8ft!\xfb\xa9\xab\
\xc6\xa9\xea,\x16\x1d\xbd\xd8\xf1T#$\xd3H\xa9\x18\
S\x08\xa0\xa2\x220k2\xf6\x1f*\x5c\x8f\xba\xdc\x8a\
\xd5aU\xaf\x22\xf3 '\xba\xf2(`V\xd3\xa7\xf2\
\xa7\xd8O\xca\xfc~5\xad\x5c\xf7 \xe4u\x15\xbd\x0c\
\x9elH\xff\x00\xde\x14\x8a\x8b\x020i\x84`\xd4\x8c\
)\x84qB\x18\xc6\x14\xd6\xa7\x9e\x94\xda\xa4\x2222\
)\x86\xa4\xa60\xc1\xaa@6\x98\xc2\x9eG4\xd6\x15\
HDdSH\xa7\x9ai\xa6&Fi\x86\xa4\x22\x98\
\xc2\xa9\x08a\xa6\xb0\xa7\x9ai\xe4U #4\x84f\
\x9dILC)\xf0\xae\x01>\xb4\xdce\xb1\xebS\x1c\
(\xf6\x14\xa4\xfa\x1d\x18x]\xf3\x17t\xed\x16\xf3W\
I\xde\xd1Q\xbc\x9cd1\xc6\xe2{\x0a\xa9wi=\
\x9b\xf9wP<-\xe8\xeb\xfdk\xbe\xf0\xcd\x89\xb1\xd1\
\xa1\x0c1$\xdf\xbd\x7f\xc7\xa7\xe9ZR\x22J\x9b%\
E\x91?\xba\xc3\x22\xb9]v\x9d\xba\x1e\xd4p\x89\xc1\
;\xeayJ\xfc\x9fq\x99\x7f\xddb(gw\xfb\xee\
\xed\x8f\xef15\xe8\x92\xf8gF\x98\xe4\xd8\xa2\x93\xfd\
\xc6\x22\xa1\xff\x00\x84CE\x07\xfe=\xa4\xff\x00\xbf\x86\
\xab\xdb\xc4\x8f\xa9\xcf\xba8\xed\x12\xd0\xdd\xea\x09\xc6c\
\x88\xefs\xdb\xd8WX\xee\xa8\xad#\x9c*\x82\xc4\xfb\
S\xde\xde\xde\xd1\xda\x0bH\x92(\x93\x8d\xab\xdc\xfa\x9a\
\xc7\xf1-\xdf\x91d-\xd4\xfc\xf3\x9e\x7f\xdd\x15\xa2w\
\xd4\xe8\x8cU\x186\xcer\xee\xe1\xae\xeed\xb8n\xb2\
6~\x83\xb5e\xdd>\xf9\x0e:\x0e\x05]\x99\xf6F\
O\xe0+8\xd7E5\xd4\xf0qu/\xee\x8c\xa4\xa5\
<R\x1a\xe8G\x10\xc3Hi\xc6\x9ai\x88CMa\
\xc58\xd2SB#\xa4=)\xd4\x86\xa9\x00\xc3M4\
\xe2)\x0dR\x12\x1ai\x0d:\x9bM\x00\xd3IN4\
\xd3T!\xa6\x92\x9cE6\x9a\x01\x1b\xa54\xd3\xe9\x95\
B\x12\xa2\xb9\xff\x00R\xdf\x87\xf3\xa9j+\x9f\xf5-\
\xf8\x7f:S\xf8X\x89i\xc2\x9bN\xa6\xc6(\xa5\x14\
R\x8aL\x02\x9dH)EH\xc7R\x8aJu \x01\
N\x14\x94\xa2\xa5\x8cp\x14\xeaAKR1E9i\
\x05:\x90!E(\xa4\xa7\x0aC\x16\x9dH)G&\
\xa5\x80\xear\xf0)\xb4\xfa\x961\xc2\x9c)\xa2\x9dI\
\x8cQO\xa4\x02\x94u\xa8\x18\xe1N\x14\x82\x96\x90\xc5\
Q\x93R\x0aj\x0ax\xa9lB\xd5\x88\x97\x0b\xf5\xa8\
\x10nlU\x9e\x95,\x99\xbe\x85\x8b\x08|\xfb\xa8\xd4\
\xf4\x1f1\xfa\x0a\xe8\x07<\xd6n\x8f\x0e#y\x88\xe5\
\x8e\xd1\xf4\xab\x93\xdd\xc3j1#|\xdf\xdd\x1c\x9a\xa5\
\xa22{\x93\x8aZ\xc9\x97X\x90\xf1\x14j\x83\xd5\xb9\
4\xc4\xba\xbf\x98\xfc\x8d!\xfa-.a\xa4\xcd\xae\xb4\
\xec\x1a\xc9X\xb5G\xee\xe3\xea\xc2\x9e-u\x12\x7f\xd6\
\xe3\xfe\x05J\xe1cP\x03J\x05e\xfd\x97P\xff\x00\
\x9e\xdf\xf8\xf5\x06\xdfRA\xc31\xfa0\xa2\xe3\xb1\xaf\
\x14\xb2B\xdb\xa3vC\xedZ\x16\xda\xb9\xc8[\x85\xe3\
\xfb\xeb\xfe\x15\xca\x1b\xab\xd8\x0f\xce\xee\xbf\xef\x0a\xbba\
~\xf7.c\x91F\xecd0\xefJ\xe1c\xb2VW\
P\xca\xc1\x94\xf4#\xbd)eE.\xe7\x0a\xa3,}\
\x05aY\xde=\xa3\xf1\xf3F~\xf2\xff\x00\x85/\x89\
\xb5$\x16\x09o\x0b\xe5\xaey$vAI\xb1\xa3\x02\
\xfe\xf1\xb5\x1b\xc9.[\x8d\xe7\xe5\x1e\x8a:TQ\xae\
N})\xa3\xd2\xa6E\xda1X\xc9\x9a\xc27c\xc0\
\xc9\xa9\x00\xa6\xa8\xe2\xa4A\xcek6n<\x0a\x91F\
\x051FMJ\x05C\x01\xca*E\x14\xd0)\xea)\
\x0cp\x15*\x8ab\x8a\x90\x0aC\x1e\xa2\xa4AL\x02\
\xa6Q\x81R\xc0p\x14\xf1MQR \xe75#\x1c\
\x06\x05H\x06\x055FM<\x0aLc\x94T\x88)\
\xa0T\x8a1Hc\x80\xc9\xa9\x00\xedMQOQH\
\x05\x02\xa4QMQR(\xa0c\x94T\x80S@\xa9\
\x14T\x81V\xee\xdf\x1f\xbcQ\xf5\x15\x02\xe5H \x90\
G \xd6\xa0\x19\xaaW\x16\xe6'\xc8\xfb\xa7\xf4\xa8h\
\xe6\xabN\xde\xf25\xac/\x05\xd2a\xb8\x94\x0eG\xaf\
\xbd[\x15\xce\xa1e`\xcaHa\xd0\x8e\xd5\xb5cx\
.\x94\xab\x00$Q\x93\xef\xefP\xd1\xe7U\xa5\xcb\xaa\
\xd8\xb4\x06i\xc2\x90\x0az\x8aFI\x0a\x05=Gz\
aeO\xbe\xca\xbfSM7\xb6\xeb\xff\x00-G\xe0\
(-&\xf6'\x02\x9d\xd6\xab\x8b\xebn\x9eo\xe9S\
Gq\x0b\xfd\xd9T\xd2+\x95\xf6%\xc6)\xc0P\xa3\
<\x8eG\xb5(\xa0\x05\xa5\x14\x94\xbd\xa9\x80P\xe3\xe4\
o\xa1\xa3\x147\xddo\xa1\xaaB0\x87 V\xdd\xa9\
\xcd\xb4g\xfd\x9a\xc5^\x95\xb3c\xcd\xa4\x7fJ\xa6t\
W\xd8\x9f\xa5Kh3r\x9f\x89\xa8\xaa{/\xf8\xf8\
\x1fCS/\x85\x9c\xa6\x85- \xa5\xaeA\x0a)\xc2\
\x90\x0ap\xa6 \xa2\x8aQLAKE\x1dh\x10\xd7\
\x19\x8d\xfd\xd4\xff\x00*\xe2\xc7J\xed\x8f\xddo\xa1\xae\
+\xfck\xaf\x0d\xd4\xe8\xa1\xd4\xd1\xd1N.\x18\x7f\xb3\
[C\x9a\xc4\xd1G\xfaK\x7f\xbb[\x80V\xefs\xd4\
\xa1\xf0\x8a\x058\x0a\x00\xa7v\xa4h\xc2\x81@\x14\xb4\
\xc0\x058\x0a\x00\xa5\xa6!i@\xa4\x02\x9c\x05R\x10\
\x01N\xa2\x81LAN\x02\x80)@\xcd1\x06)\xc0\
R\x0aZ`\x14\xe0(\x02\x96\x98\x05/J)@\xa6\
#\xcc\xbcy?\x9d\xe2\x07@r\x22E_\xd35\xcf\
\x81Z\x1a\xfc\xff\x00i\xd6\xef%\xece }\x05Q\
\x02\xbb\x22\xac\x8e\x85\xb0\x98\xe2\xba(\x93dh\xbe\x8a\
\x05`\xc4\xbb\xe4E\xf5\x22\xba\x1csX\xd7{#\xd4\
\xcb\x97\xc4\xfd\x03\x14\xa0P\x05(\x15\xcezw\x0cS\
\xc2\xd0\x06)h!\xb0\xa5\x02\x94\x0aZ`W\xba\xea\
\xa2\xa1\x02\xa5\xb8\xff\x00Y\x8fAL\x02\xbd**\xd0\
G\x99Y\xdel@)\xc0R\x85\xa7\x01Vd \x14\
\xe0)@\xa5\x034\x08LS\x80\xa0\x0aZ\x05p\xa2\
\x96\x94-\x02\x13\x14\xa1i\xc1qN\x02\x98\x5chZ\
v)qJ\x05!\x09F)\xd8\xa5\xc5\x02\xb8\xdcR\
\xe2\x97\x14\xb8\xa0\x04\xc5.)qK\xb6\x81\x0d\xc5.\
)\xc1i@\xa0.4-\x1bi\xf8\xa5\xc5\x16\x15\xc6\
m\xa5\xc5;\x14P\x03qR\xc5\x0e\xef\x99\xbav\x14\
\xe8\xa1\xcf\xcc\xdd;\x0a\x9f\x15\x85J\x96\xd2'E*\
W\xf7\xa47\x14b\x9dEs\x9dCqF\xdaq\xc0\
\x04\x9e\x00\xefT.nL\xbf*p\x9f\xce\x9ccs\
*\xb5\x955v>k\xc5O\x96,1\xf5\xec*\x9b\
\xbb\xcar\xecX\xd2\xed\xa3mtF)ly\x95+\
J{\x8c\xc5\x18\xa7\xe2\x93\x18\xf4\xaa3\x1b\x8aLU\
\xbb}6\xf2\xec\xe2\x0bid\xfa\x0a\xd2\x87\xc1\xfa\xac\
\xbdbH\xc7\xfbN)hO2F\x16)6\xd7N\
\xbe\x05\xbc?z\xe6\x15\xfc\x09\xa5>\x04\xbb\xff\x00\x9f\
\xa8\x7f\xef\x93E\xd0s\xae\xe7-\xb6\x93mu?\xf0\
\x82\xdew\xb9\x87\xf24\x7f\xc2\x09v\x7f\xe5\xee\x1f\xfb\
\xe4\xd2\xba\x0etr\xd8\xa4\xc5uG\xc0w\x7f\xf3\xf7\
\x0f\xfd\xf2j\x19\xfc\x0f\xa8\xc6\xb9\x89\xe1\x97\xd8\x1d\xb4\
\x5c9\xd1\xcdb\x93\x15\xa7s\xe1\xfdN\xd7\x99,\xe4\
\xc7\xa8\xe4U\x07FC\x86R\xa7\xd0\x8cPRw\x22\
\xc5\x14\xf2)1@\xc6b\x95\x1d\xe29F+\xf4\xa5\
\xc5&(\x1avwE\xb8\xb5\x00x\x98c\xfd\xa1V\
\xc6\x1c\x06\x04\x10{\x8a\xc8\xc5>\x19\x9e\x06\xca\x1e;\
\xafcYJ\x92\xe8vQ\xc65\xa4\xf5F\x91Z\x86\
hw|\xcb\xd7\xb8\xf5\xa9\xa1\x99'M\xcb\xd4u\x1d\
\xc58\x8a\xca-\xc5\xdc\xf4\x1f-H\xf9\x19\xd4U\x8b\
\x88q\xf3\xa8\xe3\xbdW\xc5wFJJ\xe8\xe2\x9c\x1c\
]\x98\x84SqO\xa4#5D\x8c\x22\x9aW5!\
\x18\xa4\xc5\x03\x22\x22\x9aEJE4\xad\x03\xb9\x19\x14\
\x98\xa7\x91M\x22\x98\xc6\x91IN\x22\x93\x14\x80a\x14\
\xd2*B)\x08\xcd\x03\x22\x22\x93\x14\xf2)\xa4S\x01\
\xa4SH\xa7\x91HE\x03#\x22\xac\xdb\x7f\xaa\xfcM\
@EX\xb6\x1f\xba?Z\xe7\xc4\xfc\x07V\x15\xfb\xe3\
\xc8\xa6\x91\x90G\xa8\xa7\xd2w\xaf<\xf4\x91\xcc\x91\x8c\
\x8ai\x15,\xcb\xb6g_F5\x19\x15\xe8\x1f.\xd5\
\x9d\x82\x06\xf2\xee\x22\x7f\xee\xba\x9f\xc8\xd7\xd0\xf1\x1d\xf1\
#\x7fyA\xfd+\xe7f\xe8k\xe8\x1d._?M\
\xb5\x939\xdd\x12\x9f\xd2\xbc\xec\xc1i\x16g2\xcfJ\
N\xb4\xeaN\x95\xe6\x10%\x14\xb4\x94\x80B))\xd4\
\x84P1\xb4\x84S\x8dQ\xd5\xb5Xt\x9bo6O\
\x9aF\xe28\xfb\xb1\xff\x00\x0a\x14[v@G\xacj\
\xf1i0n`\x1eg\xff\x00W\x1f\xaf\xb9\xf6\xae\x1a\
\xe6\xe6k\xc9\xdey\xdc\xbc\x8f\xd4\xff\x00AKuu\
5\xed\xc3\xdc\x5c>\xf9\x1f\xa9\xec=\x85%\xbd\xbb\xdc\
\xca#\x8cd\x9f\xd2\xbb\xe9\xd2P^b\x12\x0bg\xba\
\x94G\x18\xe4\xf5>\x95\xd0Z\xd9\xc7i\x1e\xc4\xe4\xf7\
oZ}\xa5\x9cv\x91lA\x92z\xb7sR\x91T\
\xd8\x0c\xa0\x8c\xd2\x9a*F6\x9a\xc2\x9eE!\xa4\x04\
}i\x08\xa7\x11\x83Hi\x0ce!\xa7\x11Hh\x01\
\x87 c'\x1e\x99\xe2\x9aE<\x8ai\x14\x00\xcaC\
N\x22\x92\x90\x0d4\xd2)\xe6\x9aEH\xc8\xcd!\xa7\
\x91M4\x01\x9d\x7fm\x83\xe7 \xe3\xf8\x87\xf5\xaa5\
\xba\xc0\x11\x83\xc85\x95wl`~>\xe1\xe9H\xa3\
{\xc3z\xc7\x9a\xa2\xc2\xe1\xbeu\x1f\xbac\xfcC\xd2\
\xb7\xcdy\xd8%He%X\x1c\x82:\x83]\x96\x87\
\xab\x8dN\x02\xb2`\x5c\xc6>q\xfd\xe1\xea+\x8a\xbd\
+{\xc8i\x9a$Si\xd4\xd20k\x94\xa1)\xb4\
\xe3Hi\x0ci\xa4#\x22\x9dI@\x0c\xa44\xe3\xc5\
!\xa4\x02R0\xa5\xa2\x90\x86\x1a\xcc\xd4\xecw\x03q\
\x10\xf9\xbf\x8c\x0e\xfe\xf5\xa6E'CBv\x1av\xd4\
\xe6*\x9e\xa5`\xb7\xd0\xed\x18\x12/(\xdf\xd2\xb6\xf5\
;\x1f$\x99\xe2\x1f\xbb?x\x7ft\xd6y\x19\x15\xb4\
emQ\xae\x92G\x1b*21V\x05YN\x08=\
\xa9\xaa\xe5O\xb5t:\xb6\x9b\xf6\xa4\xf3\xa2\x1f\xbeQ\
\xc8\xfe\xf8\xff\x00\x1a\xe7H\xc5wS\xa9uta(\
\xdbFXR\x18dt\xa6\x91P\xa4\x866\xff\x00d\
\xd4\xe7\x04dWt&\xa4r\xce6ddS\x18w\
\xa9\x0d4\x8a\xd0\x82\x16\x1cSO5!\xa6\x11\x83L\
DX\xaa\x93]\xe0\xe2/\xfb\xea\x9f{/>Z\xff\
\x00\xc0\xaa\xa6\xd2\xc4*\xa9f'\x01@\xc9&\xad.\
\xa4\xc9\x91\xcaY\x8eY\x89\xfa\xd4DW_\xa6x\x1a\
IPI\xa9\xcc\xd0\xe4q\x0c|\xb0\xfa\x9a\x9a\xe3\xc0\
6\xad\x9f\xb3\xdfM\x19\xf4u\xddZ$b\xe6\x8e'\
\xcc\x90\x0c\x07a\xf8\xd0.\xe6^\xac\x1b\xea+z\xf3\
\xc1\x1a\xad\xb8-\x07\x95t\xa3\xfb\x8d\x86\xfc\x8d`\x5c\
\xdbMh\xfbn!\x92\x16\xf4u\xc5\x16\x1a\x97`k\
\xe9\x07H\xd7\xf3\xaaS\xc8\xf2\xbe\xe79?\xca\xa6l\
\x11\x90A\xfaS\x08\xa3\x94\xaeb\xbb\x0e*2*\xc1\
\x03\xd2\xa3*\x07j9G\xce\x88\x0d3nr;U\
\x86\x18\xa8\xdb\x8ej\x94{\x92\xe7\xd8\xcc\x93M\x90d\
\xab)\xf6\xab\xbaz\xb2\xda\xedpARF)\xf9\x07\
\xa1\xa5W*}\xa9J\x1d\x87\x1a\x96z\x92\x1eEF\
kWK\xf0\xee\xb1\xad\xa3I\xa6\xe9\xf3\x5c\xc6\xa7i\
q\x80\xa0\xfad\xd6}\xd5\xb4\xd6w\x12[\xdcD\xd0\
\xcd\x11\xda\xf1\xb0\xe5Mfn@x\xa6\xb0\xa7\xb54\
\x8c\x8a\xa4\x226\xa6\xb0\xc8\xa7\x9ei\xb4\xc0\x8c\xd3i\
\xe4`\xd3j\x90\x88\xc8\xe6\x9ai\xedM\x22\xa8\x08\xd8\
S\x1b\xa5Hi\x86\x9a$\x8c\xd2S\x88\xa6\x9a\xa4\x03\
\x18b\x9ajF\xa6U\x08X\xc6I>\x95{J\xb2\
\xfe\xd1\xd4\xad\xed\x7f\x85\xdb-\xfe\xe8\xe4\xd5(\x8fQ\
[>\x14\x99 \xd7`\xdf\x80\x1c2\x03\xeeG\x15\x95\
F\xd2g\xa3\x84I\xa8\xa6w\xa7\x1d\x86\x00\xe0\x0am\
;\x18\xe2\x90\xd7\x01\xef\x89H\xec\x11K\x9e\x80f\x96\
\xab\xea\x0f\xb6\xd8\xa8\xea\xe7\x15QWv\x19\x97\x92\xec\
I\xeaNMq\xda\xb5\xe7\xdb\xaf\xe4\x91O\xc8\xbf\x22\
}\x05t:\xe5\xe7\xd8\xec\x18)\xc4\x92\xfc\x8b\xed\xea\
k\x90r\x11\x09\xf4\x15\xde\x91\xe7b\xea}\x92\xbd\xe2\
\xc8\xbb\x0bG\x22\xa3gk\x15!_\xd7\x07\xa1\xaa\xa6\
\xba\xcdw\xe2.\xa9\xe2\x0f\x0a\xdaxn\xee\xd6\xc9-\
\xedYXM\x1aa\xd8\x0e\x83\xdb\xdf\x1dk\x945\xd5\
\x15d|\xf4\xe5\xcd&\xd9\x1bSM<\xf4\xa6\xd5\xa2\
\x06\x9ei\xb4\xeai\xaa\x10\x94\xd3N4\x86\x9a\x01\x8c\
9\xa6\x9c\x01\x93\xd2\x9e\xc3\x8a\xee\xfe\x0b\xe9z\x1e\xaf\
\xe2\xd6\xb6\xd6\xa0K\x87\xf2\x0b\xda\xc5/\xfa\xb7q\xd7\
>\xa4\x0e\x94\xa7>X\xb9\x04W3\xb1\xe7\xe7\x04d\
r)\xb5\xe8\x7f\x1bt\x8d\x17F\xf1lV\xfa=\xbc\
V\xcc\xd6\xe1\xeea\x8b\xee#\xf6\xc0\xecH\xe6\xbc\xf4\
\xd5S\x9f<T\x90\xa5\x1eWa\xb4\x86\x94\xd2\x1a\xd0\
CM4\xd3\xcfJi\xa6\x844\xd3i\xf4\xd3T\x02\
SOZu#S\x10\xc3Q\x5c\xff\x00\xa9o\xc3\xf9\
\xd4\xc6\xa1\xb9\xff\x00R\xdf\x87\xf3\xa2\x7f\x0b\x110\x1c\
\xd3\xa9\x05(\xa61ii\x05-H\xd0\xa2\x9c\xb4\x94\
\xe1I\x80\xa2\x96\x90R\x8aCB\xd3\x85 \xa7\x0a\x96\
\x03\x85(\xa4\xa5\x15#\x14u\xa7R/Jp\xa9\x1a\
\x16\x9c:SE8R\x01\xc3\x81J)\x05:\xa5\x82\
\x15i\xe3\xad4t\xa7\x8aC\x14S\x85 \xa5\x15,\
hp\xe9N\x14\x94\xe1R1E(\xe4\xd0)\xc89\
\xa41\xd4\xeaLS\xaa\x18\x91,+\xde\xa6\x0aX\x85\
\x1dO\x02\x9a\x83\x0a*\xfe\x93\x07\x9bpd#\xe5\x8f\
\x9f\xc6\x96\xe6rz\xdc\xb1ws\xf6\x18\xd2\xd6\x1f\xbe\
\x17\x96\xf4\xff\x00\xeb\xd4v\xfaT\xb3|\xf3\xb1\x8c\x1e\
q\xd5\x8d_[H\xc5\xd3\xdc\x9f\x99\xdb\x18\xcf\xf0\xd5\
\x81Ub.C\x0d\x9d\xbc\x1fr!\x9fS\xc9\xab\x19\
\x22\x92\x8e\xa6\x80\x1c)E%(\xa4\x02\x8aZAN\
\x14\x80\x08\x0c0\xc0\x11\xe8i\x91[C\x033F\x81\
Ku\xa7\x92\x10nb\x14z\x93T\xee5DL\xac\
\x03{\x7fx\xf4\x14\x99H\xb5=\xc2[G\xbd\xf9'\
\xee\xafsX\xcf#M#H\xe7,\xd4\x8e\xef+\x97\
\x91\x8b1\xeei\xc8\xb9\xe7\xb5e)\x17\x18\x8e\x8dy\
\xcdJ)\xaa*E\x1d\xeb&\xeetEY\x0e\x15*\
\x8c\x0ab\x0c\x9a\x94sR\xca\x1c\x83\x15\x22\x8ah\x15\
 \x15#\x1c\xa2\xa4Z`\x15\x22\x8a\x90\x1e\xa2\xa4Q\
MQOQHc\xd0d\xd4\xa0SPb\xa4QI\
\x80\xa2\xa5Q\x81LQ\xcdH\x05IC\xd4qOQ\
M\x14\xf1Hc\xd4sO\x02\x91F\x05=E \x1c\
\x05<\x0a@)\xea)\x0d\x0eQR(\xa6(\xa9@\
\xc0\xa4\xc0p\x14\xf1MQR(\xe6\xa4\x07(\xc5+\
\x85\xf2\xdb\x7f\xdd\xa5\x15J\xe2\x7f5\xb6\xaf\xdd\x1f\xad\
&\xc9\x9c\x94Q\x10\xc6N:U\xad;w\xdb#\xdb\
\xeas\xf4\xaa\xea\xa5\x88U\x04\xb1\xe0\x01\xde\xb6\xacl\
\x85\xaa\x12\xdc\xc8\xddO\xa7\xb5C<\xfa\x92IX\xb7\
N\x1cR-8\x0a\x93\x8c\x82M:\x09X\xb9\xdc\x18\
\xfb\xe6\xa3:O\xf7%\x1fB*\xf58\x0a.k\x1a\
\x92]L\xc3\xa6\xdc\x03\xc0V\xfa\x1ac[\xca\x9fz\
&\x1f\x85l\xa8\xa7\x8a.j\xab\xcb\xa9\x8a\x8e\xf1\x9f\
\x95\x99M]\xb3\xbdy%\x11HCg\xa1\xefWJ\
+\x8f\x99T\xfdE\x22A\x14m\xb9#U>\xa2\x9d\
\xc2U#%\xaa$\x02\x8a)E\x06\x01H\xdfu\xbe\
\x86\x96\x86\xfb\x8d\xf44\xc4a\x0a\xd8\xb1\xff\x00\x8fH\
\xff\x00\x1f\xe7Y\x0b\xd2\xb5\xec?\xe3\xd5?\x1f\xe7Z\
3\xa6\xbf\xc2X\xa9\xec\xbf\xe3\xe0}\x0dAS\xd9\xff\
\x00\xc7\xca~5\x12\xf8Y\xc8\xcd\x1aQIN\x15\xc8\
\x02\x81K@\xa2\x81\x00\xa5\xa2\x8ab\x16\x81@\xa5\xa6\
 ?u\xbe\x86\xb8\x9f\xf1\xae\xd9\xfe\xe3\x9f\xf6O\xf2\
\xae$t\xae\xac?Sz\x1b3OC_\xdfH}\
\x16\xb6\xc0\xac}\x04s)\xfaV\xc8\x15\xbc\xb7=Z\
?\x00\xa0R\xf5\xa2\x81A\xa0\x1a\xde\xb6\xd2m\xd25\
2/\x98\xc4rI\xac<V\x8d\xbe\xb1,Q\x84x\
\xc4\x98\xe0\x1c\xe2\xb4\xa6\xe2\x9e\xa4J\xfd\x06\xeavq\
\xda\xba4C\x0a\xf9\xe3\xd2\xa9\x8a\x9a\xee\xed\xef$\x0c\
\xc0(\x1c\x05\xf4\xa8\x85\x12\xb5\xf4\x1a\xdbQ@\xa5\xa0\
\x0aQ@\x00\xa7\x01H)\xd4\xc9\x01J(\x02\x96\x80\
\x0aP(\x02\x9dT \xa5\xa2\x94\x0a`\x00b\x92Y\
\x041<\x87\xa2)o\xc8S\x80\xaa\x1e \x9b\xec\xfa\
%\xec\x99\xc6\x22#?^?\xad4\x80\xf2I\x18\xc9\
+\xb9\xe4\xb3\x13H\x05\x00qN\x02\xbb\x0e\x92{\x14\
\xddw\x10\xf7\xcdm\xf5\xac\xad-su\x9f\xee\xa95\
\xac\x05sV\xf8\x8fc\x00\xadM\xbf1@\xa7\x01\x8a\
\x00\xc5(\x15\x89\xd6\xd8b\x9c\x05\x00R\xd5\x00R\xe2\
\x92\x9c\x074\x0a\xe5Iy\x95\xa9\x02\xd3\x98e\xd8\xfb\
\xd2\x81^\x94t\x8aG\x937y6\x00R\xe2\x8cS\
\x80\xaa 1KE(\x14\x08JP)B\xd3\xc0\xa6\
\x17\x1a\x16\x9c\x05.)qE\xc4\x18\xa5\x02\x94\x0aP\
)\x08@)qJ\x05(\x14\x08LR\xe2\x94-8\
\x0a\x00hZP\xb4\xecR\xe2\x81\x09\x8a1KK\x8a\
`&(\xa7b\x8cP\x02b\x8cS\xb1K\x8a\x00n\
*X\xa2\xcf\xcc\xdd;\x0aX\xa2\xdd\xc9\xfb\xbf\xce\xac\
b\xb0\xabR\xda#jT\xef\xef1\x98\xa5\xc5;\x14\
b\xb9\x8e\x9b\x8d\xc5\x18\xa7\xe2\xaa^Ly\x89?\xe0\
G\xfaS\x8cn\xecEJ\x8a\x11\xbb!\xba\x9f\xcd;\
\x10\xfc\x83\xf5\xaa\xf8\xa7\xed\xf6\xa3mt\xa4\x96\x88\xf2\
\xa777\xcc\xc6b\x9c\x91\xb4\x8e\x11\x15\x99\x8f@\x07\
&\xafiZ5\xce\xad6\xc8W\x08>\xfc\x87\xa2\xd7\
s\xa5\xe8\xb6\x9aJ\x01\x0afO\xe2\x91\xba\x9f\xf0\xa1\
\xb39M#\x96\xd3\xbc\x1bup\x03\xdd\xb8\xb7C\xfc\
8\xcb\x1f\xf0\xae\x8e\xcb\xc3\x9au\x8e\x0a[\x87q\xfc\
o\xc9\xadZ*nb\xe6\xd8\xd0\xbbF\x00\x00z\x0a\
)\xd4b\x82F\xd1N\xc5&)X.6\x8cS\xb6\
\xd2b\x80\x13\x14b\x96\x8a\x06'\x22\xab\xdc\xd8Z\xde\
)[\x8bx\xe4\x07\xd4\x7fZ\xb3I\x8a\x02\xe77}\
\xe0\x8b\x19\xc1kY\x1e\xdd\xbd>\xf2\xd77\xa9\xf8[\
S\xd3\x06\xf7\x84\xcb\x17\xfc\xf4\x8f\x91\xf9W\xa4\x11J\
]\x99B\x93\x90)\xdc\xb5Q\xa3\xc7\x88\xedHEz\
N\xa9\xe1\x8b\x0dL\x16\xd9\xe4\xcd\xff\x00=\x10\x7f1\
\xde\xb8\xbd[\xc3\xf7\x9aCfT\xdf\x16x\x91z\x1f\
\xaf\xa5;\x9a\xc6i\x99$R\x11O\x22\x90\x8a\x0b\x11\
\x1d\xa2p\xe8pEiA:\xdc&G\x0c:\x8fJ\
\xcd\x22\x969\x1a\x17\x0e\xbdG\xebQ8s\x1b\xd0\xae\
\xe9\xbf#T\x8a\xa94;\x1b\x8e\x87\xa5Z\x8eE\x99\
\x03\xafC\xdb\xd2\x87@\xeaT\xd6t\xe6\xe0\xcfNq\
S\x8d\xd1\x9eF)*fR\x09\x04t\xa8\xca\xd7i\
\xc5\xea6\x90\x8au%\x003\x14\x84S\xc8\xa6\xe2\x81\
\x8c\x22\x98EJE4\x8a\x0aL\x8c\x8ai\x15!\x14\
\xd2)\x8cf)1N\x22\x92\x90\x0d#4\xc2*B\
)\x08\xcd\x00G\x8ai\x14\xf2)\xa4S\x18\xd2*{\
o\xf5g\xebP\xd4\xf6\xbfu\xbe\xb5\x86'\xe0:p\
\xcf\xf7\x83\xc8\xa4\xa7\x91M\x22\xbc\xe3\xd2G?z\xbb\
n\xe5\x1f\xedT\x06\xaejK\xb6\xf1\xfd\xc0?\xa5T\
\x22\xbb\xa2\xef\x14|\xedej\x92^la\x15\xee~\
\x12\x9b\xcf\xf0\xd6\x9d'\xac#?\xadxi\xaff\xf8\
}'\x99\xe1;?\xf6w/\xe4k\x8f\x1e\xbd\xc4\xfc\
\xcc'\xb1\xd1QE\x15\xe5\x19\x89\xd2\x90\xd3\xb1M4\
\x80(\xa2\xa3\xb8\xb8\x8a\xd6\x07\x9eg\x09\x1a\x0c\xb14\
\xac\x04\x1a\x8d\xfc:e\xab\x5cLx\x1c*\x8e\xac}\
\x05pW\xd7\xb3j7-q9\xcb\x1e\x00\x1d\x14z\
\x0a\x9bU\xd4\xe5\xd5\xae\x8c\xcf\x95E\xe24\xfe\xe8\xff\
\x00\x1a\xa8\x91\xb4\x8e\x11\x01f<\x00+\xbe\x95.E\
w\xb8\x85\x86\x07\xb8\x94G\x18\xcb\x1a\xe8\xac\xec\x92\xca\
-\xab\xcb\x1f\xbc\xde\xb4XX-\x94X827\xde\
?\xd2\xac\x91Z\x00\xd3I\xd6\x94\xd2\x1a\x961\x84R\
S\xc8\xa6\x9aC\x12\x90\x8aZ*@c\x0aeHE\
1\x87z\x066\x90\x8au% \x18E4\x8ay\xa6\
\x91@\x0c\x22\x9ai\xe4SH\xa4\x02SH\xa7R\x1a\
Lc\x08\xa6\x9ay\x14\xd3H\x06\x11Q\xcb\x1a\xca\x85\
\x1b\xa1\xa9H\xa6\x9a\x06cM\x13B\xe5\x1b\xff\x00\xd7\
Koq-\xa4\xe9<-\xb6D<{\xfb\x1a\xd1\xba\
\xb7\x13\xa6:0\xe8k)\x94\xa9 \x8c\x11R\xd0\xce\
\xefO\xd4\x22\xd4\xedVx\xb8=\x1d{\xa9\xf4\xab\x06\
\xb8]7Q\x93K\xba\x13 \xdc\x87\x89\x13\xfb\xc3\xfc\
k\xb7\x82x\xae\xa1I\xa1`\xd1\xb8\xc85\xe7\xd6\xa5\
\xc8\xf4\xd8i\x8bM\xa7\x91M5\x89Ci\x0d8\xd2\
R\x18\xd3\xcd6\x9fM\x22\x90\x0d\xa2\x83E \x10\x8a\
i\xa2Y\xa2\x84~\xf2E_\xa9\xaaR\xea\xd0'\x08\
\xae\xe7\xf2\x14$\xd8$\xd9l\x80A\x04d\x1e\x08\xac\
;\xfb\x13h\xfb\x93&\x16<\x7f\xb2}*\xc4\x9a\xc4\
\xa7\xeeF\x8b\xf5\xe6\xabM\x7fs*\x95i\x06\xd3\xc1\
\x01ERM\x17\x14\xd3*\x11\x83X\xda\xce\x97\xe6n\
\xba\xb7_\x9b\xfeZ \xef\xee+h\x8amk\x098\
\xbb\xa2\xdaOs\x8a?0\xa5\x8a]\x9c\x1e\x95\xb3\xab\
i?z\xe6\xd9y\xea\xf1\x8f\xe6+\x0c\xf5\xf6\xae\xea\
u/\xacNi\xc7\xa3,\xf0y\x14\xd2*\x14\x93a\
\xc1\xe8js\xd2\xbb\xa1>es\x96Q\xb3\x22aQ\
\xb9\xda\xa5\xbd\x06jb2*\xbd\xc9\xc4\x0dZ\x22\x19\
\x9a\xd9bI\xeay\xae\xb7\xc1\x9aBG\x0f\xf6\xa4\xab\
\x99\x5c\x95\x87?\xc0\x07\x04\xfdMrRp\x0f\xd2\xbd\
/L\x8cE\xa6Z\x22\xf4\x11-m\x13\x0a\x8fB\xc5\
Y\xb0\xb2[\xb7b\xe4\x84N\xa0w\xaa\xd5=\x95\xd9\
\xb4\x97q\x19F\xe1\x87\xf5\xaaw\xb6\x861\xb5\xf5.\
\xcb\xa2\xc2\xdf\xea\xdd\xd0\xfeuJ\xe7E\x9d\xd0\xab\xac\
W\x09\xe8\xc3\xaf\xe7[\x89\x22\xca\x81\xd1\x83)\xe8E\
-b\xaaI\x1dN\x94Y\xe7\xf7\xfe\x0f\xd2'r&\
\xb0\xf2$=\xe3b\xbf\xa7J\xc8\x9f\xe1\xe5\x93\x1f\xdc\
\xdf\x5cG\xec\xca\x1a\xbdB\xf6\xdd.-\xd9Xr\x06\
A\xf45\xcc\x9e@5\xd1\x09)#\x9a\xa2p{\x9c\
K\xfc9\x97?&\xab\x19\x1e\xf1\x1ag\xfc+y\x89\
\xf9\xb5X\xc0\xf6\x88\xd7pi*\xec\x8c\xfd\xa4\x8e>\
/\x86\xf6\x83\xfd~\xa3;\xff\x00\xb8\x81kF\xd7\xc1\
Z\x15\xa9\x0cm\x0c\xec;\xcc\xe4\xfe\x95\xbdIN\xc8\
\x97&\xfa\x98\xda\xe7\x86l\xf5\x8d;\xec\xb1C\x15\xbc\
\xd1\xe4\xc0\xe8\xb8\xda\xde\x87\xd8\xd7\x95I\x1c\x90\xca\xf1\
J\x85$F*\xca{\x11^\xd8k\xce~!\xe9\xe2\
\xd7Y\x8e\xf1\x17\x0bv\x99l\x7f}x?\xa6(k\
\xa9T\xe5\xd0\xbb\xf0\xdf\xc6qxv\xea[=Fs\
\x1d\x84\xe3pc\xc8\x8d\xc7\xf8\xff\x00\x85e\xf8\xe3Z\
\xb5\xf1\x0f\x88\xee/\xec\x95\x84\x05V5f\x182`\
}\xecW;\xef\xe9Su\xac*nv\xd1z\x11\x9a\
m<\x8aa\x15(\xd5\x8c<\x1ai\xe0\xd3\xda\x9a\xd5\
B#a\xde\x98jB2)\x94\xd0\x86\x91\x91L5\
%F\xc3\x06\xa9\x00\xccSH\xa7\x9ai\x14\xc4F\xc2\
\x98jCL5HC)\x86\xa4\xa60\xaa\x10\x80\xed\
l\xd4\xa1\x88!\x95\x8a\xb0 \x82;\x1a\x84\xd3\x91\xb1\
\xc1\xe9JH\xe8\xa1S\x95\xd9\x9e\x8d\xa1j\xeb\xacY\
\x09\x0e\x05\xc4\x7f,\xcb\xef\xd8\xfd\x0dh\x1a\xf3]?\
P\x9fK\xbb[\xabr7\xaf\x05OG\x1e\x86\xbd\x03\
L\xd4\xed\xb5ko\xb4[7N\x1e3\xf7\xa3>\x86\
\xb8\xaaS\xe5\xd5l{\xf4+s\xab=\xcb5\x9f\xa8\
\xbe\xe9\x961\xfc#\xf55\xa3\xde\xb9\x7f\x10j?f\
\xb7\x91\xd4\xe2Y\x89D\xf6\x1d\xcf\xe5N\x8a\xbc\xaeo\
9(\xab\xb3\x9d\xd6\xaf~\xdb~\xc5Nb\x8f\xe4O\
\xea\x7f:\xc8\xba~B\x0f\xa9\xab\x0cB.{\x0a\xa2\
\xe4\xb3\x13\xeb]\xd0G\xcfb\xaa\xb7\xea\xc6\x1aa\xa7\
\x91M5\xd0\x8f=\x8d5\x19\xa9\x0d0\x8ei\xa1\x0d\
4\xd6\xa7\x1aN\xd5HC\x0d!\xe6\x9dIM\x00\xde\
\xb4\xd5fF\x0c\xac\xca\xc3\xa1S\x82?\x1awzc\
\x0ej\x84\x0e\xec\xee]\xdd\x9d\x8fVc\x92\x7f\x13Q\
\xb0\xa7\xd25R\x10\xc3IKIL\x04\xa6\x9aq\xa6\
\x9a\xa1\x0d\xa6\x9aq\xa44\xc0m\x07\xa5\x14U\x09\x8c\
\xa8n\x7f\xd4\xb7\xe1\xfc\xeas\xd6\xa1\xba\xff\x00R\xdf\
\x87\xf3\xa5?\x85\x810\xa7\x0aJZ`(\xa5\xa4\x14\
\xa2\x90\xc5\x14\xeaAKR\xc0u(\xa6\xd3\xa91\x8a\
)\xe2\x9a\xa2\x9c*X!ii)\xc3\xadK\x18\xe1\
\xd2\x94RS\xa91\x8a\xb4\xe1M\x1d)\xc2\x90\x0a:\
\xd3\xa9\x07\x14\xe1\xd6\xa5\x8d\x0e\x14\xf1M\x14\xe1R\x02\
\xd3\x85 \xa7\x01R1i\xc2\x90u\xa7\x0a\x91\xa1i\
\xea8\xa6T\xa3\xa5&6(\xa7(\xe6\x9a)\xeb\xd2\
\xa4\x11:\x10TT\xf0]MnO\x94\xf8\x07\xa8\xea\
\x0dTBW\xa5H\xaf\x93\xcd\x22\x1c\x0d4\xd6&\x03\
\xe7\x8d\x1b\xf4\xa9\x97Y_\xe2\x81\xbf\x06\xac\x90\xc0\xf7\
\xa7\xe6\x8b\xb29M\x85\xd5\xed\xcfU\x91\x7f\x0c\xd3\xd7\
S\xb5\xfe\xfb\x7f\xdf5\x8a:S\x85.f\x1c\xa6\xd7\
\xf6\xa5\xaf\xf7\x98\xff\x00\xc0i\x0e\xadn:,\x8d\xf8\
b\xb1\xd6\x9c:\xd2\xe6c\xb1\xa6\xda\xc0\xfe\x08\x0f\xfc\
\x09\xaa\x17\xd5.\x1c|\xa5P{\x0a\xa9K\x83J\xe3\
Q\x1e\xce\xf2\x9d\xd21c\xeeh\x03\x9a\x02\x9a\x91\x14\
\x01\x9a\x86\xcd\x14\x18\x8a\x99<\xd4\xd8\xa6\xad=Ef\
\xdd\xcd\x12\xb0\xa2\xa4Q\xc55G5 \x15%\xa1\xe8\
*E\x14\xd08\xa9\x14T\xb0\x1c\xb5 \xa6\xa8\xa7\xa8\
\xa9\x18\xf5\x15\x22\x8ab\xd4\xaa)\x0cp\xa9\x14sL\
QR\xa0\xa4\x03\xc7J\x90SV\x9e\xa3&\xa5\x8d\x0f\
AR(\xefL\x02\xa4\x02\xa5\x8cr\xd4\x8a2i\x8a\
8\xa9TR\x18\xe1R(\xa6-H\xb4\x80p\xa7\xad\
4T\x8a(\x18\xf5\x14\xf1MQOQR\x03\xc0\xa9\
\x14S\x00\xe6\xa0\xba\xb9\xc7\xee\xd0\xfdMI2\x92\x8a\
\xbb\x0b\x9b\x8d\xc7b\x1e;\x9fZ\x85FN\x00\xc9=\
\x00\xa6\x8e\x05li\xb6^J\x89\xa4\x1f\xbc=\x01\xfe\
\x1a\x96\xce*\xb5m\xef2K\x1b/\xb3\x0d\xef\xcc\xa7\
\xff\x00\x1d\x1e\x95r\x91i\xcb\xd6\xa0\xe1m\xc9\xdd\x8e\
\x1c\x0az\x8ah\xebO\x14\x00\xa2\x9dH\x059i\x14\
:\x9dH)\xc2\x81\x8b@\xa2\x94S\x00\xa5\xa4\x14\xb4\
\xc4\x147\xdco\xa1\xa5\x140%\x1c\x01\x9f\x94\xd5\x08\
\xc2\x1d1[\x16\x1f\xf1\xe9\x1f\xe3\xfc\xeb\x1ct\xad\x9b\
!\x8bH\xbe\x95l\xe8\xaf\xb18\xa9!\x7f.E\x7f\
CQ\x81KJ\xd79\x0d|S\x80\xa8md\xf3!\
Rz\xaf\x06\xa7\x15\xc6\xd5\x9d\x80(\x14R\xd0 \xa5\
\xa4\xa5\x14!\x058RR\x8a\xa1\x0d\x98\xe2\x19\x0f\xfb\
\x07\xf9W\x12\xbd+\xb3\xbcm\xb6\x93\x9fD5\xc6\xaf\
A]xm\x99\xd3\x87\xd9\x9b:\x00\xf9&>\xe2\xb6\
\x07\x02\xb2\xf4\x15\xff\x00G\x90\xfa\xb5jV\xafs\xd4\
\xa5\xf0\xa2[U\x89\xae#Y\x8e#'\x9a\xd1\xd5n\
-\xda\x15\x86-\x8c\xc0\xff\x00\x0f\xf0\xd6V3J\x05\
R\x95\x95\x8akQE-\x02\x96\x81\x8a\x05(\x14\x0a\
u1\x05(\xa4\x02\x9dLAN\x14\x94\xe1LAJ\
)1N\x15@\x02\x96\x8aP)\x88P1J\x05\x02\
\x96\x98\x83\x15\x83\xe3\x89|\xbf\x0fL\xbd<\xc6U\xfd\
s\xfd+\xa0\x15\xc9\xfcE\x97n\x9bo\x16~\xfc\xb9\
\xfc\x87\xff\x00^\xae\x0bT8\xeey\xf8\x14\xe0)\x00\
\xa7\x01]'I\x7fH_\x9aV\xf4\x00V\xa0\x18\xaa\
:Bb\x17oV\xab\xf5\xc9Q\xdeL\xf6\xf0\x8a\xd4\
\x90\x0ap\x14\x01KPt\x05-\x14\xa0S%\xb0\x02\
\x9e\x06(\x03\x147\x0aO\xb5\x09]\xd8\x96\xfa\x94\xc0\
\xcd8P\x058\x0cW\xaay\x22\x01\x8aZ)@\xa4\
 \x02\x9c\x17\xd6\x94-8\x0ab\xb8\x80S\xb1@\x14\
\xecR\x01\x00\xa5\x02\x97\x14\xb4\x081@\x14\xa0S\x80\
\xa0B\x05\xa7\x01J\x05.(\xb0\x84\x02\x96\x96\x8cS\
\x00\xa3\x14\xecR\x81@\x0d\x02\x97\x14\xecR\xe2\x81\x5c\
n)qN\xdbK\x8a\x05q\xb8\xa7\xc7\x11s\xec:\
\xd3\x91\x0b\xb6\x07\xe3V\x02\xe0`t\x15\x95J\x9c\xba\
-\xcdi\xc3\x9bW\xb0\x81p08\x14b\x9d\x8a\x5c\
W!\xd5q\xb8\xa3\x14\xec\x0a\x19\x82)c\xd0Qa\
6Aq7\x92\x9c}\xe3\xd3\xda\xa8b\xa4\x91\xcc\xae\
]\xbb\xfe\x94\x98\xae\x88\xc6\xc8\xf3+Us\x95\xfa\x0c\
\xc5hh\xfa4\xda\xb5\xc6\xc5\xca\xc4\xbf}\xfd?\xfa\
\xf5\x1e\x9d\xa7K\xa9]-\xbcC\xaf,\xdd\x94z\xd7\
\xa0X\xd8\xc3\xa7\xdb%\xbc+\x85^\xfd\xc9\xf55L\
\xe7\x9c\xec-\xa5\xa460,\x10 D_\xd7\xde\xa6\
\xa5\xc5\x18\xa4`%\x14\xb8\xa3\x14\xac\x02QK\x8aL\
P\x02b\x8cR\xe2\x8a\x00LRS\xa8\xa0\x06\xe2\x93\
\x14\xecQ\x8a\x00n)1N\xa3\x14\x0cm\x14\xb8\xa3\
\x14\x00\xd3Mx\xd6E(\xea\x19X`\x822\x0d?\
\x14R\x03\x8c\xf1\x17\x84\x84*\xd7zz\x92\x83\x97\x87\
\xd3\xdcW&V\xbdz\xb8o\x16\xe8\x22\xc6o\xb6[\
\xaf\xee$?0\x1f\xc0\xdf\xe0i\xa3hO\xa39\x82\
)\x08\xa9\x08\xa6\x91L\xd4}\xac\xfeD\x9c\xfd\xc6\xe0\
\xff\x00\x8dib\xb2H\xab\xd6R\xf9\x91\xeco\xbc\x9f\
\xa8\xac\xaa\xc7\xa9\xdf\x83\xab\xaf#\x1d<y\x1b\x87Q\
\xd6\xab\x91W\xb1Ue\x8fc`t=*\xe8O\xec\
\xb3j\xf0\xb7\xbc\x88\x0a\xd3H\xa9qM\x22\xbaN{\
\x91\xd0FiH\xa4\xa41\xa4SH\xa9)\xa4P1\
\x84S\x08\xa9H\xa6\x91@\xd3\x22\x22\x9aEHE4\
\x8ae\x0c4\x84S\x8d&)\x00\xd23L\x22\xa4\x22\
\x9aE\x03#\x22\xa6\xb5\xe8\xdf\x85FEKm\xfc\x7f\
\x85e_\xf8l\xdf\x0e\xff\x00x\x89H\xa4\x22\x9fM\
\x22\xbc\xe3\xd31\xb5e\xc5\xc8oU\x15D\x8a\xd3\xd6\
\x17\xf7\x91\x1f\xf6H\xac\xd2+\xb2\x9f\xc2\x8f\x07\x14\xad\
ZDdW\xad\xfc0\x93\x7f\x86\x02\x7frg\xfdM\
y1\x15\xea\x1f\x0ad\xdd\xa3\xdd\xc7\x9f\xb90\xfdE\
s\xe3W\xee\x8eY\xecv\xd4\x94\xb4b\xbcs!(\
#4QHbW\x13\xe2-g\xfbJ\x7f\x22\x16\xff\
\x00F\x88\xf1\xff\x00M\x1b\xd6\xb5|U\xacy(t\
\xf8\x1b\x128\xfd\xeb\x0f\xe1_O\xc6\xb9,c\xa5v\
P\xa5oy\x92\xd8u8\x15\xd0iZw\xd9S\xcd\
\x90~\xf5\xbf\xf1\xd1U\xf4m;v.\xa5\x1c\x7f\x00\
?\xce\xb6k\xa1\x80\xc3A\xa7\x1amH\xc6\x91M\xa7\
\x9ai\x14\x864\x8ai\x14\xfai\xa9\x040\xd1KI\
I\x8cCM\x22\x9fM\x22\x90\x11\xd2\x1ay\xa6\xd2\x18\
\xd2)\xa6\x9fM4\x00\xd3\xcd2\xa44\xd2(\x19\x19\
\x18\xa4\xa7\x91\x9am!\x0d4\xd2)\xe6\x9ai\x0ca\
\xa6\x9ay\x14\xc3H\x06\x9a\xa9ym\xe6\x0f1\x07\xcc\
:\x8fZ\xb8i\x0d!\x98u\xa5\xa1\xeb\x07L\x9b\xcb\
\x94\x93m!\xf9\xbf\xd8>\xa2\xa1\xbd\xb6\xda|\xd4\x1f\
)\xea=*\x91\x15\x12\x8aj\xccg\xa2d2\x82\x08\
 \x8c\x82;\xd2W5\xe1\xcdg\xc9e\xb1\xb9\x7f\xdd\
\xb7\x111\xfe\x13\xe8k\xa5#\x06\xbc\xe9\xc1\xc1\xd9\x94\
\x98\xdaCN4\x86\xb3(i\xa4<\xd3\x89\x0a\x09'\
\x00u&\xb2\xae\xb5\x06\x97)\x11*\x9e\xbd\xda\x8b\x5c\
i\x5c\xb3q}\x0c\x19\x5c\xef\x7f\xee\x8a\xcd\x9bP\x9e\
^\x03yk\xe8\xbf\xe3L\x8e\x19&lD\x85\xbf\x95\
ZM%\xcf2H\x17\xd9Fj\xac\x91vKs<\
\x8c\x9c\x9eM1\xf8\xe6\xb6\xd3L\xb6^\xaa\x5c\xff\x00\
\xb4jAk\x02\x8f\x96\x14\x1f\x85.t.ts\xa4\
\x8ai\x22\xba_-\x07H\xd7\xf2\xa3j\xff\x00u\x7f\
*9\xc3\x9c\xe63M$\x0e\xf5\xd4\x15_\xee\xaf\xe5\
Mh\xd1\xba\xa2\x1f\xc2\x978s\x9c\xbbpr+\x13\
Y\xd2\xd5Q\xae\xe1\xc2\xe3\x99\x13\xb7\xd4WO\xad\xb6\
\x99\xa6\x8d\xd2\xcec\x90\xf4\x85>b\x7f\x0e\xd5\xc6j\
\x1a\x94\xb7\xe7\x04l\x88\x1c\x84\xcf\xf3\xae\x8a\x0aM\xf3\
-\x85)E\xa2\x81\xe4T\xb09`T\xf6\xa8\xf0I\
\xc0\xa9\xd2=\x83\xdc\xf5\xafJ\x8aw9jZ\xc2\x11\
U\xee\x970\xb7\xe7VZ\x98\xeb\xb9H=\xeb\xa9\x18\
3\x22A\x95?J\xf4M\x06\xe0]h\xb6r\x03\xd1\
6\x1f\xa88\xaf=e*J\x9e\xa3\x8a\xe8|\x19\xaa\
\xac\x13>\x9b3\x05YN\xe8\x89\xe8\x1b\xb8\xfckd\
\xcey\xab\xa3\xae\xa0\xd4WI>\x03\xdb\xb7\xef\x13\xf8\
\x0fG\x1e\x86\xa3\xb6\xd4`\xb9\xf9s\xe5J8(\xfd\
\x8djab\xd4S\xcbn\xd9\x89\xca\xe7\xb7cW#\
\xd6\xa4_\xf5\x91+{\x83\x8a\xa0\xc0\x81M\xa4\xe2\x9e\
\xe3S\x94ve\xdb\xbdZK\x88\xcch\x9eZ\x9e\xa7\
95\x9cG\x14\xfamTR[\x13)9j\xc6P\
iO^)\x92\xc8\x90\x8d\xd2\xba\xa0\xf5c\x8a\xa2\x05\
\xa6H\xcb\x1a\x97vUQ\xd4\xb1\xc5g\xddk\xd0D\
\x08\x81L\xcd\xeb\xd1Ea\xdd]Mx\xfb\xe6r\xc7\
\xb0\xec>\x82\xadDV:!\xa9\xd93\xec\x17)\xbb\
\xf4\xfc\xeb\x99\xf8\x95\x18:u\x83\xf7Y\x98~b\x98\
@#\x91Y\xbe2\xbd/\xa7\xe9Vl\xd9e\xdf)\
\xfag\x03\xfa\xd1%dT\x17\xbcr\xb5.0\x05D\
\x06H\x1e\xb5;\x0a\xe7\xa8\xfa\x1d\xb4V\xe4l)\x86\
\xa4=)\x86\xb36\x19\xda\x9ai\xe6\x98z\xd5!\x0c\
\xa60\xc1\xa9\x0fZc\x8ah\x06\x1e\xb4\xd6\x1d\xe9\xc6\
\x90\xf2*\x90\x88\xc8\xa6\x9a}2\xa8La\xa6\x1e\xb4\
\xf29\xa65R\x10\xc3H\xd4\xe3M=*\x80e4\
\xd3\x8d!\xa6!c\x93\xb3U\xab;\xdb\x8d>\xe0\x5c\
Z\xcac\x90w\xecG\xa1\x1d\xc5Qn\xb5\xd1xC\
\xc3\x07\xc5\xab{imy\x1cz\x9c!^\xde\xdaN\
\x05\xc2\xff\x00\x10\x07\xd4T\xca'M\x1a\xfc\xbaH\xd4\
\x8b\xc6\xd6\xd2[0\xb9\x82Hg\xc6\x00O\x99X\xfb\
zW/\xa8\xdf>\xa3q\xe6\xb0\xda\xa0mD\xfe\xe8\
\xa4\xbf\xb1\xba\xd3n\xa4\xb4\xbc\x81\xe0\xb8\x88\xe1\xe3q\
\x82\xa6\xa9K.\x06\x14\xf3\xfc\xaa!M-\x8e\xea\xb8\
\x998\xfb\xcfB;\x87\xcf\xca;Us\xd2\x9dI]\
1V\xd0\xf2'''v0\xd3M8\xf5\xa4aV\
\x88\x18i\x8c)\xe6\x9ai\x88eY\xd3t\x9dCZ\
\xba\xfb.\x9be=\xe4\xfbKyp\xaeN\x07z\xad\
]W\xc3\xaf\x1d\x9f\x00\xea\xb77mfo \xb9\x88\
F\xf1\xab\xed`FJ\x90~\xa7\x9arm'\xcb\xb8\
\xd2W\xd4\xe4\x9d\x19\x19\x91\xd4\xab)*\xcaF\x08#\
\xa8\xa6\x9a\xb9\xab\xea2\xeb\x1a\xa5\xde\xa5p\xa8\x92\xdd\
JeuA\x85\x04\xf6\x15L\xd5\x22D=i\xafN\
4\xd3\xc8\xaa\x10\xcaCKEP\x11\xd2S\x8fZi\
\xaaBB\x1aCJi\x0dR\x01\xa6\x92\x94\xd2S\x10\
\xd3IJi)\xa0\x1aj\x1b\xaf\xf5\x0d\xf8\x7f:\x9c\
\xd4\x17_\xea\x1b\xf0\xfetO\xe1b'\xa5\xa4\x14\xa2\
\x98\x0bK\xd0RS\x94\x95`\xcap\xcaA\x07\xdcT\
\x8c\xb5q\xa7^\xd9E\x0c\xb7Vw\x16\xf1\xce\x09\x89\
\xe5\x8c\xa8\x90\x0fL\xf5\xa8\x05w\x9e?\xf8\xc3\xaa|\
C\xd0\xf4\xed\x22\xfbN\xb5\xb6K&\x0ee\x8d\x89i\
\x18.\xdc\xe3\x1f(\xef\x81\x5c\x18\xa8M\xbd\xc0Q\xd6\
\x94R\x0ap\xa6\xc6(\xa7\x8ah\xa7T\x0cQNZ\
h\xa7/J@8R\x8aAJ)\x0cu8\x0ah\
\xe6\x9c*X\x0e\x14\xe5\xa6\xd3\xc0\xe2\xa5\x8cQO\x14\
\xd1N\xa4\xc0QO\x14\xd1N\xa8e\x0eZQH)\
\xc2\x90\xc5Q\x93R\x0aj\x0ax\xa9b\x16\x9dM\x1d\
i\xe3\xadIC\x87Jp\xa6\xd3\x85 \x1c)\xc2\x90\
S\x96\x90\xd0\xeax\xa6\x8e\xb4\xf1P1\xc0qNZ\
AN\x1d)1\xd8Q\xd6\x9e94\xd5\xa7\xadK\x01\
j@0)\x8a2i\xf5,c\x87Jx\xe9M\xa7\
\x0a\x91\x8fAR \xa6(\xa9TP\xc6<T\x8a)\
\x8a*E\xa8`\x87\x81R(\xa6\x0a\x91E!\x8fQ\
R\x01LZ\x91EK\x18\xf1R\xa8\xc0\xa8\xd4d\xd4\
\xa2\x93\x01\xea*D\x1d\xe9\x95\x22\x8e*F=G4\
\xf0)\xab\xd2\x9e\xa2\x90\xc7\x8a\x90\x0ab\x8a\x90R\x18\
\xf5\x14\xf0)\xa0S\xc5 \x1c\xa2\xa4QMQR(\
\xa1\x8cx\xa7\xa8\xa6\x0a\xafqu\x9f\x923\xf55\x0d\
\x93)(\xab\xb2K\x8b\x9d\xa0\xa4g\x9e\xe7\xd2\xab(\
\xe74\xd1ZZv\x9d\xe6\x01,\xc3\xe4\xea\x17\xfb\xdf\
\xfdj\x96\xce*\x95~\xd4\x894\xdb-\xc4O(\xf9\
G\xdcS\xdf\xde\xb5z\xd3E8\x0a\x83\x82Srw\
c\x87\x14\xe1\xd2\x90\x0c\x9au C\x94S\xc54\x0a\
p\x14\x14\x87\x0ax\xa6\xa8\xa7\x01Hc\x87\x14\xb4\x0a\
Z\x06\x02\x96\x81EP\x85\x14QJ\xaa]\x82\xa8\xc9\
=\xa9\x88U\x05\x88\x00d\x9e\x82\xad\xcd\x08\xb6\xb0\x9c\
\x9e\x5c\xa1\xc9\xa9m\xad\x84\x03'\x97=O\xa5G\xab\
6\xdd2\x7fq\x8f\xd6\xb1s\xe6i-\x87\x1dZ9\
Q\xc0\xad\xbbQ\x8bx\x87\xfb5\x88zV\xf4C\x11\
\xa0\xf6\x15\xd4\xcd\xb1\x0fD<R\xd1E\x08\xe4'\xb3\
\x9b\xca\x93\x0d\xf7[\x83\xedZU\x8fW\xad.C\x01\
\x1b\x9f\x98t>\xb5\x8dZ\x7fi\x01hR\xd1\xd2\x8a\
\xc0B\xd1@\xa5\xa6\x02\x8aSH(\xa6\x22\xb6\xa6\xdb\
t\xeb\x83\xfe\xc6+\x92\x1d+\xa9\xd6\xdbn\x977\xbe\
\x07\xeb\x5c\xb8\x15\xd9\x87^\xe9\xd3C\xe17\xf4E\xc5\
\x96}X\xd6\x8dQ\xd1\xbf\xe3\xc1>\xa6\xaf\x0a\xd7\xa9\
\xea\xd3\xf8P\xb4\xa0P)E\x05\x0bJ\x05 \xa7\x01\
T\x02\x8aZ)@\xa6H\xbd)E\x02\x96\x98\x80R\
\xd1KL\x05\x14\xb4\x80S\x80\xa6 \x02\x96\x8aP)\
\x80\xa0R\xe2\x8aZ\xa1\x05q\x1f\x11\xe5\xcc\xb61g\
\xa0f\xc7\xd7\x1f\xe1]\xc0\x15\xe7\x9f\x10e\xdf\xac\xc6\
\x9f\xdc\x88~\xa4\xd5\xd3\xdc\xaa\x7f\x11\xcc\x01NQH\
\x06i\xfd\x05t\x9b\x9a\xfaj\xe2\xd1O\xa9&\xad\x01\
QY\xae\xdbh\xc7\xb6jz\xe2\x96\xec\xf7\xe8\xabS\
\x8a\xf2\x0a(\x14\xa2\x91\xa3\x14\x0ax\x14\x80S\x80\xa0\
\x86\xc0Q/\x1158\x0al\xff\x00\xea\x8f\xd6\xae\x9a\
\xf7\x91\x9dG\xee\xb2\xb0\x18\xa2\x8aP+\xd1<\xc0\x02\
\x9e\x05\x00S\xb1L@\x058\x0a\x00\xa5\x02\x90\x80\x0a\
ZZP(\x10\x80S\x82\xd2\x81N\x02\x80\x10\x0av\
(\xa5\xc51\x05\x00R\x81N\x02\x80\x10\x0aP)q\
J\x05\x02\xb8\x80S\xb1K\x8aP(\x10\x98\xa5\x02\x97\
\x14\xb8\xa4!1J\x14\x93\x81\xc9\xa5\xc5X\x8a=\xa3\
'\xa9\xa9\x9c\xb9U\xcb\x84y\x9d\x81\x10 \xc0\xfci\
\xd8\xa5\xc5.+\x91\xbb\xea\xce\xb5\xa2\xb2\x13\x14b\x97\
\x14\xb8\xa4\x17\x1b\x8a\xa9y&\xe6\xf2\xc7A\xd7\xebV\
\xa5\x90D\x85\xbb\xf6\x1e\xf5\x9f\x82NO$\xd6\x94\xe3\
\xd4\xe4\xc4\xd4\xb2\xe5CqJ\xa8]\x82\xa8\xdc\xc4\xe0\
\x01\xde\x97i\xae\x93\xc2ZO\x99)\xbe\x95~T\xe2\
1\xea{\x9a\xd8\xe1r\xb2\xb9\xb3\xa1\xe9+\xa5Z\x05\
 \x19\x9f\x99\x1b\xfaV\x8d;\x14b\x91\xce\xdd\xc6\xd1\
N\xc5\x18\xa0Ch\xa7b\x93\x14\x80LQ\x8a\x5cQ\
\x8a\x00LQ\x8a\x5cQ@\x0d\xa3\x14\xb4P\x03qF\
)\xd8\xa3\x14Xci1N\xc5\x18\xa4\x03h\xc5.\
(\xc5\x007\x14\x94\xea\x0d\x03\x19Q\xdc[\xc7u\x03\
\xc12\xee\x8d\xc6\x18T\xd8\xa4\xc5\x01s\xcb\xf5m2\
M*\xf5\xed\xdf\x909F\xfe\xf2\xd5\x12+\xd1|Q\
\xa4\x7fi\xd8\x17\x8ds<?2{\x8e\xe2\xbc\xf0\x8a\
\xa5\xa9\xd1\x09]\x11\x91N\x86O&U~\xc3\xaf\xd2\
\x94\x8ai\x14\x9a4\x8c\x9awF\xa9\x1f\x88\xa8\xe5M\
\xe9\xee9\x14\x96o\xbe\x00\x0fU\xe0\xd4\xa4W6\xb1\
g\xb5\x16\xa7\x1b\xf7(\x91M\xc5O2m\x7fcQ\
\x11]\xd1wWG\x13VvddSH\xc5I\x8a\
B?*\xa1\x11QN#\x14\xdaC\x1aE4\x8a\x92\
\x9aE1\x8c\x22\x98EHE4\x8aCL\x8c\x8ai\
\x14\xf2)\xa6\x99Ci)\xd4\x84R\x01\x84T\x96\xbd\
^\x99R[\x0c3}+*\xdf\x036\xa0\xff\x00x\
\x89i\x08\xa7\x1aC^q\xea#7X_\x96&\xf7\
\x22\xb2\xc8\xad}\x5cf\x04>\x8dY&\xba\xe9|'\
\x89\x8dV\xac\xfeDdW\xa2|%\x7f\xdd\xeaQ\xfb\
\xa3\x7f1^zEn\xf8B\xf2\xe2\xca\xeef\xb7\x95\
\xa2}\xa3\x91\xdf\xebS\x88\x87=6\x8e9\xec{=\
%s6>1#\x09}\x06\x7f\xe9\xa4\x7f\xd4V\xf5\
\xa6\xa3i~\xb9\xb6\xb8I=\xb3\x83\xf9W\x8d:R\
\x8e\xe8\xc6\xe4\xf5OW\xd4\x93J\xb2{\x83\xcb\x9f\x96\
5\xfe\xf3U\xdcc\xaf\x15\xc1\xeb\xfa\x9f\xf6\x9d\xf3\x14\
?\xb8\x8b\xe5\x8f\xdf\xd4\xd3\xa3O\x9e^@\xd9\x9d$\
\x8f4\x8d$\x8cY\xdc\xe5\x89\xeej\xd6\x99bog\
\xc3\x03\xe5\xa7,\x7f\xa5UDi$TA\x96c\x80\
+\xab\xb2\xb4[;u\x89z\xf5c\xeak\xbcD\xa0\
\x05\x00\x01\x808\xc5!\x14\xe3IH\x06RS\x88\xc5\
!\xa41\xa6\x92\x9ci\xa6\xa4cM!\x19\xa7\x11M\
\xa4\xc60\x8aJs\x0aCHch4\xa6\x92\xa4\x06\
\x91L5!\xa6\x11\x8aC\x1ai\xa6\x9ei\xa6\x80\x19\
Hi\xc6\x90\xd02:B)\xe4Sz\xd2\x01\xb4\xd3\
N\xa44\x98\x0c\x22\x9ai\xe4SH\xa4\x03)\x0d)\
\xa44\x0ci\x19\x04\x1eGz\xcb\xbb\xb6\xf2\x1b#\xee\
\x1e\x9e\xd5\xabM\x91\x16E*\xc3 \xd2`a\x91\x9e\
\x0du^\x1e\xd6~\xd6\x82\xce\xe1\xbf~\x83\xe4c\xff\
\x00-\x07\xf8\x8a\xe6\xae!h\x1c\xa9\xe9\xd8\xfa\xd4j\
\xcc\x8c\xae\x8cU\x94\xe5Xu\x06\xb2\x9c\x14\xd5\x98\xcf\
C\xa6\x9e*\x86\x8b\xab.\xa9\x06\x1f\x0bq\x18\xf9\xd7\
\xd7\xdcV\x81\xaf:Qqve\xa2\x8e\xa6\x5c\xa4q\
\xa8'y\xe4\x0e\xf8\xa8\xe0\xd3\x07\x0d?'\xfb\x83\xfa\
\xd6\x8d%+\xe9b\xaf\xd0f\xd0\xab\xb5@P;\x0a\
Jq\xa6\x9a\x91\x09E\x14\x8cB.\xe6!@\xeeN\
)\x09\x88i\xa6\xb3/\xbcM\xa7ZeVCq \
\xfe\x18\xc7\xf5\xaev\xff\x00\xc5W\xf7`\xa4$Z\xc6\
{',\x7f\x1a\xd64' \xb9\xd4\xea\x1a\xad\x9e\x98\
\xa4\xddN\xaa\xdd\x90r\xc7\xf0\xaeWS\xf1\x85\xd5\xc8\
1\xd9/\xd9c<o<\xb9\xff\x00\x0a\xc4l\x96,\
\xc4\xb3\x1e\xa4\x9c\x93La\xcduC\x0f\x18\xef\xa8\x88\
\xdb,\xcc\xccK1\xe4\xb19&\x99\xb0\xb3`\x0a\xb0\
 '\x96\xe0S\xf6\x85\x18\x03\x15\xd9\x0aM\xeee)\
\xa5\xb1\x0a\xc4#\xf7>\xb4\x11\xc5HG\x14\xc3])\
%\xa21n\xec\x8c\xd3M<\xf0i\xadTIB\xf6\
<\x11 \x1dx5M\xc7=\xc7\xbdj\xcb\x18\x91J\
\x9e\x86\xb2\xddJ\x12\x8d\xf7\x96\xad2Z\xea\x8e\xa3E\
\xf1\x82\xedKmP\x90G\x0bs\x8e\xbf\xef\x0f\xeb[\
\xb7\x9a|:\x82\x09Q\x941\x1f,\x8b\xc8a^n\
EZ\xd3u\x9b\xed!\xbf\xd1f!\x0fX\x9b\x95?\
\x87j\xd5J\xc6\x12\x87c\xa9\x90\xdf\xe9\xc7k<\x88\
\xbd\x889SH\xba\xd5\xe2\xf5d\x7f\xaa\xd2X\xf8\xde\
\xc6\xe1|\xbb\xf8\x9a\xd5\x8fS\xf7\xd0\xff\x00\x85h\x0b\
\x1d7Q\x1ee\xb3\xa3g\x9c\xc4\xff\x00\xd2\xb4RL\
\xc5\xa6\xb7(\x9dv\xe7\xfey\xc5\xf9S\x1f\x5c\xbb=\
\x04K\xff\x00\x01\xab\x13x~E\xe6)\x81\xf6u\xc5\
R\x9bJ\xbc\x8cs\x0e\xe0;\xa9\xcdZ\xb0\x88\xe6\xd4\
\xefe\x1c\xdc0\x1e\x8a1T\xdc\x979v,}I\
\xcdJ\xf1H\x99\x0f\x1b\xaf\xd4TX$\xf0\xad\xf9U\
\xa2FS*\xec:e\xe5\xc1\xfd\xdd\xb3\xe3\xd5\xb8\x14\
\x97CJ\xd1\x97~\xab|\x8c\xfd\xad\xe1\xf9\x98\xfeT\
\xf9\x92\x11^\x1b\x7f69'\x91\xc46\xb0\x8d\xd2\xcc\
\xdd\x14\x7fS\x5cV\xad~uK\xf9n\xb6\x94F\xc2\
\xc6\x87\xf8Pp\x07\xf9\xf5\xad/\x10\xf8\x92\xe3[\xdb\
\x02F-lc9Ku=O\xab\x1e\xe6\xb16\x96\
8\x1dk)N\xe6\xd0\x85\x82%\xcbg\xd2\xa4#\x22\
\x9c\xa8\x11p)+\x9aR\xbb\xb9\xdb\x08\xf2\xa2:a\
\xa9\x0f\x14\xc6\x14\x140\xd3\x1a\x9ei\xa7\xa54!\x8d\
L#\x22\x9ei\xb5B#\xa4\xa7\x1e\x0d4\xd5\x08\x8c\
\xf0i\xad\xd6\xa4zct\xaa@F\xd4\xd6\x1cS\xcf\
Ji\xe9M\x12Fi\xb4\xe3M5H\x0654\xd3\
\xda\x98j\x845\xa9\x01eetfGS\x95e8\
 \xfb\x1aq\xe9M\xa6\x84\xc6\xb4\x92;3<\x8e\xee\
\xdc\xb33\x12O\xe3QS\xc8\xc1\xa6\x9e\xb5H\x06\x1e\
\xb4\xd3\xd6\x9e\xd4\xd3\xd2\xa8\x06\x1ai\xa7\x9e\x94\xdcS\
\x10\xc3M4\xf3L5D\x8c=\xe9\xa6\x9e\xd4\xd3T\
\x80a\xa44\xe2)\xb5B\x1bIN\xa6\xd3@0\xf5\
\xa4\xa77Zi\xaaB\x1a\xd4\xd3On\x94\xcab\x12\
\x92\x96\x92\xa8\x06\x9ai\xa7\x1ai\xaaB\x10\xd3i\xc6\
\x9bM\x00\x1a\x82\xeb\xfdC~\x1f\xce\xa7\xa8.\xbf\xd4\
?\xe1\xfc\xe9O\xe1b&\x14\xe1H:R\x8a`-\
(\xa4\x14\xe1Hb\xd3\xa9\xb4\xea@(\xa5\x14\x94\xe5\
\xa9c\x1dKH\x058T\x8cZwAM\x1dk\xa2\
\xf0\x13xm|Si\xff\x00\x09j3i\x18o0\
\xe5\xb0\xad\x8f\x94\xb6\xdeH\xcf\xa5K}@\xc0\x1d)\
\xc0q[\xde<\x97\xc3\x93\xf8\xa6\xeeO\x09\xa3.\x92\
\xdbL`\x82\x06\xec|\xdbA\xe4\x0c\xd6\x10\xe9I;\
\x8cQN\x14\xd1N\x14\x98\x0a)\xe2\x9a:\xd3\xc5H\
\xc7\x0ap\xa4\x14\xa2\xa5\x8d\x0e\x14\xa3\xad \xa7/Z\
\x961\xd4\xb4\x82\x94u\xa42E\xe0S\x85%:\xa1\
\x82\x15i\xcbH:S\x85!\x8e\x14\xe1M\x14\xf1H\
\x05\x14\xf5\xa6\x8ax\xa9c\x1c\xb4\xf1\xd6\x9a\xb4\xe5\xa9\
\x18\xea}4u\xa7\x0e\xb4\x868t\xa7\x0e\x94\xda}\
K\x1a\x1c\x94\xf5\xebM^\x94\xf5\xe9R\xc0p\xa7\x0e\
\xb4\xd1OQR4=EJ\xa3\x8ab\x8a\x90Rc\
c\xd6\xa5\x02\x98\xa2\xa4QP\xc69j@)\x8bR\
-!\x8fQ\x8a\x91G\x14\xd1O\x14\x80\x91\x07z\x95\
j5\x1c\x0a\x95zT\xb0\x1c\xbdjALJ\x91z\
\xd2(x\x14\xf1\xd2\x9a*A\xd6\x90\xc7\xa8\xa7\xa8\xa6\
\x81\xc5=EH\x0fQO\x14\xd1O\x02\x81\xa1\xea)\
\xfb\x95\x17s\x1c\x0a\xaf%\xd2E\xc0\xf9\x9b\xd0Ui\
%iNX\xfe\x15-\x99N\xaa\x8e\xc4\xf2\xdc\x99r\
\x17\x85\xfeu\x12\x8eia\x89\xe6a\x1cjY\x8fj\
\xdb\xb1\xd3\xd2\xd4\x07l<\xbe\xbd\x97\xe9Y\xb6qU\
\xadme\xb9\x0d\x8e\x99\x8cIp9\xea\x13\xfckT\
SG\x5c\xd3\x85Kg\x14\xa6\xe4\xee\xc7\x0az\xf4\xa6\
\x0a\x92\x90!V\x9c\x06M \xe9NZ\x0a\x1c)\xc2\
\x90S\x85&48t\xa7\x8ah\xa7PP\xa2\x96\x8a\
\x054\x03\xa8\x14\x86\xa7\x82\xd5\xa5\xc1o\x95={\x9a\
\x1bI]\x88dq<\xad\xb5\x06}OaZ\x10@\
\xb0\x0e9c\xd5\xa9\xc8\x8b\x1a\xedA\x81D\x92$(\
d\x91\x82 \xeaMs\xce\xa3\x96\x88C\xc5fk\xd7\
Q\xad\xa9\xb6\x0e\x0c\xacA*;\x0fz\xab}\xaf<\
\x99\x8e\xd0\x14^\xf2\x1e\xa7\xe8;VI$\x92I$\
\x9e\xa4\xf7\xad\xa9Qi\xdd\x9b\xc2\x93N\xec\x00\xc9\x03\
\xd4\xd7@\x06?\x0a\xc2\xb7]\xd3\xc6=XV\xf5t\
\xb21\x0fT\x82\x81E-\x078R\xd2R\xd3B,\
\xc1z\xd1\x8d\xb2\x0d\xeb\xeb\xdcU\xb5\xb8\x89\xc7\x12\x0f\
\xc7\x8a\xcc\xa4\xc6k7J/P6GL\xd3\x85d\
#\xbcg\xe4b\xb5j;\xf6\x1cH\xa1\xbd\xc7Z\xcd\
\xd1ka\x17\xbaRSc\x9a9\xbe\xe3d\xfaw\xa7\
\xd6vkp3|@\xd8\xd3H\xfe\xf3\x81\x5c\xe5o\
\xf8\x90\xe2\xd2\x15\xf5|\xfe\x95\xcf\xd7m\x05\xee\x1dT\
W\xbatz@\xc5\x84\x7f\x8d^\x02\xabi\xa9\xb2\xc6\
\x11\xfe\xcdZ\x15g\xa9\x1f\x85\x05:\x90R\x8a\xa4P\
\xa0S\x85 \xa7S\x13\x01N\x02\x90\x0ap\xa1\x08Z\
ZAJ*\x90\x85\xc5(\xa2\x96\x98\x80S\x85 \xa5\
\xa6\x80QJ(\x14\xb4\xc4(\xa5\x14\x80S\xa9\x88+\
\xcc|k'\x99\xe2;\x91\xd9\x02\xaf\xe8+\xd3\xc5y\
G\x88\xdf\xcd\xd7\xaf[\xfe\x9a\x11\xf9qZ\xd2\xdc\xd2\
\x9e\xe6p\x18\x14\xbd\xa8\xa7F\xbb\x9dG\xa9\x15\xb1\xb6\
\xe6\xf4k\xb65_@)\xc2\x8cR\xd7\x11\xf4{h\
\x14\xf5\x14\x80S\xc0\xa0\x96\xc0\x0ap\x14\x80S\xa9\x92\
\x00Tw\x1f\xea\xc0\xf7\xa9j+\x8e\x8b\xf5\xad)/\
}\x18\xd6~\xe3 \x02\x9e\x06(QN\x15\xe8\x1es\
\x00)\xc0P\x05(\x14\x84\x00S\xa8\xa5\x02\x81\x00\x14\
\xf0(\x02\x9c\x05\x02\x10\x0aZ)\xc0S\x01\x00\xa7\x01\
@\x14\xe0(\x10\x80S\x80\xa5\x02\x9c\x05\x02\x1a\x05;\
\x14\xa0R\x81HBb\x97\x14\xa0S\x80\xa0\x04\xc5\x18\
\xa7b\x9c\x89\xbd\xb1\xdb\xbd\x0d\xd9\x02Wv\x16(\xf3\
\xf3\x1e\x9d\xaa|P\x07\xa5;\x15\xc9)9;\x9dq\
\x8f*\xb0\xdcR\xe2\x9d\x8a\x5cT\xd8w\x19\x8aP\xb4\
\xfd\xb5\x15\xcb\xf9q\xe0}\xe6\xe2\x9aWv&S\xe5\
WeK\x89<\xc90>\xea\xf0*<S\xb1F+\
\xa1#\xcc\x94\x9c\x9d\xd8\xfb[Y/.\x12\x08\xc6Y\
\xce\x05z\x1d\xad\xb2Z[\xc7\x04c\x0a\x83\x02\xb1|\
)\xa5\xf90\x9b\xd9\x17\xe7\x93\x84\xf6\x1e\xb5\xd0\xe2\x83\
\x9er\xbb\xb0\xdcQ\x8av(\xc5\x06cqF)\xd8\
\xa3\x14\x00\xdcQ\x8av(\xc5\x007\x14b\x9d\x8a(\
\x18\xccPE:\x8cR\x01\xb8\xa4\xc5;\x14b\x8b\x00\
\xdcQK\x8a(\x01\xb4R\xe2\x8cR\x011I\x8aZ\
(\x011HE:\x8cR\x18\xcaJ~)1L\x06\
\x91^}\xe2\xad+\xfb?Q2F1\x0c\xff\x002\
\xfb\x1e\xe2\xbd\x0b\x15\x95\xe2=7\xfbGK\x91\x14f\
H\xfet\xfa\x8e\xd4\x22\xe1+3\xcd\xf1M\x22\xa4\x22\
\x9aEQ\xd0Kd\xfbe\xd8z8\xfdj\xf1\x15\x96\
\x09V\x0c:\x8ekT\x10\xea\x18t#5\x85U\xad\
\xcfK\x07;\xc5\xc7\xb1\x14\x89\xbdH\xef\xda\xaaU\xf2\
*\xb4\xe9\xb5\xb2:\x1a\xaa\x13\xb7\xbai^?i\x10\
\x11M\xc5<\x8aB+\xa4\xe6\x18EFEK\x8ai\
\x19\xa62:\x08\xcd)\x14\x94\x864\xd3H\xa7\x91M\
4\xc60\x8aa\x15!\x14\xd6\x14\x8aL\x8c\x8ai\xa7\
\x91Hi\x8ca\xa9m\xbe\xfb}*3R[\x7f\xac\
?J\xca\xb7\xc0\xcdh\xfch\x98\x8ai\x15#\x0e\xf4\
\xc3^i\xea\x22\x8e\xaa3k\x9fF\x15\x90Emj\
C6\x8d\xecEc\x11]T~\x13\xc7\xc7\xaf\xde\xfc\
\x86\x11Z~\x1c8\xbeq\xea\x86\xb3Mo\xf8\x15\x80\
\xf1\x14H\xc0\x15x\xddH=\xf8\xab\x9e\xcc\xe1\x96\xcc\
\xd7\xa4\x1c6\xe1\x90\xc3\xa1\x07\x06\xba{\xad\x06\xd6|\
\x98\xf3\x0b{r?*\xc9\xb9\xd0\xae\xe1\xe5\x14J\xa3\
\xba\xf5\xfc\xab\x94\xe6\x22]kQH\x1e\x0f\xb5;F\
\xeb\xb4\x86\x19 {\x1a\xa3\xd0S\xde7\x8c\xedte\
>\x84T\x96v\xb2]\xce\xb1\xa2\x923\xf3\x1fAR\
\x92[\x14ih\x16Y&\xe9\xc7\x1d\x13\xfa\x9a\xda\xa5\
H\xd6(\xc2 \xc2\xa8\xc0\x14\x84P!\x08\xa6\xd3\xe9\
\xa6\x90\xc4\x22\x9bN\xa4\x22\xa5\x8ca\xa4\x22\x9ci)\
\x0cm4\xd3\x8d!\xa41\xa7\x9ae<\xf5\xa4aI\
\x82\x19IN4\x95,ci\x08\xe2\x9dII\x81\x1f\
jm<\xf0i\xa4R\x18\xd3M\xa7\x9ai\xa0\x06\x91\
M4\xf3L4\x0ckSM>\x9bHCM4\x8a\
}4\x8a\x91\x91\x9aJq\xa6\x9a\x064\xd0iM%\
 !\xb8\x81gM\xa7\xafc\xe9Y2F\xd1\xb1F\
\x18\x22\xb6\xcdd\xeaw\x90\x89\x16078\xfb\xcc;\
R\xb5\xf6\x0b\x8c\xb7\xb8\x96\xd2t\x9e\x06\xdb\x22\x1e\x0f\
\xaf\xb1\xae\xd7N\xd4\x22\xd4\xed\x84\xf1\xf0z:wS\
\x5c/Z\x9e\xd2\xfa\xe6\xc1\xd9\xed\xa51\x96\x18n3\
\x9a\xc2\xad>u\xe6R;\xcaLc\xaf\x1fZ\xe2\xa4\
\xd75987n?\xdd\x00UY.n'\xff\x00\
[<\xaf\xf5cX,;\xea\xca\xb9\xdb\x5cj\x16v\
\xc0\x99\xaebOl\xf3Y\x97>*\xb1\x8b>J\xc9\
9\xf6\x1bG\xeb\x5c\xb1P;sLj\xb5\x87\x8a\xdc\
W5\xee\xbcY{(\x22\x08\xe3\x80z\xfd\xe3X\xf7\
7w7\x877\x13\xc9/\xb1<~T\xd3H#c\
\xd0V\xb1\xa6\x97\xc2\x84\xd9\x0e00*29\xc0\xab\
~@\x07\xe64\xa5B\xf4\x18\xad\xa3I\xbd\xc8u\x17\
B\xa7\x90I\xc9\xe0S\xfc\xb5A\x909\xa9XSO\
\x22\xb7\x8c\x122rl\x8c\xf4\xa6\x1a\x90\xd4f\xac\x96\
Fi\x84T\x8d\xd6\x98\xd5@F\xd4\xd6\xa7\xb0\xa6\x1e\
\x94\x08\x8d\x85U\xba\xb7\xf3Wz\xfd\xf0?1V\xcd\
0\x8cU\x08\xc6\xce)\x84\x8c\xe2\xb4.\xadw\x92\xf1\
\x8f\x9b\xb8\xf5\xac\xe7\x18<\xf0i\xa6\x0d&\x06\x99\xcc\
d<lQ\x87u8\xa5=)\x84\x9a\xb5#7\x02\
\xf4>!\xd5\xed\x86#\xd4&\xc0\xec\xd8o\xe7VW\
\xc6\xba\xda\xf5\xb8\x89\xbe\xb1\x0a\xc5\xddP\xcd2\xc4\xb9\
o\xc0z\xd5s\xa2}\x9f\x91\xbe\xde9\xd7?\xe7\xac\
\x1f\xf7\xe8T2\xf8\xdb]n\x16\xe6$\xf7XV\xb9\
\xd3~\xb9\xe63\xf9\xd5\xa4\x85\xa6\x8dd#f{\x1e\
\xb4\xf9\xd7r}\x97\x91-\xee\xb5\xaa_\x0c\x5c\xdf\xdc\
H\xa7\xf8w`~\x95\x9a\xca\x07=\xfb\x9a\xbamx\
\xe5\xa9\x05\xba\x01\xcf4\xbd\xa2)Re1\x1b?A\
\xf8\xd4\xab\x18A\x81\xf9\xd4\xf8\xe3\x15\x19\xac\xdc\xdb6\
\x84\x14H\x8d0\xf5\xa9\x1b\xad1\xa9\x22\xc8\xd8S\x1b\
\xa5H\xdd)\x86\xa9\x08\x8c\xd3i\xe6\x98j\x84\xc6\x1a\
a\xebR51\xaa\x841\xe9\x86\xa4n\x94\xcahC\
[\xa5FzT\x94\xc3\xc5R\x01\x94\xc3\xd6\x9ez\xd3\
XsT\x84Fz\xd3M=\x850\xd5!\x0d=)\
\x86\x9fL4\xc46\x9ai\xe6\x98z\xd3\x061\x851\
\xaaF\xe9L=*\xd0\x86\x1e\x94\xda}2\x98\x0d4\
\xda}0\xf0j\x844\xd3M<\xd3MR\x11\x1bS\
i\xe7\xa52\x9a\x10\xdai\xa7\x9ai\xab\x10\xd3Hi\
M!\xa6\x80k\x0e)\x95!\xe9Q\xd3\x10\x1e\x95\x1d\
IL=j\x84\xc6\xd2\x1aSHj\x80CM4\xe3\
M4\xd0\x86\x9aCN\xa6\x9a\xa0\x12\xa0\xbb\xff\x00P\
\xdf\x87\xf3\xa9\xea\x1b\xbf\xf5\x0d\xf8\x7f:S\xf8X\x89\
\x85- \xa5\xa64(\xa7\x0ah\xa7\x8aL\x05\x14\xb4\
\x82\x94R\x18\xb4\xe1\xd2\xbaO\x87~\x07\xba\xf8\x83\xe2\
H\xf4{y\xd6\xd9\x024\xb3NF|\xb4\x1e\x83\xb9\
=+\xb5\xf8\xa5\xf05|\x05\xa0\x8dsN\xd5e\xbd\
\xb6\x8d\xd69\xe3\x9d\x00`X\xe02\x91\xdb\xda\xb2\x94\
\xd2v\x03\xcaE(\xa4\xedJ)\x8cQ\xd6\x9e)\xab\
N\x15#B\xd3\xa9\xa2\x9c)\x00\xe1KH)\xc2\xa5\
\x8d\x0a\xb4\xf1MZx\xa9\x01\xc2\x9c)\xb4\xe1R\xc6\
\x87\x0aU\xa4\xa7\x0e\x94\x86\x85\x14\xe5\xebH)\xc9\xde\
\x93\x18\xfau \xa5\x15\x00\x87S\xc54S\x85&1\
\xc2\x9c)\x058T\xb0\x1c)\xd4\xd5\xa7\x8e\xb4\x99C\
\xc7Jp\xe9M\xa7\x8a\x91\x8eZr\xf5\xa6\x8e\x94\xe5\
\xa9\x01\xc3\xad8u\xa4Zr\xf5\xa9c\x1fN\x14\x83\
\xad8T\xb0\x1c*E\x1cS\x05H\xa2\x91Hz\xd4\
\x82\x98\xb5\x22\x8ej@\x91E=zSE<T\x8c\
z\x8e*D\xa6\x0a\x95zR\x18\xf5\xa7\xa8\xe6\x9a\xbd\
*D\x1c\xd2\x02AR\x0ab\xf5\xa7\x8e\xb5,d\x8a\
8\xa9\x14S\x05=zR\x18\xf5\xa9\x14S\x16\xa4A\
R\xc6<T\x80S\x16\xa4\x02\x90\x0aX\x22\x96=\x05\
T{\xa7\x93 |\xabS\xdd\x83\xe4\x1cz\x8a\xa4:\
T6s\xd6\x9bO\x95\x0f_SW\xec\xf4\xd9np\
\xcd\x98\xe3\xf5#\x93\xf4\x15\xa9\xa3h\x90Mn\x97K\
\x22\xc9\xbb\xb9\x1ft\xfab\xb6SM\x8b\xf8\xdd\xdb\xf4\
\xaey\xd7\x8c]\x8f:\xa5~\x913 \x82+t\xd9\
\x1a\x85\x1d\xc9<\x9a\x93\xcc\x8cpdA\xf8\x8a\xd2}\
.\xceU\x0b$!\xc0\xe7\x92j\x17\xf0\xe6\x9a\xfd!\
d?\xec\xb9\xac\xfd\xbcLU\x9e\xb2eet=\x1d\
?1R(\xcfB\x0f\xd0\xd0\xfe\x16\xb5?\xea\xe6\x95\
>\xbc\xd4-\xe1y\xa3\x19\x86\xedO\xd4\x11V\xaa\xc1\
\xf54P\x83\xfbE\x909\xa7\x01\x93T\x0e\x9b\xac[\
\x02T\x17\x03\xfb\xac\x0d55\x1b\x88[l\xf1s\xe8\
F\xd3V\x9a{2\xd5\x16\xf6w4\xe9\xe0UH/\
\xe0\x98\x80IC\xe8\xdf\xe3W\x05\x048\xb5\xb8\xa0S\
\xd6\x9a)\xe3\xa5!\x8e\x14\xeaAO\x8e7\x90\xe1\x14\
\x9a\x06%>4i\x0e\xd4RMX\x8a\xc7\xbc\xad\x9f\
\xf6EZU\x08\xb8P\x00\xf4\x15\x9c\xaa\xa5\xb0\x10\xc3\
f\xa8C?\xce\xde\x9d\x85Y\x14\xd6eE.\xec\x15\
GRz\x0a\xc5\xbf\xd7Y\xf3\x15\xa6Uz\x19\x0fS\
\xf4\xf4\xac\xd2\x95F8\xc1\xcbcB\xff\x00U\x86\xc7\
+\xfe\xb2_\xee\x03\xd3\xeb\x5c\xfd\xd5\xdc\xd7\xb2o\x99\
\xf3\x8e\x8a:\x0a\x83\xaf^I\xeej\xed\xb6\x9e\xf2\xe1\
\xa4\xca\xaf\xa7s]t\xe9\xa8\x9dT\xe9[b\xb40\
\xbc\xed\xb5\x17'\xf9T\x97V\xe2\xd9\x957e\x88\xc9\
\xad\x88\xa3H\x97j(\x02\xb2o\xdb}\xd3{qZ\
\xa3y\xc1F>a\xa7\xae\xeb\xb4\xf6\xc9\xad\x9a\xcb\xd2\
\x973\xbb\x7fukR\x86y\xb5\xdf\xbc\x02\x96\x81P\
\xcfy\x0c\x1c3no\xee\xad\x06I6\xec\x89\xa9z\
rx\x1e\xf5\x99&\xa7+\x7f\xab\x021\xf9\x9a\xaa\xd2\
<\xa7\xe6vs\xe9\xd6\xad#X\xd0ose\xae\xa0\
O\xbd*\xe6\x98/\xed\xbf\xe7\xa7\xe9T\x22\xd3o'\
\xff\x00Wl\xf8\xf5<U\xc8\xbc9x\xc0oh\xa3\
\xfcsI\xca+v\x0e\x9c\x16\xec\x94j\x16\xc7\xfeZ\
\x1f\xfb\xe4\xd3\xd2\xee\xdd\xbaL\xbf\x8f\x14/\x86_\xf8\
\xae\x94}\x12\x87\xf0\xc3c\xe4\xbaR}\xd2\x97\xb4\x87\
r\x5ci\xf7&\x07 09\xf4 \xd5\xa8/Yp\
\xb2\xfc\xcb\xeb\xdcVbh\x9a\x85\xabn\x85\xe3lv\
\x0d\x8c\xd5\xd7\x82X\x80.\x98\xcf\xa7 S|\x92\xd2\
\xe6s\x8a[;\x90\xf8\x91\xd5\xa3\xb5\x0aA\x04\xb1\xc8\
\xfc+\x13\x198\x1d\xf8\xab\xda\xb1\xf9\xe2\x1d\xb0j\x0b\
\x18\xbc\xfb\xc8\x93\xb6\xec\x9a\xd2\x11\xe5\x8d\x8e\xaa*\xf1\
GM\x0al\x89\x13\xd1@\xa9i\x05(\xa4z\x82\xd2\
\x81H)\xe2\xa8AN\x02\x92\x9c)\x88)\xd4\x82\x94\
S\x10\xb4\xb4\x82\x9c*\x80\x058RR\x8ab\x14R\
\x81IN\xa6!E(\xa4\xa7\x0ab\x01N\x14\x82\x96\
\x98\x0a+\xc7\xf5\x17\xf3u\x0b\x97\xfe\xf4\xac\x7fZ\xf5\
\xf7`\x91\xbb\x1e\xcaMx\xcb\xb6\xf7f=\xc95\xad\
3Z}@T\xd6\xab\xba\xe2!\xfe\xd5D\x05Z\xd3\
\xd77i\xed\x93Z\xcbftRW\x9cW\x9a5\xe9\
@\xa4\xa7\xa8\xae#\xdflP)\xc2\x90\x0ap\x14\x10\
\xc5\x02\x94R\x0aZbb\x8a\x8aq\xca\xd4\xc0Ts\
\xfd\xf1\xf4\xad\xa8|f\x15\xdf\xb8D\x05(\x14\x0ap\
\x15\xday\xe0\x05:\x90S\x80\xa0@\x05<\x0a@)\
\xc0P!@\xa2\x8ap\x14\xc0\x00\xa7\x01@\x14\xe0(\
\x10\x80S\x80\xa0\x0ap\x14\x08\x00\xa5\x02\x94\x0aP)\
\x08\x00\xa5\x02\x94\x0aZ\x04&)qJ\x058-\x00\
4.O\x1c\xd5\x94\x8f`\xc7S\xde\x92\x14\xfe/\xca\
\xa6\x0bXU\x95\xf4F\xf4\xa3mF\x81K\xb6\x9dK\
\x8a\xc8\xd6\xe3@\xa5\xc5;\x14b\x81\x5cLz\xd5\x09\
_\xcd\x90\xb7n\xd5n\xe9\xf6\xa6\xd1\xd5\xbf\x95T\xc5\
kMu8\xf1\x13\xbb\xe5CqW4\xad=\xb5\x1b\
\xd4\x84\x0f\x93\xab\x9fAU\xb6\xfbWe\xe1\xbd7\xec\
v^k\x8cK7'\xd8v\xad\x0e9J\xc8\xd4D\
X\xd4\x22\x80\x15F\x00\x1d\xa9\xd4\xb8\xa3\x02\x83\x01(\
\xa7`Q\x8a@6\x8av(\xc50\x1bE:\x93\x14\
\x00\x94\x94\xecQ\x8a\x00n(\xc5;\x14\x98\xa0\x04\xc5\
%;\x14R\x01\xb4R\xe2\x8cQa\xdcn)1N\
\xc5\x18\xa2\xc06\x93\x14\xe2)1J\xc0&))\xd4\
\x98\xa4\x02Rb\x9dI@\x0d\xc5&)\xe4R\x1a\x06\
y\xb7\x88\xb4\xff\x00\xec\xfdVX\xd4b7\xf9\xd3\xe8\
\x7f\xfa\xf5\x96Ev\xfe6\xb1\xf3l\xe3\xbbQ\xf3D\
\xdb[\xe8\x7f\xfa\xf5\xc5\x11M\x1d0wDdU\xdb\
\x17\xdd\x11N\xea\x7fJ\xa8EKh\xfb'\x00\xf4n\
*f\xae\x8e\x9c<\xf9f\x8b\xc4Tr&\xf5#\xf2\
\xa9\x88\xa6\x11\x5c\xfb;\xa3\xd6\xdfFQ4\xd2*y\
\xd3\x0d\xbb\xd6\xa2\xae\xd8\xca\xea\xe7\x04\xa3\xca\xec0\x8a\
i\x14\xf2)\xa6\xa8C\x18Tf\xa6\x22\x98\xc2\x99H\
e!\x14\xb4R\x01\x84SH\xa7\x9ai\x14\x14FE\
4\x8a\x91\x850\xd3\x18\xca\x92\xdf\xfdo\xe1L4\xfb\
\x7f\xf5\x9f\x85gW\xe0f\xb4\xbe4X\xa6\x11\xcdH\
i\xa4dW\x9azh\xa9\xa8\x0c\xd9\xc9\xf4\x1f\xce\xb1\
\x08\xad\xeb\xd1\x9bI\x7f\xdd\xac#]\x14v<\xac\xc3\
\xf8\x8b\xd0a\xad\x7f\x07\xbe\xcf\x12Y\xfb\xb1_\xd0\xd6\
I\x15\xa1\xe1\xc7\xf2\xf5\xeb\x16\xf4\x94V\xafc\x81\xec\
z\xe9\xa6\x9ay\x184\xd3\x5c\xa7)\x1b\x22\xb7\x0c\xa0\
\xfdE\x0a\xaa\xa3\x0a\x00\xfa\x0ay\x14\xdaC\x1aE!\
\x14\xe2)\x08\xa41\x94\x98\xa7\x1aJC\x19F)M\
%H\x0d4\x86\x9ci\xb4\x865\x85%O\x0c\x06r\
p\xc1@\xeaj9\xa10\xbe\xd2s\xdc\x1fZn\x0e\
\xdc\xdd\x01I_\x97\xa9\x11\xa44\xe3M\xa8e\x0c\xa4\
\xa7\x11HjF4\xd2\x1au%H\x0ca\xde\x9aj\
CL\xa41\x86\x92\x9cE4\xd0\x08m4\xd3\xcd5\
\x87\x14\x862\x90\x8aq\xa44\x00\xc3HzR\x9aJ\
L\x06\x11M\xa7\x91M=i\x00\xc3I\xd2\x95\xd8(\
,\xc4\x00:\x93XZ\x8e\xaaf\xccP\x12#\xee\xdd\
\xda\x9a\x8b`\xdd\x89\xb5\x1dS\x04\xc3n\xdc\xf4g\x1f\
\xd2\xb1\xcfZQ\xcfJ\xbfke\xb3\x12J2\xdd\x97\
\xd2\xb5Q\xb1\x9bb[[\xc9\xe5e\x8e3\xd0\x1aq\
\x8d\x87j\xb5HjeM1\xa9\xb4U\xd8\xde\x86\x81\
\x13\xfaU\x8e\xf4\x1a\x8fd\x8a\xe7d>A=H\xa6\
\xf9\x00u$\xd5\x8aa\xebO\x91!92\x1d\x8a\xa7\
\x81H\xd5#\x8act\xabD\xb1\x8dLaRS\x0d\
2H\x8d2\xa4\x22\x98z\xd3\x13##\x93Mj{\
\x0act\xa6\x04mL=*CL\xa6\x80\x8c\xd3)\
\xe6\x9a\xddi\x88\x8d\xaa6\x1c\xd4\xadLn\x94\xd0\x88\
\x9a\xa8\xdf\x98\xfa`y\x9d\xcf\xa0\xabW3\x88W\x03\
\x97=\x07\xa5f\x12I$\x9c\x93\xd4\xd3\x04\x88\xfbT\
f\xa4\xefQ\xc8\xc25,\xdd\x051\x90\xcc\xe2 X\
\xfe\x03\xd6\xb3fv\x91\xcb5Kq!\x95\xf7\x1f\xc0\
zU\xab\x0d?\xcd\xc4\xd2\x8f\x90}\xd1\xebR\xd8%\
q\x96\x1av\xfcO(\xe3\xf8T\xf7\xf7\xad\x16\xe9R\
\x91\xc6)\x84u\xa9\xb9v\xb1\x09\xa8\xcf\x15!\xa8\xdb\
\xad\x08\x08\x98`\xd4n9\xa9\x5cTn*\x84D\xc2\
\x98\xd5!\xe9Q\x91L\x06\x11\xc5GR\x9a\x8c\xf5\xab\
B\x18i\x86\x9e\xd4\xd3LC\x0d1\xbaS\xcd4\xd5\
!\x0c\xa8\xcdILn\xb5HCi\x8d\xd6\x9ei\xaf\
T\x80\x8d\xa9\xad\xd2\x9e\xdd)\x87\xa1\xcd11\x8d\xd2\
\x98i\xf9\xcfb>\xa3\x14\xca\xa4!\xb4\xc2)\xe7\xad\
5\xba\xd5\x08a\xa6\xb58\xd2\x1e\x94\xc0a\xe9L5\
%Fz\xd5!\x0c\xa6\x9e\xb4\xe3\xd6\x9a\xd5@4\xf5\
\xa6\xb7\x1c\xd3\xcd m\x8e\x8e\x15[c\x06\xda\xc3 \
\xe0\xe7\x07\xda\x98\x86\xcb\x1b\xc4\xdbd\x8d\xe3l\x03\x87\
R\xa7\x07\xa1\xe6\xafx\x7f\xc3\xba\x87\x8auD\xd34\
\xc8\xd1\xee\x1dK\x92\xed\xb5UGRMjx\xf3\xc6\
M\xe3\x9dV\x0dA\xb4\xe8\xac\x0c6\xeb\x07\x97\x1bd\
\x1cw\xcf\xa7\xa0\xacM/V\xbf\xd1/R\xfbM\xba\
\x92\xd6\xe5\x01\x0b\x22u\xc1\xea)\xebm7\x17\xa8\xba\
\xee\x89}\xe1\xddR}/Q\x8dc\xba\x83\x1b\x82\xb6\
\xe0A\x19\x04\x1fLVv*\xe6\xa3\xa8\xdd\xea\xf7\xd3\
_\xdf\xce\xd7\x17S\x9d\xd2H\xddX\xd5C\xd6\xaa7\
\xb6\xa0\xfc\x86\x1ai\xa7\x9ai\xabD\x8d4\xd3N4\
\x94\xd0\x0d4\xc3\xd6\x9fLn\xb5HBS[\xad:\
\x91\xea\x90\x86\x1aCJi)\xa0\x1ai)\xd4\xda\xa1\
\x0d\xa6\x9aq\xa44\xc0mCw\xfe\xa1\xff\x00\x0f\xe7\
ST7\x7f\xf1\xee\xff\x00\x87\xf3\xa2_\x0b\x110\xa5\
\xa0t\xa2\x98\xd0\xe1N\x14\xd1N\xa4\xc0QJ)\x05\
(\xa43\xa4\xf0\x0f\x8d.\xfc\x03\xe2H\xb5\xabH\x12\
\xe0\x84h\xa4\x85\xce\x03\xa1\xea3\xd8\xd7]\xf1;\xe3\
u\xcf\xc4-\x1e=\x1a\xdfK\xfe\xce\xb32\x09f/\
(w\x90\x8e\x83\x81\xc0\xaf/\x03\x9ax\xac\x9cSw\
\x04--%:\x861GJp\xa4\x14\xb4\x98\xc7/\
Zp\xebM\x14\xe1H\x07\x0aQH)EH\xd0\xf5\
\xe9OZ`\xa7\xafJ\x90\x14S\x87ZE\xebN\x15\
,b\xd3\xe9\x83\xad>\xa4hZz\x0e)\x95(\xe9\
I\x8d\x8a)\xcbM\x1d)\xc2\xa4\x10\xe1O\x14\xd0)\
\xc2\xa4c\x858R\x0ap\xa41\xcbO^\xb4\xc1\xd2\
\x9e\xb5,c\xc7Zu5z\xd3\xc7Z\x961\xd4\xe1\
\xd2\x9a:\xd3\xa90\x1c:S\x83*\xf58\xa6\xf3\x8e\
:\xf6\xafP\xf0\xaf\x88\xbc\x19\xe1\xdf\x08\x12\xdb./\
\xe5S\xf6\x88]3$\x92zs\xd1jFy\xaa\xd3\
\xc51{\x9c\x05\xc9'h\xe8=\xaaA\xd2\xa4\x05\x1d\
jU\xa8\xd6\xa4ZE\x12-H\x94\xc5\x15\x22T\x81\
 \xa7\x8e\xb4\xc5\xa9\x17\xadH\xc7\x8a\x94Tj9\xa9\
GZC\x1e:T\x89\xd2\xa3\x152\xf4\xa9\x01\xea)\
\xebM^\x94\xf5\xa9\x18\xf5\xa9\x051EH)1\xa1\
\xebR/Jb\xd4\x83\xa5&1\xea*E\xebLQ\
R- \x15\x94:\x95=\x0f\x15A\xe319S\xda\
\xb4W\xad\x12@\xb3\x0c\x1e\x0fcR\xd1\x9dZ|\xcb\
M\xc6iZ\xa4\xba\x5c\xdb\x90o\x89\xbe\xfc~\xbe\xff\
\x00Z\xec\xec\xee\xe0\xbe\x80Mn\xfb\x94\xf5\xf5\x1fZ\
\xe0\xe4\x85\xe18a\xf455\xad\xcc\xd6R\x89`\x90\
\xc6\xfe\xdd\x0f\xd4W-Z*z\xf5<\xfa\xb4y\xbd\
N\xf8S\x85b\xe9\xde$\x82p\x12\xe8\x08$\xfe\xf7\
U?\xe1[JC.\xe5 \xa9\xe8GJ\xe2\x94\x1c\
tg$\xa0\xe2\xec\xc5\x14\xeaAKHB\x8aI\xad\
\xe2\xba\x8c\xc7<k\x22\x9fZp\xa7\x8ak\xb9\xa29\
\xeb\xed\x02K}\xd2[fX\xfb\xa9\xfb\xcb\xfe5N\
\xda\xeaX\x0e\x11\xb2\xbf\xdd=+\xaf\x15F\xff\x00H\
\x86\xf7.\x98\x8ao\xef\x0e\x8d\xf5\xae\x98W\xe9#\xa2\
\x15o\xa4\xca\x16\xf7\xf1JB\xb7\xee\xd8\xf6=\x0f\xe3\
WT\x0d\xc3q!{\x91XR\xc1%\xb4\xa6)\x93\
k\x0e\xde\xb55\xb5\xdc\x90\x10\x01\xdc\x9d\xd4\xd6\xed_\
b\xa5G\xacN\xa2;HW\x07\x1b\xbd\xcdM\xec8\
\x15WN\xb8Y\xa2\xc2\x9c\x8ce~\x95j\xb8\xe7t\
\xec\xccX\xb5\x1d\xd5\xdc6Qy\x936\x07e\x1d[\
\xe9U\xf5\x0dN;\x11\xb4bI\x8fD\xf4\xfa\xd7=\
<\xf2\x5c\xcae\x95\xb79\xfd>\x95\xa5:\x5c\xda\xbd\
\x8d!M\xcbW\xb15\xf6\xa15\xfb|\xff\x00,c\
\xee\xc6:\x0f\xf1\xa8b\x85\xe6m\xa82\x7f\x95Km\
d\xd3\xe1\x9b*\x9e\xbe\xb5\xa9\x14I\x12\xedE\xc0\xae\
\xb4\x92VGm:W\xf4!\xb6\xb1Hp[\xe6\x7f\
^\xc2\xad\xd2\x0ap\xaa:RKD\x1d\x05`\xc8\xdb\
\xe4f\xf59\xad\xab\xa7\xf2\xed\xe4oj\xc3\x1d*\x91\
\xcf]\xec\x8d=)q\x1c\x8d\xea@\xab\xac\xc1T\xb3\
\x10\x14u&\xa0\xb0M\x96\xa9\xearj\x95\xed\xd1\xb8\
\x93\xcbL\x94\x07\x00\x0f\xe24[S\xccq\xe7\x9b\x1d\
s\xa84\xb9H\x89D\xf5\xeei\x96\x96\x17\x17\xad\xfb\
\x88\xc9^\xecx\x02\xb54\xed\x04`Kx3\xdcE\
\xfe5\xb4\xa0*\x85P\x02\x8e\x80t\x15\x9c\xeb%\xa4\
Ju#\x0d\x22e[xv\x14\x00\xdcHe?\xdd\
^\x05i\xc3k\x05\xb0\xc40\xa2}\x05H(\xaey\
NR\xdd\x98Jr\x96\xec\x5c\x93\xd4\xd2\xd2\x0aQH\
\x81E\x14\xa2\x92\x9a\x01i\xb2\xcb\x1c\x114\xb2\xb0X\
\xd4rM2\xe2\xe2+H\x8c\xb38T\x1f\x99\xfaW\
5\xa8\xeaRj2\x0c\x8d\x91/\xddO\xea}\xebj\
t\xdc\xbd\x0b\x857/B+\xcb\x9f\xb5\x5c<\xa1v\
)\xfb\xab\xe8*\xf6\x83\x06\xe9\x9eb8Q\x81\xf55\
\x9d\x04/q*\xc7\x18\xcb5u6\xb6\xebm\x0a\xc4\
\x9d\x17\xf5\xae\xd7\xa2\xb1\xe9P\x86\xb7\xe8\x89E:\x90\
R\x8aGX\xa2\x9dH\x05:\xa8LQKH)\xd4\
!\x058\x0aJp\xaa\x10R\xd0)i\x80\xa2\x96\x90\
S\x854 \x14\xe1H)j\x84(\x14\xea@1J\
(\x10\xb4\xe1H)@\xa6\x05}I\xfc\xad:\xe5\xff\
\x00\xbb\x13\x1f\xd2\xbc|W\xac\xf8\x81\xf6h\x97\xad\xff\
\x00L\x98W\x93\x81[\xd2Z\x1a\xd2\xd8P*\xe6\x98\
3rO\xa2\x9a\xa8*\xfe\x94?y!\xf4QN\xa7\
\xc2\xce\xbc2\xbdX\x9a S\xc0\xa4QN\xaeC\xda\
b\x81N\x14\x0e\x94\xa2\x99!J\x05\x14\xe5\x14\xd0\x85\
\x02\xa1\x9f\xfdg\xe1V\x05W\x9b\xfdi\xad\xa8|G\
6!\xfb\xa3\x00\xa7\x0a\x00\xa5\xae\xc3\x88\x05<\x0a@\
)\xe0P \x02\x96\x8aP)\x88P)\xc0R\x01N\
\x02\x81\x0a\x05(\x14\x01N\x02\x81\x06)\xc0P\x058\
\x0aB\x00)@\xa0\x0aZ\x04\x14\xa0R\x81O\x02\x81\
\x08\x05=\x13q\xc7n\xf4\x80U\x88\xd3j\xfb\x9e\xb5\
3\x97**\x11\xe6c\x80\xc7J\x5cP\x05.+\x94\
\xe9\x0cR\x81@\x14\xe0)\x88n)p)\xc0TW\
-\xb56\x8e\xad\xfc\xa8J\xee\xc4\xce|\xaa\xe5Y\x0f\
\x98\xe5\xbf*@)\xd8\xa5\xc5ny\xad\xb6\xee\xcb\x9a\
.\x9f\xf6\xfb\xe4F\x19\x8d~g\xfaWq\x80+3\
\xc3\xd6\x1fc\xb1\x0e\xc3\x12M\xf3\x1fa\xda\xb5)\xd8\
\xc2r\xbb\x12\x96\x96\x8a,@\x98\xa3\x14\xb8\xa3\x14\xec\
\x17\x13\x14b\x97\x14b\x8b\x05\xc4\xc5\x18\xa5\xc5\x18\xa5\
`\xb8\x98\xa4\xa7b\x8a\x02\xe3qF)\xd4\x98\xa0.\
7\x14S\xb1I\x8a\x06&)1K\x8a(\x01)1\
N\xa3\x14\x00\xdaB3N\xc5&)\x0cn1I\x8a\
u!\x14\x80JLS\xa91@\x0d\xa3\x14\xb4R\x02\
\xae\xa1j/l\xa6\xb7?\xc6\x84\x0f\xafj\xf2\xf7B\
\x8cQ\x86\x0a\x9c\x1a\xf5\x9cW\x9d\xf8\x9e\xcb\xecz\xbc\
\xd8\x18I?x\xbf\x8f_\xd6\x9a6\xa4\xfa\x18\xe4S\
O\x07#\xa8\xa7\x91M4\xcd\x8d4a\x22+\x8e\xe3\
4\x11P\xd8\xbeb(\x7f\x84\xd5\x83\x5c\xb2Vv=\
\x9as\xe6\x8a\x91\x14\x89\xbdJ\xfeUH\x8a\xd0\x22\xaa\
\xdc&\x1bp\xe8kZ2\xb3\xe5\x22\xbcn\xb9\x88\x0d\
4\x8ay\xa45\xd2s\x0c\x22\x9aE<\x8ai\xa0d\
Db\x92\xa4aQ\x9ac\x10\xd3M>\x9aE\x03C\
\x0d0\x8a\x90\xd3H\xa44Fi\xf6\xff\x00\xebG\xd2\
\x9ai\xd0\x7f\xad\x1fJ\x9a\x9f\x035\xa5\xf1\xa2\xc9\x14\
\xdau!\xaf0\xf5\x08.W0J=T\xd6\x07j\
\xe8\xa5\x1b\xa2q\xfe\xc9\xae{\xb5tP\xd9\x9efa\
\xf1E\x8c5gI\x7f/T\xb5oIV\xab\x9au\
\xb9\xd9s\x0bz:\x9f\xd6\xb6<\xf3\xda\xd8ri\xb4\
\xec\xee\x00\xfa\xf3Hk\x90\xe4\x1ai\xa6\x9eE2\x90\
\xc4\xa44\xb4\x86\x90\xc6\x11IN\x22\x90\x8aL\x044\
\xdau4\x8aC\x10\xd3M:\x90\xd4\x8c\x12G\x89\xb2\
\x87\x14\xd9\x19\xa4m\xccrh4\x86\x86\xdd\xac\x16W\
\xb8\xc3Hz\xd3\xa9\xadRP\xd3M4\xf3M56\
\x18\xdaCKA\xa4\xc0i\xa6\x9a}5\xa9\x02\x18i\
\xb4\xfai\xa41\xb4\xdaq\xa44\x80a\xa4\xa70\xa6\
\x9a\x060\xf5\xa6\xd4\x87\xa50\xd2\x01\xadP\xdcO\x1d\
\xb4fIX(\x1f\xadG\xa9\xdf\xfd\x82\x15`\xa1\x99\
\x8e\x005\xcd\xdd]Kw&\xf9['\xb0\xec*\xa3\
\x0b\xeaK\x95\x89u\x0dJK\xd6\xda2\x91\x0e\x8b\xeb\
\xf5\xaa\x8a\x8d#\x05Q\x92z\x0a\x92\x18\x1ew\xc2\x0e\
;\x93\xd0V\x94\x16\xe9n\xb8^I\xea\xde\xb5\xb2Z\
\x19\xb62\xd6\xd0@76\x1aO\xe5S\x9aZ)\xd8\
Ch\xa5\xa4\xa9\x18\xd3GjSH)1\x855\xa9\
\xd4\x86\xa4dl8\xa6T\x86\xa3\xa1\x00\xcacS\xcf\
ZF\xa6I\x13S\x1a\xa4n\x94\xc3\xd2\x98\x11\xb7J\
a\xa9\x0d2\x98\x91\x19\xa8\xcfZ\x95\xaa6\x14\xd0\x11\
\xb51\xaaF\xe9L=)\x88ct\xaa\xd77\x02\x10\
@\xe5\xfd=(\x9e\xec\x0c\xacG'\xfb\xd5E\xba\xf3\
\xc9\xa6\x16#bY\x89'$\xf55\x11\x15+TR\
\x10\xa0\xb3\x1c\x0a\x10\x11\xb9\x0b\x96c\x80+>\xe6S\
+g\xa2\x8e\x82\xa4\xb8\x98\xca}\x14t\x155\x8e\x9e\
n\x0f\x99 \x221\xff\x00\x8fP\xd8\xecGa\xa7\x99\
\xf1,\xa3\xf7c\xa0\xfe\xf5j\xb0\xc0\xc0\xe0T\xc5@\
\x18\x03\x00q\x8a\x89\xab;\xdc\xb4\xacFj3R\x1a\
\x8d\xba\xd3@\xc8\x9f\xadD\xc2\xa6z\x89\xa9\x88\x89\xfa\
Tm\xd2\xa6=*#LDF\xa35)\xe0\xd4m\
\xc1\xaa\x023\xd6\x98\xd5#S\x1b\xa5R\x11\x1bS\x0d\
HzS\x0dP1\x86\x98i\xe6\x9aj\x91$g\xad\
5\xa9\xed\xd6\x9a\xd4\xc0\x8c\xd27Jq\xa6\x9a\xa1\x11\
\x9e\x956\x9b-\xb5\xbe\xa5i5\xe4^u\xacs+\
M\x1f\xf7\x94u\xa8\xa9\x87\xadP\x99\xde|Y\xf1/\
\x87\xbcE&\x98tI\x12i \x0f\xe6:FT*\
\x100\xbd:\xe6\xbc\xf4\xf5\xa9\x0fZcu\xaaB\x18\
i\xadNji\xe9T!\x86\x9bN4\xda`6\x98\
\xd4\xf3\xd6\x9a\xd5HDm\xd6\x9ai\xcdHj\x80a\
\xe9M=)\xc7\xbd%4!\x86\x9bN<SMR\
\x13\x18z\xd3[\xad=\xba\xd3Z\xa8C\x0d4\xd3\x8d\
Ikeu\x7f7\x91gm5\xcc\xa4gdJX\
\xe3\xd6\xa90+\x9aJs+#\x15e*\xcapA\
\x18 \xfaSi\x88m5\xa9\xe6\x9a\xd5HC)\x1b\
\xa5-'jh\x06RR\xd2U!!)\xb4\xe3H\
j\x840\xd2\x1asSM0\x1aj\x1b\xbf\xf8\xf7\x7f\
\xc3\xf9\xd4\xe6\xa0\xbb\xff\x00\x8fv\xfc?\x9d\x12\xf8X\
2q\xd2\x94R\x0e\x94\xa2\x98!E:\x90R\xd2`\
-8RR\xd4\x8cr\xd3\x855i\xc2\xa5\x80\xeaZ\
A\xd6\x94u\xa9\x18\xeau \xa5\xa4\xc6(\xa7\x0ah\
\xe9O\x14\x98\x0a)@\xa4\x14\xe5\xebP4>\x9c:\
SE>\x93\x01V\x9c)\xa3\x8ap\xe9P\xca\x1c\xbd\
i\xc2\x9a\xb4\xe1H\x07\x0e\xb5%F\xbdjN\xf4\x98\
\xc7\x0a\x96\xd9bk\x88\x96\xe1\xd9 .\x04\x8e\x83,\
\xab\x9eH\x15\x10\xa7\x0a\x81\x9d'\x8d-<'g{\
o\x1f\x84\xefg\xbb\x8bg\xfaCI\x92\xa1\xb8\xc6\x09\
\xeey\xc8\xac\x01M\x14\xe1H\x07\x0ap\xa6\x8ax\xa4\
4:\x9e\xbd)\x95 \xe9R1\xcbN^\xb4\xd1\xd2\
\x9e\xb5#\x1c\xbdi\xc3\xad5i\xc2\xa5\x80\xe1O\x14\
\xd1O\x15,c\x85>\x9a\xa2\x9c*F=EH\xbd\
\xa9\x89R/ZLd\x82\xa4^\x94\xc1R\x0a\x96\x08\
z\xd4\x8bL\x1d)\xeb\xd2\xa4\xa4H\x9djE\xebL\
N\x95\x22R\x01\xeb\xd6\xa5\x15\x1au\xa9GZL\x07\
\x81R-0T\x8b\xd2\xa4\xa1\xea*AL^\x94\xf5\
\xebI\x81 \xa9\x051z\xd3\xc7Z\x91\x92\x0e\x95\x22\
\xf4\xae\x8bE\xf0\xdd\x8d\xfe\x81%\xec\xf2\xb0\x9b\xe7!\
\x83q\x1e=Es\x89\xca\x83C@\x99\x22T\x88*\
5\xe9R\xa5&1J+\xfc\xac2*\x09lH\xe6\
3\x91\xe8j\xd2S\xd7\xadKD\xca\x0a[\x99eH\
8 \x83V\xec\xef\xeelH\xf2%*?\xbayS\
\xf8U\xb7\x85%\x18e\x06\xa0{\x129\x8c\xe7\xd8\xd4\
8\xdfC\x9eT_\xa9\xb3g\xe2h\xd8\x01u\x11\x8c\
\xff\x00}9\x1f\x95k\xdb\xddAt7A2H=\
\x8f5\xc522p\xcaG\xd6\x952\xa7p$\x1fP\
pk\x09a\xe2\xf6\xd0\xe5t#}4;\xc0)\xc2\
\xb9+]j\xfa\xdf\x8f;\xccQ\xd9\xc6kN\xdf\xc4\
\xaap'\xb6#\xdd\x0db\xe8Ilf\xe8\xc9\x1b\x94\
\xa2\xa8E\xad\xd8K\xff\x00-\x8a\x1fGR*\xd2]\
\xdbI\xf7g\x88\xff\x00\xc0\xab7\x19-\xd1<\xadn\
\x84\xbc\xb2\x8e\xf6-\xae>a\xf7Oq\x5c\xfb\xd8\xcd\
\x13\xe0)q\xd8\x8a\xe9\x84\xd1\x7f\xcfX\xff\x00\xef\xa1\
T.\xa7\x81%s\xe6\xa0\x1e\xc6\xb7\xa3'\xb1\xa4'\
(\xec3LG\xb5\x11\x86\xeaI\xc8\xf4\xcdI\xa9k\
\x02\x02\xd0\xdb\x10\xd2tg\xec\xbfOz\xcd\xba\xbf2\
\x0d\x91eW\xbbw5P\x0e\x95\xb3\xa6\x9b\xbb5\x8d\
;\xbei\x0e\xc9bI$\xb1\xe4\x93\xd4\xd5\xeb[\x1e\
\x92J>\x8bE\x8d\xa6?{ \xfa\x0a\xbc+C\xb2\
\x9d>\xacQN\xa4\xa5\x1di\x9b\x8e\x02\x94Rw\xa7\
S@R\xd5$\xdb\x00O\xef\x1a\xcc\x03$\x01\xdf\x8a\
\xb9\xaa\xb6fT\xec\x05Ga\x17\x9bt\xbcd/\xcc\
j\x91\xc3ZZ\xb6^\xbc\x93\xec\xd6\x81W\x86  \
\xab\x9a6\x92-\xd4\x5c\xce\xbf\xbd#\xe5S\xfc\x03\xfc\
im\xadR\xe2\xea9\x1cn\xf2\xb9\x00\xf4\xcdj\x8a\
\xc2\xac\xed\xee\xa3\xcf\xe7\xb4l\x85\xa2\x8a\x05`\x8c\xc5\
\xa2\x8a(\x10\xa3\xa58S]\x965\xdc\xec\xa8\xbe\xa4\
\xe2\xb3\xeeu\xeb82#&v\xf4^\x9f\x9d\x5cb\
\xe5\xb0(\xb7\xb1\xa7\x8e\xd5\x9d\x7f\xadAg\x94LM\
7\xf7A\xe0}Mc^k7W\x99]\xdeTg\
\xf8S\xfa\x9a\xa3\x8cWL(u\x91\xbc(u\x915\
\xcd\xd4\xd7\x92\xf9\x93\xbe\xe3\xd8v_\xa5$Q<\xf2\
\x04\x8dK1\xec*k-:k\xc3\xf2\x8d\xa9\xdd\xcd\
o\xdaYEf\x9bc\x1f1\xea\xc7\xa9\xae\x9d\x16\x88\
\xec\xa7I\xcb\xd0f\x9d\xa7\xad\x92d\xe1\xa5o\xbc\x7f\
\xa5]\x14\x82\x9c*N\xb4\x92VB\xd2\x8aAN\x15\
@-(\xa2\x96\x98\x85\x14\xa2\x92\x9dL\x00\x0ap\xa4\
\x14\xe1LB\xd0(\x14\xa2\xa8B\x8aQ@\xa5\xa6!\
E(\xa4\xa7\x0ab\x16\x96\x90S\x850\x16\x96\x85\xa3\
\xbd1\x19^+m\x9e\x1e\xbc?\xec\x81\xfa\x8a\xf2\xd1\
^\x99\xe3V+\xe1\xcb\x81\xfd\xe2\x83\xff\x00\x1e\x15\xe6\
\x82\xb7\xa7\xb1\xbd=\x85\x15\xa3\xa4\xaf\xfa\xd3\xf4\xac\xf1\
ZzP\xfd\xd4\x87\xd5\xb1J\xab\xf7Y\xd9\x84_\xbd\
E\xf1J\x05 \xa7\x0a\xe5G\xae\xc5\xa5\xa0R\xd3$\
P)\xe0STS\xe9\x89\x80\xaa\xf2\xff\x00\xacj\xb2\
*\xbc\x9f\xeb\x1b\xeb[\xe1\xfe#\x9b\x11\xf0\xa1\xb4\xe0\
3H\x05=Eu\x9cB\x81N\x14\x80R\xd3\x10\xa2\
\x9c\x05 \xa7\x01@\x0a\x058\x0a@)\xe0PH\x01\
N\x02\x90S\x80\xa4!@\xa5\x14\x01K@\x83\x14\xe0\
(\x034\xf0)\x88\x00\xa7\x01@\x14\xe0\x0b\x1c\x0aB\
\xdctI\x93\xb8\xf4\x15>(U\x00\x00)q\x5c\xb2\
|\xce\xe7Tc\xca\xac\x18\xa5\x02\x94\x0aP)\x0e\xe0\
\x05.3J\x05.(&\xe2b\xa9\xca\xded\x85\xbb\
v\xabS\xb6\xc8\xf1\xdd\xb8\xaa\x80V\x90]NLD\
\xfe\xc8\x80U\xed\x1e\xc7\xed\xd7\xc9\x19\x1f\x22\xfc\xcd\xf4\
\xaa\x80WY\xe1\xbb/\xb3\xd9\xf9\xcc0\xf3s\xf4\x1d\
\xabC\x96N\xc8\xd6\x03\xb0\xe0Q\x8aZ)\x98\x05\x14\
b\x97\x14\x00\x94R\xe2\x8a\x00J)h\xa6\x02QK\
E \x12\x8a\x5cQ\x8a\x00J1F(\xa2\xc0&(\
\xa5\xa2\x80\x12\x93\x14\xecRR\x01\xb84\x94\xfaB(\
\x18\xda1F(\xa0\x04\x22\x92\x9dHE\x007\x14\x94\
\xeaLR\xb0\xc4\xa4\xa5\xa2\xa4\x06\xe2\xb9\x8f\x1b\xdao\
\xb7\x82\xe9G(J7\xd0\xf4\xae\xa2\xa9k\x16\x82\xf7\
M\xb8\x87\x19%r>\xa3\x9a\x0a\x8b\xb3<\xc4\x8cS\
MJ\xcb\xd8\xd4dU\x1dH\x92\xd1\xb6N\x07f\x18\
\xab\xd5\x99\x92\xa4\x11\xd4\x1c\xd6\x98!\x80a\xd0\x8c\xd6\
\x15V\xb7=\x0c\x1c\xb4q\x10\x8ad\x8b\xbdH\xa9)\
\xa6\xb3N\xda\x9d\x8d_FP\x22\x92\xa7\x9d0\xd9\xf5\
\xa8\x0dv\xc6\x5c\xca\xe7\x0c\x97+\xb0\xd2)\xa6\x9ei\
\xa6\xa8Ha\xa60\xa9\x0d5\x851\x91\xd0iM%\
!\x8c4\xd3O4\xd3@\xc8\xd8S\xa0\xff\x00Z(\
n\x94\xb0\xff\x00\xae\x155>\x06kK\xe2E\x8aC\
Ji\x0dy\xa7\xa80\x8c\xa9\x1e\xc6\xb9\xd20q]\
'z\xe7\x5ca\x8f\xb15\xb5\x0e\xa7\x9d\x98}\x97\xeb\
\xfa\x11\x9aE;]O\xa1\x06\x9ci\x8d\xc05\xb9\xe7\
\x1e\xd7nw[\xc4}QO\xe9N\xa8t\xf6\xdfa\
l\xde\xb1/\xf2\xa9\xcdr\xb3\x94m4\x8a}4\xd2\
\x01\xa6\x92\x9dM\xa4\x08i\xa6\x9ay\xa6\x9aC\x1bI\
\x8aS\xc1\xa0\xd4\x8ce!\xa7\x1aJLcM6\x9e\
i\x94\x80CM=)\xc6\x92\x90\xc6R\x1awCH\
\xd5,c\x0d%)\xa4\xa4\xc6%!\xa54\x86\xa4\x06\
\x1akS\xc8\xa6\x9aC\x1ai\xa6\x9dI@\x0d=)\
\x94\xf3L=i\x0cJa\xa9\x0d1\xa9\x08\xc0\xf1\x0b\
\xe6h\x93\xd1sT\xadl\xc4\xe0\xbb6\x14\x1c`u\
56\xb4\xfb\xef\x98\x7ftb\x9f\xa7\x7f\xa8'\xfd\xaa\
\xe9\x82\xd0\xca[\x93\xaa,j\x15\x00\x00v\xa0\xd3\x8d\
4\xd5\x12\x14\x1a(\xedR1\x0d%)\xa4\xa9\x18\x1a\
m8\xd3M!\xa04\x86\x94\xd1R23\xd6\x98\xdd\
i\xeeU9b\x05V\x96\xe5G\xdd\x19\xfa\xd0\x80{\
SH\xe2\xab=\xc4\x8c:\xe3\xe9Q\x97r>\xf1\xfc\
\xe9\x8a\xc5\xa2*3U\xbc\xd9\x07G4\xdf\xb4\xc8\x0f\
P~\xa2\x98X\xb0i\x87\xadE\xf6\xb3\x9eS\xf24\
\x1b\xb8\xfb\x86\x14\xc49\xa9\x8d\xd3=\xaa)o\x0e>\
E\xc7\xb9\xaa\x92;\xc8>f&\x98X\x9e[\xa8\xd0\
\x10>s\xedT\xe5\x9d\xe5\xe1\x8e\x07\xa0\xa4\xa6\x1e\xb4\
\x03Dd`\xd4m\xd6\xa4\x91\x95\x0f\xcc@\xaa\x93]\
\x0e\x88?\x13N\xe2\x16i\x16!\x96?\x85P\xb8\x95\
\xa59<\x01\xd0S\xa4%\xf9'&\xae\xd9\xe9f@\
$\x9caz\x85\xf5\xa4\xd8\xd2+X\xe9\xc6\xe3\xf7\x92\
\x02#\x1f\xf8\xf5k\xed\x0a\xa0\x01\x80;T\x98\x00`\
\x0c\x0aa\xac\xdb\xb9iX\x8d\x85F\xc2\xa5n\xb5\x13\
u\xa6\x04F\xa3j\x95\xba\xd4mT\x84D\xfd*#\
S7J\x89\xa8\x11\x11\xa8\xcdJj&\xebT\x22&\
\xebLz\x91\xe9\x8d\xd2\xa9\x01\x1bS\x1b\x91O=)\
\x94\xd0\x88\xe9\x94\xfai\xebV\x03\x0d0\xd3\xcfZi\
\xa6\x89#ji\xe9Oji\xaa\x023IJi*\
\x84Fz\xd3[\xad=\xba\xd3\x1a\xa8\x067Zc\xd4\
\x8dLn\x94\xd1#\x0fJa\xa7\x9amR\x10\xc3M\
\xa7\x1ai\xaa@0\xf5\xa4jsSM4&F\xdd\
)\xb4\xf3\xde\x99V\x80m6\x9cz\xd3M4!\xa7\
\xad5\xa9\xc7\xad5\xa9\xa1\x0cjkt\xa7\xb7Ji\
\xe9V!\x86\xbd\x1f\xe0\xdf\x8d4/\x09\xbe\xa5\x16\xad\
)\xb3\x96\xebcGw\xb4\xb0\xda\xb9\xca\x1cr=k\
\xce)\xb4\xa7\x058\xf2\xb2\xa3'\x17to|@\xd6\
4\xdd\x7f\xc5\xda\x86\xa7\xa4\xc6\xc9k;)\x05\x86<\
\xc6\x03\x05\xb1\xdb5\xce\x9aq\xa6\x9a\xb8\xc7\x95X\x96\
\xee\xee!\xa6\x91N4\x87\xa5Q,\x8e\x8a(\xaa@\
0\xf5\xa6\x9asu\xa6\x9a\xa4!\x0d!\xa54\x86\xa8\
\x06\xb54\xd3\xcfJm4!\xa6\xba\xfd\x0b\xc3\xbau\
\xe7\xc2\xcf\x1bk\xb7\x01$\xbe\xb1\xfb\x1cV\xe0\x9eb\
\x0fq\x18f\xc7\xb88\xaeB\x92[\xcb\x8bk\x1b\xa8\
a\x99\xe3\x8a\xe5U&@x\x91C\x86\x00\xfd\x08\x06\
\xa2\xa2\xbct\x01iE%(\xad\x00p\xa5\xa4\x14\xe1\
R\xc0ZZJZLc\xd7\xa58SGJp\xa8\
\x18\xa2\x94u\xa4\x14\xe5\xebH\x0b\xda6\x93u\xafj\
\xb6\xba]\x8a\x07\xb9\xbap\x88\x09\xc0\x1e\xa4\xfb\x01\xcd\
t\xbe6\xf8_\xabx\x1e\xce\x1b\xeb\x9b\x9b{\xcbY\
\x1f\xcbi!\xc8\xf2\xdf\xb0 \xfa\xfa\xd73\xa3\xea\x97\
:&\xa9k\xa9\xd9\xb0[\x8bY\x04\x89\x9e\x84\x8e\xc7\
\xd8\xf4\xae\xa3\xc7\xbf\x13o\xbcw\x0d\xad\xab\xd9Ga\
k\x03\x19\x0cQ\xb9\x7f1\xcfBs\xe9\xdb\xebX\xcf\
\x9f\x9d[cE\xcb\xca\xef\xb9\xc7\xe2\x9c)\xb4\xe1V\
\xc8\x1c)\xcb\xd6\x9a)\xcbR1\xe2\x9dM\x1di\xd4\
\x98\x0e\xa7Si\xd5\x0c\xa1\xcb\xd2\x9c)\xa3\xa5:\x90\
\x0eAO\x1di\xa9O\x15,b\x8ax\xa6\x8ap\xa9\
\x18\xe1NZANZ@8S\x87Zj\xd3\xd7\xad\
H\xd0\xe1O\xa6/QO\xa9e\x0f\x1d)\xc3\xa56\
\x9c)\x00\xf1\xd2\x9c\xb4\xd1\xd2\x9c*X!\xcbR\x0a\
b\xd3\xc5K\x18\xf5\xa7\x0ah\xe9N\x15#D\x89R\
%1zT\x89I\x8cz\xf5\xa9EF\xbdjA\xd6\
\xa5\x82\x1e*A\xd2\x98;T\x82\xa4\xa4H\xbd*E\
\xe9L\x1d\x05H:R\x01\xe8*U\xebQ\xa5J\xb4\
\x98\xc7\x8a\x90S\x07jx\xa9\x19\x22\xf4\xa7\xad1z\
T\x8bHc\xd2\xa4N\xb4\xc5\xe9R%H\x12+8\
\x05C\xb8V\xea\xa0\xe0\x1f\xad>\x98\xbdi\xe3\xad!\
\xa1\xe3\xa5J\xbd*1R\x0e\x940\x1e\xbd*D\xa6\
\x0e\x95\x22\xd4\x8cx\xa7\xafZh\xa9\x17\xb5 \x1cT\
0\xc1\x00\x8fz\x89\xac\xa3a\xc6T\xfbT\xc2\x9e:\
R\x17*{\x94\xcd\x8c\x8a2\xa45G\xe5:}\xe5\
\x22\xb5\x07Jz\x8e)X\x87E=\x8c\xa5\xe6\x9c\x14\
\x1e\xd5\xa9\xe4\xc6\xfdQM \xb2\x85\x8f\xdd#\xe8i\
\x13\xecY@(\xa9\x00\x02\xae\x8b\x08\xb3\xd5\xbf:\x95\
,\xe1\x07\xee\xe7\xeah\x17\xb2\x91\x9e\x91\xbc\x8d\x84R\
Mh[Y\x08\xc8i>f\xf4\xec*uP\xbc(\
\x00{S\xc5\x06\x91\xa4\x96\xacp\xe9N\x14\x94\xa2\x99\
\xa0\xa2\x9c)\xa2\x9c)\x83\x14S\x85 \xe9J)\x81\
KR\xb6i\x14J\x83%z\x8fj\xcdV*r\xa4\
\x83\xed]\x08\xaa\xf3\xe9\xd0\xcew\x01\xb1\xbdER9\
\xeaR\xbe\xa8\xa3o\xaa\xde[gd\xb9\x07\xa8a\x9a\
\xbb\x1f\x89'\x1f\xeb \x8d\xfd\xc1\xc5T\x93I\x99~\
\xe1W\xfd*&\xb1\xb9L\x86\x85\xa8p\x8b\xdd\x1c\xb2\
\xa3\xdd\x1a\xe3\xc4\xa9\x8em[>\xcfA\xf12\x8f\xbb\
js\xee\xf5\x88b\x91z\xa1\x14\x9b\x1b?t\xd2T\
a\xd8\xcf\xd8\xc7\xb1\xae\xfe%\x9c\xfd\xcbx\xd7\xeaI\
\xaa\xd2k\x97\xf2\xf1\xe7\x04\x1f\xec(\x15Q \x95\xcf\
\xcb\x1b\x1a\x9e=2\xed\xf9\xf2\x88\xfa\x9a\xa5N\x0b\xa1\
Q\xa4\xba\x22\x09$yN\xe9\x1d\x9c\xfa\xb1\xcd \xad\
8\xb47<\xcb(_e\x19\xab\xd0iv\xd0\x00v\
ooV\xad.\x8dU\x193\x12\xde\xca{\xa3\xfb\xb4\
$\x7fx\xf0+^\xd3E\x8a\x22\x1ac\xe67\xa7a\
Z\x00``\x0e)\xc2\x971\xbch\xc5n9@Q\
\x80\x00\x03\xb5- \xa5\x14#AE8R\x0ap\xaa\
@(\xa7\x01M\xa7S\x13\x14S\x854S\x851\x0a\
)i\x058S\x10\xbdi\xd4\xd1N\xaa@\x14\xe1M\
\x14\xe0)\x88QN\x02\x92\x9d\xd0S\x10\x0ap\x14\x82\
\x9c)\x88\x05:\x9a)\xc2\x98\x0b\xda\x96\x8a\x054#\
\x9e\xf1\xdbm\xd0H\xfe\xf4\x8a+\xce\x80\xafA\xf1\xf9\
\xc6\x8f\x18\xf5\x98\x7f#^}[\xc3cz{\x0a+\
_L\x18\xb7?\xefVR\x8ek_M\x1f\xe8\xbfV\
55~\x13\xb7\x07\xfc_\x91hS\xa9\x05(\xaes\
\xd5\x16\x94\x0aJz\x8ahC\x85(\xa2\x94PH\x0a\
\xaf'\xdfo\xadY\x15]\xff\x00\xd67\xd6\xba0\xfb\
\xb3\x9b\x13\xb2\x10\x0ax\x14\x8a)\xc2\xba\x8e!iE\
\x14\xa2\x98\x0a\x058\x0a@)\xe2\x81\x0a\x058\x0aA\
N\x02\x91\x22\x81N\x02\x90S\x85\x02\x0aP(\x14\xf0\
(\x01@\xa7\x01H\x05:\x82B\xa6\x8507\x1f\xc2\
\xa3D\xdc\xc0U\x90+:\xb2\xe8\x8diF\xfa\x80\x14\
\xe0(\x02\x9dX\x1b6\x18\xa5\xc5(\x18\xa5\x02\x82C\
\x14\xa0P\x05$\x8d\xb1\x0bS%\xbbj\xca\xd3\xb6\xe9\
\x08\xec\xbcS\x00\xa5\x02\x9c\x05n\x95\x8f:R\xbb\xb9\
5\x85\xa1\xbc\xbb\x8e\x01\xd1\x8f?J\xeeQ\x02(U\
\x18\x00`\x0a\xc2\xf0\xc5\x9e\x16K\xa6\x1c\x9f\x95\x7f\xad\
oU\x18M\xdd\x85\x14\xb8\xa3\x14\x12%\x14\xb8\xa5\xa6\
\x02Q\x8aZ(\x011F)h\xa0\x04\xc5\x18\xa5\xa2\
\x80\x1bE:\x8a\x00m\x14\xb8\xa3\x14\x80LRR\xd1\
E\x80LQKF)\x00\x98\xa4\xa5\xa2\x90\x0d\x22\x93\
\x14\xecR\x11@\x0d\xa2\x96\x8cP1\x08\xcd7\x14\xea\
\x0d\x000\xd2S\xb1I\x8aM\x0cJJZ)\x01\xe6\
\xba\xe5\x9f\xd8\xb5K\x88@\xc2\xee\xdc\xbfC\xcdg0\
\xae\xb3\xc7\x16\x9bf\x82\xe8\x0f\xbe\x0a7\xd4W*h\
:b\xee\x88\x8d_\xb4m\xd0\x0fU\xe2\xa9\x11\x8a\xb1\
b\xdf3\xa7\xa8\xcdMEtu\xe1\xa5i\xfa\x96i\
\x0d8\xd2\x1a\xe7=B9\x17z\x11\xde\xa9\x91W\x8d\
U\x9d6\xb6{\x1ekz2\xfb&\x15\xe3\xf6\x88i\
\xa6\x9ci\x0dt\x1c\xc3\x0d4\xd3\xcd4\xd0Q\x19\x14\
\xda{\x0ae1\x88i\xa6\x9fM4\x0d\x0c\x22\x88G\
\xefE)\xa2/\xf5\xabY\xcf\xe1f\x94\xbe$X4\
\x94\xb4\x95\xe7\x1e\xaa\x13\xbds\xf3\x0cH\xe3\xfd\xa3]\
\x07z\xc2\xb9\x18\xb8\x94\x7f\xb4kj;\xb3\x830^\
\xecYX\xd3Xpi\xec9\xa6\x9a\xdc\xf3\x0f`\xd1\
\x1f\xcc\xd1\xec\xdb\xd6!Wk3\xc2\xef\xe6xz\xc1\
\xbf\xe9\x9f\xf55\xa7\x5c\xcfs\x95\xee4\xd2S\x8d4\
\xd4\x88i\x18\xa44\xe28\xa6\xd2\x18\x86\x9ai\xd4\x94\
\x98\xc6\x1aN\xa2\x96\x92\x90!\x0d6\x9ci\x0d!\x8d\
\xa6\x9au4\xd2\x18\x86\x9ai\xc6\x92\xa4c\x0d!\xe9\
N=);Rc\x18i\xb4\xe3M5#\x0aJZ\
CR\x03\x1b\x83Hi\xcdM4\x860\xd2\x1aq\xa4\
4\x00\xd3L4\xf3M4\x866\x9a\xd4\xeaCH\x0e\
KS?\xe9\xf3\x7f\xbdVt\xfe-\xbf\xe0F\xa0\xd5\
\xd7m\xfc\x9e\xe75>\x9f\xff\x00\x1e\xdf\xf0#]Q\
\xd8\xc2[\x96\x0d!\xa54\x86\x98\x84\xa0QE&1\
\x0d\x14\xb4\x84\xe0d\x9c\x0a\x961)\x08\xa8\x9e\xe5G\
\x0a7\x1f\xd2\xa0y]\xfe\xf1\xfc\x05K\x1a'y\xd1\
;\xe4\xfa\x0a\x85\xae\x1d\x81\xc7\xca**\x05H\xc4~\
y9&\xa3n\x95#t\xa8\xd8\x8098\xa423\
M\xa6\xb4\xc8:sP\xb4\xed\xdb\x02\x9d\xc4H\xc3\x15\
\x0b\xba)\xe5\x85C#1<\x93L1\xb3\xfd\xd5'\
\xe8(\xb8\x12<\xf1\x8e\xe4\xfe\x15\x13\x5c\xa6:\x13N\
\xfb\x0d\xc3\x8e##\xebCi\xb3\x85%\xb6\x00=M\
1\x105\xd0\xc7\xdd?\x9dDn\x8fd\x1f\x9d?\xec\
\xce{\x8aa\xb5o\xef\x0az\x81\x0b\x5c\xbf`\x05B\
\xf3HO,jY\xa2\xf2\x8f,\x09\xf4\x15\x0e\xd6v\
\x0a\xa0\x92z\x01L\x08\x9f\x93\x9aX\xac\xe6\xb9?\xbb\
C\x8fS\xd2\xb5mt\x90\x80I>\x09\xfe\xefaW\
\xb0\x00\xc0\x1cT\xb9v\x1a\x89\x9fk\xa6Eo\xf3\xb7\
\xce\xfe\xa7\xa0\xa9\xeaSQ\x9e\xb57*\xc4G\xad0\
\xd4\x87\xadF\xddh\x026\xebQ\xb8\xa9Z\xa3n\x95\
B\x22qQ\xb5H\xfd)\x87\xa54\x04L*\x13S\
\xb7J\x85\x87Z\xa2H\x9b\xadF\xd5+TmM\x01\
\x13t\xa8\xcfJ\x95\xaa3M\x08\x8e\x98)\xe6\x98x\
5HL\x8c\x8ei\x8d\xd6\x9e\xdc\x1akU\x80\xc6\xa6\
5=\xa9\xa7\xa54!\x8dL\xa7\x9aeP\x86\x1am\
=\xbb\xd3\x0dR\x10\xc6\xa6\xb7J{S\x0fJh\x06\
\x1e\x94\xd23O=)\x95H\x92:i\xebN\xa6\x9e\
\xb5HCOZa\xa7\xb7ZkS@1\xa9\xa7\xa5\
<\xf4\xa6U!1\x86\x99R\x1a\x8e\xa9\x00\xd3M=\
i\xedL>\xb5@5\x87\x14\xd3\xd2\x9e\xdd)\x94\xc4\
4\xf4\xa6\xd3\xe9\x95D\x8c4\xd3\xd6\x9cz\xd2\x1e\xb5\
H\x18\xc3\xd6\x90\xd3\x8d4\xd5\x08i\xa44\xb4\x94\xd0\
\x0c4\x94\xa6\x90\xd5\x08kSM9\xa9\xa6\x9a\x10\xd3\
HzS\xa9\xa7\xa5P\x09M\xa7Sj\x90\x86\xd4\x17\
\x7f\xf1\xee\xff\x00\x87\xf3\xab\x06\xab\xdd\xff\x00\xc7\xbb\xfe\
\x1f\xce\x94\xbe\x16\x04\xf4\xe5\xa6\xd3\x96\xa8\x07\x0aQ\xd6\
\x90R\x8a\x90\x14S\x854R\xd2c\x1f\xd2\x9c))\
j\x06(\xa7-4S\x85 \x1c)E \xa5\x14\x86\
8S\x854S\x87J\x96\x03\x859)\xa2\x9e\xbd*\
F9z\xd3\xa9\xabV\xb4\xf9\xe2\xb5\xd4-\xae. \
\xfbD1J\xaf$9\xc7\x98\xa0\xf2*X\xd1\x08 \
\x9cs\x91\xd8\x8cS\xab\xb4\xf8\xa5\xe2\xad\x13\xc5Z\x9d\
\x8c\xba$Cd\x10\x95\x96o+\xcb.N0\xb8\xff\
\x00g\xd6\xb8\xba\xce-\xb5v\xacSVv\x1c:S\
\xa9\x05-0$QN\x14\xd1N\x15,\x07\x0ap\xa6\
\x8ax\xa9c\x1c)\xc3\xa54t\xa7\x8e\x94\x98\x0eZ\
r\xd3GJr\xd4\xb1\xa1\xeb\xd6\x9e:\xd3\x12\x9e:\
\xd4\xb2\x87S\xe9\x82\x9e:\xd2\x01\xd4\xe1M\x14\xf1R\
\xc6\x87-<SV\x9e*X\x0e\x14\xe1IN\x15#\
D\x8b\xd2\xa4N\x94\xc1R/J\x962D\xa9\x17\xad\
F\x9d*E\xa4\xc6H\xbdi\xe3\xa8\xa6-H\xbdj\
F\x89\x05H;S\x07Zx\xa4\x04\xabR-F\xb5\
*\x0a\x961\xe2\xa4\x1di\x8b\xd6\x9e\xbdi\x0c\x90\x0a\
z\xf4\xa6\x0a\x90t\xa42E\xe9R'J\x8ct\xa9\
W\xa5K\x01\xcb\xd6\xa4\x14\xc5\xa7\xad!\x8f\x1djQ\
Q\xafZ\x90R`H\x05H\xb5\x18\xebR-!\x8f\
\x15\x22\x8ab\xd4\x89H\x07S\xe9\xa3\xad<u\xa44\
>\xa4^\x95\x1dH(\x18\xf5\xe9R%0t\xa9\x13\
\xa5K\x01\xebN\x14\xd5\xa7\x8e\x94\x80\x05<SE9\
i\x80\xeaZJZb\x14S\xbbR\x0aw\xa50\x16\
\x9dIKLC\x87JQIN\x15@Mg?\xd9\
\xae\x12m\xa1\xf6\xf65-\xed\xd0\xbc\x9f\xcd\x11\xf9|\
c\x1e\xb5XS\x85\x17\xd2\xc2\xb7Qp\x0faJ\x15\
\x7f\xba?*\x05(\xa0\x05\x00\x0e\x80\x0ar\xd3i\xeb\
L\x05\xa7R\x0e\xb4\xb4\xc4(\xa7\x0ao\xa58SC\
c\xa9E%-Q\x22\x8ap\xa6\x8ax\xa6\x02\x8e\xb4\
\xeaj\xd3\xa9\xa1\x0bKH)\xc2\xa8B\xd2\xd2\x0ap\
\xa0B\x8aZ(\xaa\x13\x14S\x85%:\x9a\x00\x14\xe1\
H)j\x89\x14\x0au \xa5\xa0\x05\x14\xe1M\x14\xf1\
LAJ))j\x90\x1c\xaf\xc4#\x8d6\xd8z\xcb\
\x9f\xd0\xd7\x06+\xb9\xf8\x88\x7f\xd1,\xc7\xfbg\xf9W\
\x0c+hloOa\xea+_O\xff\x00\x8fU\xfa\
\x9a\xc9\x15\xb1\xa7\x8f\xf4H\xff\x00\x1f\xe7SWc\xbb\
\x05\xfcG\xe8Y\x14\xa2\x92\x96\xb9\xcfQ\x8a)\xe0S\
@\xa7\x8ad\xb1ih\xc5\x02\x82E\x15]\xfe\xfb}\
j\xc8\xaa\xe7\xef\xb7\xd6\xba0\xfb\xb3\x9b\x11\xb2\x14S\
\x85 \xa5\xae\xa4q\x8a)\xc0R\x0ap\xa6\x02\x8ax\
\xa6\x8ax\xa0\x96(\xa7\x0aAN\x14\x84(\xa5\xa0R\
\x8a\x04*\x8ax\x14\x80S\x852X\xa2\x9c\x05%I\
\x12noaI\xbb+\x82Wv$\x89v\xae{\x9a\
\x90\x0a\x05:\xb9[\xbb\xb9\xd4\x95\x95\x85\xc58\x0a@\
)\xc2\x90\x80\x0aZ\x05(\xa6K\x00*+\x83\x92\x17\
\xd3\x93S\x8e9\xedU\x09,\xc5\x8fSZAja\
^VV\x10\x0a|q\xb4\xae\xa8\xa3,\xc7\x02\x90\x0a\
\xd6\xf0\xed\xaf\x9dy\xe6\x91\xf2\xc43\xf8\xd6\x87\x1bv\
GGin\xb6\xb6\xf1\xc2\xbd\x10b\xa5\xa5\xa2\xa8\xc0\
(\xa2\x8a\x04\x14QK\x8a\x02\xe2QE\x14\x00QE\
\x14\x00QK\x8aJ\x02\xe1E\x14P\x01E\x14P0\
\xa4\xc5-\x14\x00\x98\xa4\xa7QH\x06\xd1\xd6\x97\x14\x94\
\x80JLS\x8d% \x1aE%?\x14\xd3Lbb\
\x92\x96\x83H\x06\x9aB)\xd4\x94\x00\xdaJq\xa45\
#2<Qi\xf6\xad\x1el\x0c\xb4xq\xf8W\x9e\
\x9a\xf5i#\x12\xc6\xd1\xb7F\x05My}\xd4\x0dm\
q$,0Q\x88\xa0\xda\x93\xe8WaN\xb6m\x97\
\x09\xef\xc5!\xa6gk\x03\xe8hj\xe8\xde\x12\xe5i\
\x9al))\xc7\x9e}i\xb5\xca{Hi\x15\x14\xc9\
\xb9=\xc5Li\xa6\x9avw@\xd5\xd5\x99@\xd3j\
Y\x93c\x91\xdb\xa8\xa8\xeb\xb5;\xab\xa3\x85\xab;1\
\xa6\x9ai\xc6\x9ai\x82\x1aEFjS\xd2\xa3n\xb4\
\xcaCi\x0d-!\xa4\x03M\x11\x7f\xacZ\x0d,_\
\xebV\xa6\x7f\x0b4\xa7\xf1\x22cHi\xc6\x90\xd7\x9a\
z\xa8i\xacK\xd1\x8b\xb9~\xb5\xb9X\xba\x80\xc5\xdc\
\x9f\x87\xf2\xadh\xeeq\xe3\xfe\x05\xeaUoZa\xa7\
\xb7Ja\xae\x83\xc9G\xaax9\xb7xn\xcf\xd9H\
\xfdMlV\x1f\x81\xce\xef\x0e[\xfb3\x0f\xd6\xb7k\
\x9e[\x9c\xd2\xdd\x8d4\xd3O\xa6\x9a\x81\x08i\xb4\xea\
F\xa4\x03)\x0d8\xd2\x1a\x060\xd2\x1aSIR\xc6\
\x844\xd3N\xa4\xa41\xa6\x9ai\xc6\x9ai\x0d\x0d\xa4\
\xa7\x1ai\xebR\xc0CM\xa7\x1am\x22\x86\xb54\xd3\
\xcd0\xd4\x8cJCKA\xa4\x03[\xa56\x9czS\
jF\x86\x9am8\xd3M\x00%0\xd3\xcd4\xd2\x01\
\x9d\x0dO\xfd\x9fpmM\xd6\xd1\xe5u\xeb\xce=j\
\x13O\xfbT\xe2\x0f\xb3\x89\x0f\x95\xfd\xda\x15\xba\x839\
o\x10\xa6\xdb\xc5o\xef%7Ml\xc4\xe3\xd0\xd5\xbf\
\x12E\xf2C(\xecJ\x9a\xcf\xd3\x1b\x0e\xeb\xea3[\
\xc1\xe8\x8c\xa5\xb9~\x90\xd2\xd3$\x91c\xfb\xc7\xf0\xab\
$Zk2\xa7,@\xa8\x1e\xe5\x9b\x84\x1b}\xfb\xd4\
'$\xe4\xf3\xefI\x94\x91;\xdc\xf6A\xf8\x9a\x81\x99\
\x9c\xe5\x8ei\x19\x95z\xb0\x15\x19\xb8Q\xd3&\xa1\x82\
$\xa45\x03\x5c7`\x05FY\xe4\xe3\x93\xf4\xa9e\
\x22\xc3H\xab\xd5\x85Fn\x00\xfb\xa0\x9atzu\xcc\
\xbc\x88\xc8\x1e\xad\xc5[\x8fE<\x19%\xfc\x14T9\
\x22\x92fs\xcc\xe4\x1eq\xf4\xa8\x82\xbc\x87\xe5\x05\x8f\
\xb5o\xa6\x9bm\x1f\xf0n?\xed\x1a\x94\x22\xa7\x0a\xa0\
\x0faP\xe6R\x89\xcbK\x1bD\xfb]v\xb0\xedK\
ong\x93\x03\x85\x1dO\xa5Iu\x99.\xdf\xd4\xb6\
+E\x22XP\x22\xf4\x1d}\xcdh\xb5!\x90\x8bH\
#\xe4F\x09\xf5<\xd3\x8f\x03\x81\x8f\xa5H\xdd)\x87\
\xa5Q\x04M\xd0\x92j\x84\xf3\x19N\x07\xdd\x1d=\xea\
k\x99\xb7\xe5\x17\xee\x8e\xa7\xd6\xaa\xd3\x02:\xab<\xfb\
\x09U\xe5\xbd})\xf3\xcf\x82UO\xd4\xd3ml^\
\xed\xf3\xf7Puj\x1b\xb0\xecW\x86\xda[\xb9v\xa0\
\xfa\xb1\xe8+^\xde\xca;U\xf9F_\xbb\x1a\xb2\x90\
\xa4\x08\x125\xc0\x14\x8dY9\x5c\xd1+\x11\xb0\xe2\xa2\
53TF\x84\x04g\xadD\xddjV\xebQ\xbfZ\
`D\xddi\x8dR5F\xdd)\x88\xd6\xd1\xf4{-\
OO\xba\x92k\xb1\x0d\xc4g\xe4\xc9\xc0Q\xea}s\
X'\x95\xa9\x19A\x1c\x8aa\xe9U}\x89I\xdd\xea\
D\xc3\x8a\x8c\xf4\xa9\x0dFhC#\x22\xa2n\xb51\
\xa8\x9a\xa8\x96B\xd5\x1bt\xa9Z\xa3j\xa4\x04MQ\
\x9a\x94\xd4g\xad4\x22& d\x93\xc55\xc3 \x0c\
\xe8\xea\xad\xd0\xb2\x90\x0dt\xbe\x04\xd3\xed5\x0dx\x8b\
\xb5Y\x041\x19#\x8d\xba3z\xfb\xe2\xbd2Hb\
\xbbC\x04\xf1$\xb1\xb8\xdaQ\x94`\x8a\xe8\xa7E\xc9\
\x5c\xe7\xab]A\xda\xc7\x85?jct\xabz\x9d\xbc\
v\x97\xf76\xf1>\xf8\xe1\x95\x91\x1b\xd4\x03U\x0fJ\
\x84o\xd0i\xe9L=)\xe7\xa56\x811\x86\xa3\xa9\
\x0dFz\xd5!\x0dn\xb4\xc3Oji\xaaB\x1a\xd4\
\xc3O=)\x86\xa9\x00\xc3L\xa7\x9aeR\x10\xc3\xd6\
\x9a\xddi\xcd\xd6\x9a\xd5HC\x1a\x9a\xd4\xf6\xe9L=\
)\x88i\xe9M\xa7Si\x83\x18zS\x0fZy\xef\
L=j\xd0\x86\x9ai\xa7\x1ai\xa6\x03OJm;\
\xb1\xa6\xd5\x08m0\xf5\xa7\xf7\xa6\x9e\xb5D\x8c=i\
\xa6\x9c\xddi\xadT\x80i\xa6\x9aq\xa6\x9a\xa1\x09M\
4\xeam4\x03M6\x9ci\xb5HCZ\x9ai\xe7\
\xa52\x98\x98\x94\xdau%R\x01\xb4\xdau4\xf5\xa6\
\x84!\xa8.\xff\x00\xe3\xdd\xff\x00\x0f\xe7S\x9a\x82\xf3\
\xfe=\xdf\xf0\xfetKf\x04\xd4\xe1\xd2\x9bN\x1d*\
\x80p\xa5\x14\x82\x94T\x80\xa2\x9c:\xd3E9z\xd2\
c\x1fKIKP1i\xe3\xa56\x9c)\x02\x1dJ\
:\xd2R\x8a\x91\x8e\x14\xeam:\xa5\x80\xb4\xf5\xe9L\
\x14\xf5\xe9Hc\xd6\x9c:\xd3W\xa58T\xb1\x8e\x1d\
iE \xae\xa3\xc0\xdaW\x85u[\x8b\x98\xfcM\xaa\
\xc9`@Ql\x14\x95V'9%\xb0zzTI\
\xdbQ\xa5}\x0elR\x8e\xb4\xf9\xe3H\xaef\x8e)\
|\xe8\xd1\xd9RLcz\x83\xc1\xc7\xbd4u\xa0\x07\
\x8ap\xa4\x1d)EK\x1a\x1e)\xd4\xd1\xd6\x9c*X\
\xc7S\xe9\x94\xfa\x96\x03\x87Jz\xf4\xa6\x0ax\xe9I\
\x94\x87\xa7Jr\xd3W\xa5=j@p\xebN\x1di\
\xabOZ\x961\xc2\x9c)\xa2\x9c*F\x87\xafJx\
\xebLZz\xd2`>\x9c:\xd2S\x97\xa8\xa9\x1a$\
\xa9EER\x8a\x962E\xe9OZb\xf4\xa9\x16\xa5\
\x8cz\xd4\xa9\xd6\xa3Z\x91:\xd2\x19\x22\xf5\xa9\x05F\
\xb5 \xa4\x04\xab\xd2\xa4N\xd5\x1a\xf4\xa9V\xa5\x8d\x0f\
Z\x91j5\xa9\x13\xad!\x8f\x1djAL\x1djA\
\xda\xa4c\xeaQ\xd2\xa3\x1djAI\x81\x22\xf4\xa7\xad\
0t\xa7\xad!\x92-H\xb5\x1aT\x8b\xd6\x93\x02A\
R-F*QHc\x96\xa5J\x8cT\x8b\xd2\x93\x01\
\xc3\xad=z\xd3V\x9e\xbdi\x14<u\xa9\x07Z\x8d\
z\xd4\x83\xad\x00<T\x8b\xd2\x99R/J\x90\x1e:\
S\xbbSE;\xb5 \x14t\xa7\xad0S\xc50\x16\
\x96\x90S\x85P\x0a)\xc2\x9a)\xc3\xad\x02\x1c)G\
ZAN\x1di\xa1\x0a)\xdd\xa9\xa2\x9c*\x80\xb74\
v\xc9j\x867\x0d.y>\xb5\x08\xa6\x0ax\xa6\xdd\
\xc9J\xc2\xd3\x85%-!\x8bN\x1d)\xb4\xfa`*\
\xd3\xa9\x07JZb\x01O\x14\xdap\xa6\x0c^\xf4\xb4\
\x82\x9c*\x84(\xa7\x0ah\xa7\x0a`8R\x8aAJ\
)\xa2X\xa2\x9c)\x05-P\x85\x14\xe1H)\xc2\x9a\
\x01h\x14R\x8a\xa1\x0a9\xa7R\x0aZh\x05\x14\xb4\
\x82\x9c)\x92(\xe9KE\x14\xd0\x0e\x14\xe1\xd2\x9a)\
\xfd\xa9\x88\x05(\xa4\xa5\x14\xc0\xe3\xfe#\x1cEd=\
\xd8\xff\x00*\xe2Ev\x9f\x11\xfaX\x0f\xf7\xff\x00\xa5\
q\x8a9\xad\xe3\xb1\xbc>\x11\xe2\xb6,8\xb4\x8f\xe8\
\x7f\x9dc\x8a\xd9\xb1\xff\x00\x8fH\xfe\x95\x15v;\xf0\
?\x1b\xf4\xff\x00\x22zZ\x05(\xaes\xd2\x1c\xb4\xe1\
M^\x94\xfad\xb1E(\xa4\xa5\x14\x08p\xaa\xe4|\
\xcd\xf5\xab\x02\xa0o\xbe\xdfZ\xe9\xa1\xbb9q;!\
E(\xa4\x14\xa2\xba\x8eA\xc2\x9c)\xa2\x9e(\x13\x14\
S\xc54S\x85\x22G\x0ap\xa6\x8ap\xa0B\xd3\x97\
\xad4T\x8a(@(\xa7\x0aAN\xa0\x91EX\x8d\
v\xae;\x9e\xb5\x14+\xb9\xb3\xd8U\x81X\xd5\x97C\
jQ\xea(\x14\xe1H)\xc0VE\xb1i\xc2\x90S\
\x8510\x14\xe0)\x058SD\x91\xce\xdbc\xc7v\
\xe2\xa0\x02\xa4\x9d\xb3&=)\x80V\xd1VG\x15Y\
^@\x05u\xba\x15\xaf\xd9\xac\x14\x91\xf3I\xf3\x1f\xe9\
\x5c\xd5\x95\xb9\xba\xba\x8e\x11\xfcG\x9f\xa5v\xaa\xa1T\
(\xe88\xaaG<\xdfAh\xa2\x80)\x99\x07J\x5c\
\xd2f\x8a\x04\x14QF(\x00\xa2\x8cR\xe2\x80\x12\x8a\
\x5cQ\x8a\x00J(\xc5\x14\x00\xb9\xa4\xebE\x19\xa0\x02\
\x8a\x08\xa2\x81\x85\x14Q@\xc2\x8a(\xa0\x02\x93\x14\xb4\
R\x01\xb4R\xd2R\x011HE:\x90\xd2\x01\xb4\x94\
\xb4\x94\xc6\x06\x92\x96\x83H\x06\x9aJSII\x8cC\
\x5c\x0f\x8bm~\xcf\xab\xbb\x81\xc4\xc0?\xe3\xde\xbb\xea\
\xe6<ok\xba\xda\x0b\x90>\xe3\x15?CH\xb8;\
3\x8d5\x1b\x0a\x94\xd3\x1b\xa53\xa0\xbf\x03n\x81\x0f\
\xb5)\x15\x1d\x99\xcc\x18\xf4&\xa55\xcb%f{\x14\
\x9d\xe2\x98\xdai\xa7R\x1aF\xa4\x17\x0b\xb93\xdcU\
SW\xcdRu\xd8\xc5}+\xa2\x8c\xb4\xe59\xeb\xc6\
\xcf\x98a\xa6\x9aq\xa6\x9a\xdc\xc0i\xa65<\xd3[\
\xa1\xa62:)M%!\x8c\xa5\x8b\xfdj\xd0ic\
\xff\x00Z\xb53\xf8Yp\xf8\x91;u\xa6\xd3\xda\x99\
^i\xeb!+\x1fR\x18\xbbop+b\xb2uA\
\xfe\x93\x9fU\x15\xa5/\x88\xe4\xc7\x7f\x0b\xe6R\xa6\x1a\
}1\xba\xd7I\xe4\x1e\x97\xe0\x16\xdd\xe1\xe5\x1e\x92\xb8\
\xfdk\xa15\xcc\xfc<9\xd1\x1czL\xd5\xd3\x9a\xe7\
\x96\xe7<\xb7ci\xa6\x9dHjI\x1bHy\xa5\xa0\
\xd2\x01\x94\x94\xeaJCC)\xa6\x9ci\x0dK\x18\x86\
\x9ai\xc6\x9ai\x0ci\xebHi\xc6\x9ai\x0d\x0d4\
\x86\x94\xd2R\x01\x0d4\xd2\x9aCRP\xd3L\xa9\x0d\
0\xd2\x044QGz\x0dK\x18\x94\xce\xf4\xf3L=\
i\x0d\x08\xd4\xd3N4\xd3H\x06\x9ai\xa7\x9aa\xa4\
\x03OJCN4\xd3@\xca\x1a\xc4\x1eu\x84\x80\x0e\
W\xe6\x1f\x85sV\xd3y2\xab\xf6\x1dk\xb1e\x0c\
\x0a\x91\x90x5\xc9\xde\xd9Ig3)S\xb7?+\
c\xa8\xad)\xbe\x86sD\xb2\xdf\x03\xf7N\xd1\xed\xd6\
\xab5\xc0\xec\x09\xfa\xd3c\xb7\x9ac\x88\xe3v\xfa\x0a\
\xb9\x16\x87u'\xdf\xdb\x18\xf795\xa3\x92D\xa4Q\
k\x87=0)\x85\xd9\xba\x92kv-\x06\x04\xe6G\
i\x0f\xb7\x02\xad\xc5g\x04\x1f\xea\xe2Q\xef\x8ek7\
Q\x16\xa0\xcez++\x89\xb9H\x98\x8fS\xc0\xabQ\
hr\xb72H\xa9\xec9\xad\xc6\xa45\x9b\x9be(\
\xa3>-\x1e\xda?\xbc\x19\xcf\xb9\xab+\x0cq\x0f\x91\
\x15~\x82\xa54\xd3Y\xb6\xd9V\xb0\xd3M4\xe3M\
5%\x08j6\xa9)\x8d@\x1c\xd5\xea\x98\xae\xdf\xd4\
6kE\x5cH\x8a\xe3\xa3S5\x9bR@\x9dGN\
\x1a\xa9\xd9\x5c\x88\xcf\x96\xe7\xe5n\x87\xd0\xd6\xf0wF\
2E\xe3\xd2\xab\x5c\xcb\xb1v\x8f\xbc\x7fAV%q\
\x1a\x16=\xab5\xd8\xb9,\xddMY(\x8e\xaaO?\
UO\xc4\xd3\xe6\x9b9U\xe9\xdc\xfa\xd3\xec\xb4\xe6\xb8\
o2L\x88\xbf\xf4*M\xd8v\xb9\x0d\x9d\x83]>\
\xe6\xf9c\x1d\xfdk\x5cF\xb1\xa8T\x00(\xe8\x05J\
T \x0a\xa0\x00:\x01Lj\xcd\xbb\x9a%dF\xd4\
\xc6\xa9\x1b\xa5FzR\x023Q\x1a\xd4\xd2t{\x8d\
fg\x8e\x06D\x11\x8c\xb3\xb7A\xe9Uu-:\xe3\
K\xb96\xf7*\x03\xe3p \xe40\xf5\xaa\x15\xcaM\
Q\xbdH\xd5\x1bS\x02&\xa67J\x91\xbaTg\xa5\
1\x0c=*#R\xd4f\x9a\x02#\xc5FjV\xea\
j6\xebM\x08\x88\xf5\xa8\x9csS5D\xf5D\xb2\
'\xa8\xda\xa4j\x8c\xd5 \x22j\x8d\xaaS\xd2\xa2j\
hB\xc1u=\x95\xca\x5c\xdbJ\xd1M\x19\xca:\xf5\
\x15\xb1{\xe3\xbdr\xf2\xd4\xdb\x99\xe2\x840\xc3\xbcI\
\x86a\xf5\xed\xf8V\x1bTmV\xa4\xd6\xc4\xca)\xea\
\xd0\xc20\xb8\x1d)\x87\xa5H\xdd*3\xd2\x9a\x18\xca\
m:\x9bLLa\xebLn\xb5!\xebQ\xb7Z\xa4\
!\xadLj{t\xa65R\x10\xd3\xd2\x98i\xe6\x98\
j\x90\x0c4\xd3\xd6\x9ei\x8d\xd6\x9a\x10\xc6\xebLj\
{SO\xa0\x04\x93\xd8\x0c\x93V\x841\xbaSOJ\
q\xe9M\xa6!\x94\xdau6\xa8\x18\xd3Q\xb7Z\x90\
\xf5\xa8\xdb\xadR\x10\xd3M4\xe3M4\xc0i\xa6\xd3\
\xe9\x94\xc44\xd3OZq\xa6\xb7Z\xb2F\xb7jc\
S\xda\x98zS@4\xf4\xa6\xf6\xa7\x1e\x94\x95b\x1b\
M\xa7RS@1\xba\xd3i\xc7\xad6\x9a\x10\x1e\x95\
\x19\xa9\x0fJ\x8c\xd5\x09\x89IKIT\x80ozi\
\xebO4\xd6\xa6\x844\xd4\x17\x9f\xf1\xee\xff\x00\x87\xf3\
\xa9\xcdAy\xff\x00\x1e\xed\xf8\x7f:%\xb3\x02jx\
\xe9L\xa7\x8e\x95@(\xa5\x14\x94\xa3\xa5H\x0a)\xcb\
M\x14\xe5\xa9c\x1fKIKR1\xc2\x9c)\xa2\x9c\
)\x02\x1dJ))GZ\x91\x8e\x1di\xd4\xd1\xd6\x9d\
R\xc0Z\x90t\xa8\xeaA\xd2\x90\xc7/Jp\xa6\x8e\
\x94\xe1\xd2\xa5\x8d\x0e\x14\xb8\x07\xad \xa7\x0e\xb5#\x1c\
)\xcb\xd6\x9a)\xcbHd\x82\x9c)\xa3\xa59j\x01\
\x0e\x1di\xc3\xad5i\xc3\xadK\x18\xfau4u\xa7\
R`:\x9e:Si\xc3\xa5&P\xf5\xe9OZb\
\xf4\xa7\x8a\x90\x1c)\xebLZ\x90t\xa9c\x14S\xc5\
0S\xc7J\x91\xa1\xebOQL^\x94\xf5\xa4\xc0p\
\xebO_\xbdM\x1di\xc9\xd6\xa4d\x83\xadJ*1\
\xd4T\x82\xa5\x8c\x94S\xd6\x98)\xebR\xc6H\xb5\x22\
Tb\xa5^\xb4\x86<p3\xe9\xcdojZ%\xbd\
\x8e\x83\xa7\xea\x11\x5cy\x92\xdc\x1f\xde\x0c\xf0~\x83\xdb\
\xbda-H;\x0c\x9c\x0e\x83=*X\xc9\x05J\xbd\
*1R\xafJ\x96\x03\x96\xa4J\x8djT\xa0c\xd4\
T\x8b\xd6\x98\xbdi\xeb\xd6\xa4d\x83\xadJ*%\xeb\
R\x8a@<t\xa7\xad4S\x96\x90\xc9\x16\xa5Z\x8d\
*E\xebR\xc0\x90T\x83\xa5F*A@\x0f\x15\x22\
\xf4\xa8\xc5J\xbd)2\x87-=;\xd3\x17\xa5=;\
\xd2\x19\x22\xf5\xa7\xafZb\xf5\xa9\x17\xad \x1e*A\
\xd0Tb\xa5\x14\x80p\xa7SE?\xbd \x14u\xa7\
\x8a`\xad\x18\xb4\x89]C<\x8a\x84\x8c\xe3\x19\xab\x8c\
[\xd8R\x92[\x94E:\x9d4\x12[\xc8c\x90`\
\xf6\xc7CM\x14Z\xc0\xb5\x1c)\xc2\x9a)\xc2\x84\x02\
\x8ap\xa4\x14\xa2\xa8B\x8ap\xa4\x14\xe1L\x07\x0ap\
\xa6\x8ap\xa0C\xa9i\x05(\xa0\x05\xefO\xa6\x0f\xbc\
)\xf4\xc0u-\x14SB\x14S\x854S\x850c\
\xa9E%(\xaa\x10\xa2\x9e)\x82\x9e)\x80\xa2\x94Q\
J*\x91\x22\x8au5i\xc2\x98\x85\xa7\x0am8S\
@--%-P\x87\x0aZAKLLp\xe9J\
))E1\x0e\xa5\x14\x94\xa2\x98\x0e\x1d\xa9\xc7\xad5\
i\xdd\xe9\x88)\xd4\xdap\xa6\x07\x17\xf1\x1f\xad\x87\xfc\
\x0f\xfaW\x1a\xb5\xd8\xfcF\x1f\xbc\xb0>\xcf\xfd+\x8f\
Z\xda;\x1b\xc3\xe1\x1e+b\xcb\xfe=\x22\xfaV8\
\xad\x8b/\xf8\xf5\x8f\xe9QWc\xbf\x03\xf1\xbfB\xc0\
\xa5\x14\x82\x94V\x07\xa4=zS\x85 \xa5\x14\xc9\x16\
\x9c)\xbd\xe9\xc2\x811\xc2\xa0\x7f\xf5\x8d\xf5\xa9\xc7Z\
\x86O\xf5\x86\xba(|G.#\xe1\x12\x9c)\xb4\xe1\
]g \xe1N\x14\xd1O\x14\x09\x8e\x14\xe1M\x14\xe1\
H\x91\xc2\x9c)\xa2\x9dC\x10\xa2\xa4\x14\xc5\x1c\xd3\xc5\
11\xc2\x94R\x0a\x96\x15\xcbg\xd2\xa5\xbb+\x82W\
v%E\xda\xa0T\x82\x9a)\xe2\xb9o}N\xad\x90\
\xb4\xe1H)\xc2\x82E\x14\xa2\x90S\x852X\xa2\x97\
;A'\xb74\x0ad\xe7\x11\xe3\xd6\xa9#9\xca\xc9\
\xb2\x0e\xa7'\xbd(\x14\x82\x9c+c\x84\xda\xf0\xd5\xb6\
\xe9\xa4\x9c\x8e\x14m\x1fS]\x15Q\xd1\xad\xfe\xcfa\
\x18#\xe6o\x98\xfe5{\x14\xd1\xcf'v\x1d(4\
f\x8ad\x85\x18\xa0R\xd0\x01\xd2\x8a(\xa0\x02\x8a(\
\xa0\x02\x8a(\xa0\x02\x8a(\xa0\x04\xc5\x14\xb4\x86\x80\x0a\
1E\x19\xa0\x02\x8a\x08\xa2\x81\xa0\xa2\x8a(\x18QE\
\x14\x00RR\xd1H\x06\xd2\x1aq\xa4\xa4\x03M%:\
\x92\x80\x1bE)\xa4\xa41\x0d%)\xa4\xa0\x10\x86\xb3\
|Cm\xf6\xad\x1e\xe1\x00\xcb\x05\xdc>\xa0\xd6\x91\xa6\
\xba\x09\x11\x90\xf4a\x83RRv\xd4\xf2\x83M5b\
\xee\x13os,$`\xa3\x15\xaa\xe6\x99\xd4X\xb0<\
:\xfd\x0dY5J\xcd\xb19_QWMs\xd4Z\
\x9e\x9e\x19\xde\x9a\x1bM4\xeaCPu\x0c5^\xe5\
z7\xe7VMF\xea\x18\x10{\xd3\x8c\xb9eqJ\
<\xd1\xb1L\xd3M8\x82\x0e\x0d4\xd7r8F\x9a\
i\xa7\x1ai\xa1\x0c\x8c\xd2R\x9aJ\x065\xa9c\xff\
\x00Z\xb45\x11\xff\x00\xacZS\xf8Yp\xf8\x91a\
\xa9\x86\x9e\xd4\xc3^a\xea\xa1+/U\x1f\xbeC\xea\
\xb5\xa8k7V\x1f4G\xd8\xd6\x94\xbe#\x9f\x19\xfc\
\x16g\xd3\x1b\xad>\x98\xddk\xa4\xf1\x8fA\xf8p\xd9\
\xd2\xae\x17\xd2Z\xea\xeb\x91\xf8l\xd9\xb0\xbc_I\x17\
\xf9\x1a\xeb\xeb\x09\xees\xcf\xe2c)\x0d8\xf5\xa6\x9a\
\x86H\x94\x86\x94\xd2\x1aC\x1ai\x0d)\xa44\x81\x0d\
4\xd3O\x22\x99I\x8cJoju4\xd4\x8cCM\
\xa7\xd3M!\xa1\xb4\xdau!\xa4\x03M4\xd3\x8d4\
\xd4\x8cCL=i\xe6\x98i\x0d\x08z\xd0h4\x1a\
\x91\x8d4\xd3\xd6\x9ci\xa7\xad B\x1e\x94\xca}2\
\x90\xc44\x8c\x8e\xa0\x16FPz\x12:\xd5\xad8\xc6\
/\xa2\xf3q\xb7'\xafL\xf6\xad\xddD\xc4,\xe5\xf3\
\xb1\xb3\x1d\xfd}\xaa\xa3\x0b\xab\x92\xe5gc\x95\xa6\xd2\
\x8e\x83=i\x0dAci\x84\x03\xd4f\x9ei\xad\xd6\
\x90\x0d \x01\xc0\xc54\xd3\xcfJm!\x8c4\xd3N\
4\xd2x\xa4\x08\x1b\xa56\x9cy\x14\xda@4\xd2\x1a\
SHi\x0ca\xe9M\xa7\xd3i\x0cm1\xa9\xf4\xc6\
\xa0\x08\xdc\x06\x04\x11\x90x\xc5aj\x1a{[\x92\xf1\
\x82\xd1\x9f\xfcv\xb7^\x98\xdc\x83U\x17a5s\x9b\
\xfbS\xec\x0a\xe7r\xafJ\x86Y\x8b\x8c\x0e\x07\xa5n\
\x5ci\xb0M\x92\x17c\x1e\xe2\xa1\x87I\x86&\xdc\xe7\
y\x1d\x01\xe9Z)\xa3>R\x85\x8e\x9cf>l\xc0\
\x84\xec?\xbdZ\x98\x00`\x0c\x0a\x91\xba\xd3\x0dCw\
.\xd6#z\x8d\xbaT\x8fQ\xb7J\x00\x8d\xbaTg\
\xa5HzS\x0d1\x12\xd8\xea7Zd\xa6[I|\
\xb6a\x86\xc8\xc8#\xdcU{\xcb\xa9\xefgi\xeee\
2H\xddI\xfeB\x90\xd4m\xd6\xa9\x08\x8d\xaa6\xa9\
\x1a\xa3j`D\xdd*3\xd2\xa4ja\xe9LDu\
\x19\xa9\x0dF\xd4\xd0\x88\xdb\xadF\xfdjF\xebQ\xb5\
0#j\x8aS\xb5I\xa9Z\xa3\x93\xa5P\x99\xd57\
\x81`]\x10\xde5\xe3\x8b\x81\x0f\x9d\xbb\x1f\xbb\x1cg\
\x1f\xfdz\xe2\x81\xdc\xa0\xe3\x19\xab\xad}w\xf6_\xb2\
}\xaao\xb3\xff\x00\xcf-\xdf-T4F\xe0\xda\xe8\
DzTmR\x1e\xf5\x1bU\x92F\xd4\xc6\xe9Oj\
cU\x00\xc3\xd2\xa35!\xe9Q\x9e\xb5HHe4\
\xf5\xa7SOZbcOZ\x8d\xba\xd4\x8d\xd6\x98\xf5\
HC\x1b\xa51\xa9\xed\xd2\x98\xdd*\x901\xa6\x98i\
\xe6\x98j\x844\xd3\x1b\xad<\xd3\x1a\x98\x865kx\
GV\xb3\xd0\xbcIg\xa9_\xc4\xd2\xdb\xc2[!F\
J\x920\x1b\x1d\xf1Y-M5V\xba\xb0\xbc\xcb\xde\
#\xd4-\xb5mz\xfe\xfe\xce\x1f\x22\xde\xe2R\xe8\x98\
\xc7\x1e\xbf\x8fZ\xcc\xa7\x1e\x94\xdai[@\x19M=\
i\xd4\xd3\xd4\xd5\x09\x8d4\xc7\xa7\x9ac\xd5\x22F\x1a\
CJi\x0dP\xc6\xd3\x0f\x14\xfai\xa6!\x86\x9a\xd4\
\xf3Lj\xb4H\xd6\xa6\x1e\x94\xf6\xe9L=)\xa0\x1a\
zSi\xf4\xda\xb1\x0d\xa44\xb4\x86\x9a\x01\xad\xd6\x99\
Oji\xa6!\x0d0\xd3\x8d4\xd5\x08m%-%\
R\x01\x0dv\xbe\x1a\xf83\xe3?\x17h\xbf\xdb:n\
\x9f\x10\xb4`LFiB4\xf8\xe3\xe5\x1f\x9fZ\xe2\
\x5cnR=E}=\xf0\xe7\xe3\x9f\x83l|\x13\xa7\
\xdaj\xda\x89\xb1\xbd\xb1\x81a\x92\x17\x8c\x92\xfbx\x05\
p0r1QRN;\x01\xf3\x1d\xe5\xa5\xc5\x85\xd4\
\xb6\x97p\xbc\x17\x10\xb9\x8eH\xdcr\x8c:\x83T\xef\
?\xe3\xdd\xff\x00\x0f\xe7]\x17\x8e<@\x9e*\xf1v\
\xab\xad\xc5\x19\x8e+\xc9\xcb\xc6\xa7\xa8^\x83>\xf8\x15\
\xce\xde\x7f\xc7\xbb\xfe\x1f\xce\xad\xb6\xe3\xa8\x89\xa9\xe3\xa5\
2\x9fV\x02\xd2\x8aJQR1E=i\x82\x9e\xb5\
 :\x96\x90R\xd4\x8cp\xa7\x0ah\xa7\x0a@\x87R\
\x8aAJ:\xd4\x8cp\xebN\xa6\x8e\xb4\xe1\xd6\xa5\x80\
\xb5 \xe9Q\xd4\x82\x93\x18\xe1\xd2\x9c\xb4\xd1\xd2\x9c\xb5\
#C\x85(\xebH)GZ\x91\x96l\xed$\xbe\x9d\
m\xe11\x89\x18\x12<\xc7\x08\x0e\x07\xa9\xe2\x99\xb4\xa3\
2\xb62\x0e\x0e\x0ei\x84\x06\x18 \x11\xefNQ\x81\
R2A\xd2\x9c\xb4\xd1NZ\x96\x08r\xd3\xd7\xad1\
i\xeb\xd6\xa4c\x87QN\x14\xd1\xd6\x9c:\xd2`>\
\x9c)\xa2\x9c)2\x89\x07Jp\xa6\x8e\x94\xe1R\x03\
\xc5<t\xa6\x0ax\xa9c\x14v\xa7\x8a`\xa7\xd4\x8d\
\x0f^\x94\xf5\xe9L^\x95\x22\xf4\xa9`8S\xd3\xad\
0S\xd3\xbd\x22\x89\x07Z\x90Tk\xd6\xa4\x15,\x09\
E=i\x82\xa4Z\x961\xebR\xa5D\xb5*Rc\
$^\xb5\x22\xf5\x15\x1a\xf5\xa9\x07QR\x04\xa3\xb5J\
*!R\x8e\x95,c\xd6\xa4J\x8djD\xa1\x8c\x91\
i\xeb\xd6\x98\xb4\xf4\xebR2E\xebR\x8a\x8dz\xd4\
\x82\x90\x12\x0az\xd3\x05=i\x0c\x91*E\xebQ\xa5\
H\xbdi0$^\xb5%F\xbdjAH\x07\x8a\x94\
t\xa8\xeaA\xd2\xa4\xa1\xcbR/J\x8dzT\x8b\xd2\
\x81\x8fZ\x91j5\xa9\x16\x90\x0f\x15(\xa8\x85J:\
T\x80\xf1N\xefM\x14\xea\x00tgk\xabc8 \
\xe2\xba\x18n\xe0\x9d7\xac\x8a=A8\x22\xb9\xd5\xeb\
N\x00\x1e\xd5\xad:\x8e;\x118)\x17u+\x94\xb8\
\x99Dg*\x83\x1b\xbdMU\x14\x82\x94u\xa5'w\
vTU\x95\x87S\x856\x9c) \x1dJ))E\
4!\xc2\x9c)\xa2\x9c*\x80p\xa7\x0aAW\xf4\xcd\
4_\x06v\x97j\xa9\xc6\xd1\xd6\x9aW\xd1\x09\xbb\x14\
\xc58S\xee!\xfb=\xc4\x90\xee\xdc\x14\xe3>\xb4\xc1\
@\x00\xfb\xd4\xf1\xd6\x9a\xbdi\xe3\xad\x00:\x81E\x02\
\x9a\x10\xa2\x9c:SE<S\x06--%-P\x87\
\x0ap\xa6\xd3\x87Jb\x1dJ))ER\x01\xcbJ\
)\x17\xa5(\xa6H\xe1J)\x05(\xa6\x80QN\x14\
\xd1N\x15B\x14R\x8a(\x14\xc4\xc7S\x854S\x85\
1\x0bKIKT\x03\x97\xad8R--\x08B\x8a\
QIN\x15@q\x7f\x11\x876\x07\xfd\xff\x00\xe9\x5c\
j\xd7g\xf1\x1b\xa5\x87\xfc\x0f\xfaW\x1a\xbd+X\xec\
o\x0f\x84p\xad\x9b/\xf8\xf5\x8f\xe9X\xc2\xb6l\xbf\
\xe3\xd6?\xa5Mm\x91\xdf\x81\xf8\xdf\xa1=(\xa4\xa5\
\x15\xce\x8fH\x90R\x8aAN\x14\xc9\x0ap\xa6\xd3\x85\
11\xc2\xa2\x97\xfdeJ*9\xbe\xf8\xfaV\xd4>\
#\x9a\xbf\xc22\x9c)\xb4\xe1]\x87\x18\xf1N\x14\xd1\
N\x14\x128S\x854S\xc5!\x0a)\xd4\x82\x96\x86\
!\xcbR\x0ab\xd3\xc511\xc2\xac\xa2\xed\x5cT1\
.[>\x958\xac*\xcb\xa1\xad(\xe9qE=i\
\xa2\x9c+#V9i\xc2\x9a)\xc2\x84@\xear\xd3\
iE2X\xe1PNs&=*q\xc75T\x9d\
\xccO\xadi\x05\xa9\xcf^ZXQS\xd9\xc1\xf6\x8b\
\x98\xe2\x1f\xc4\xc3?J\x82\xb6<7\x06\xfb\xa7\x98\x8e\
#\x1c}MhrI\xd9\x1d \x01@\x03\xa0\xa7\x0a\
J3T`\x14QE\x02\x14QE\x14\x00QE\x14\
\x00QE\x14\x00QE\x14\x00QE\x14\x00QE\x14\
\x00\x94QE\x00\x04\xd1@\xa0\xd00\xa2\x8a(\x18Q\
E\x14\x00QE\x14\x80)\x0d-!\xa4\x02\x1aCK\
IB\x01)\xb4\xe3Hi\x02\x10\xd3M8\xd3M\x03\
\x10\xd2R\xf6\xa4\xa43\x81\xf1m\xb7\xd9\xf5\x99\x18\x0c\
\x09@\x7f\xd2\xb1\x0du\xfe9\xb6\xca[\x5c\x81\xd0\x94\
'\xf5\xae@\xd0tA\xdd\x04-\xb2u>\xf5\xa0k\
-\x8e\x0ekP\x1d\xca\x1b\xd4f\xb1\xaa\xba\x9e\x8e\x0e\
Z44\xd2\x1aSHk#\xbd\x0d4\xd3N4\xd3\
I\x8d\x15g\x5c6}j\x13V\xe6]\xc8}G5\
P\xd7e\x19^'%h\xda^\xa3M4\xd3\x8d!\
\xe9Z#2#\xde\x92\x9c\xddM6\x98\xc4j#\xff\
\x00X\xb4\x1aX\xbf\xd6\xadD\xfe\x16]?\x89\x16\x0d\
0\xd3\xda\x98k\xcd=T4\xd6~\xac8\x88\xfdk\
@\xd5\x0dX~\xea3\xfe\xd1\xab\xa7\xf1#\x1cW\xf0\
dfS\x1a\x9ei\xad\xda\xba\x8f\x10\xee>\x1a7\xee\
o\xd7\xfd\xa4?\xa1\xae\xd0\xd7\x0f\xf0\xd4\xfc\xd7\xc3\xfd\
\xc3\xfc\xeb\xb85\x84\xf79\xe7\xf1\x0d4\xd3O#\x8a\
i\xa8d\x8d4\x86\x94\xd2R\x18\x86\x9ai\xd4\xd3H\
\x04=)\xb4\xe3M\xa4\xc66\x92\x97\xbd!\xa9\x18\x94\
\xd3\xd6\x9dM4\x81\x0d4\x87\xad)\xa44\x86!\xa6\
\x1ay\xa6\x1aC\x03\xd2\x98i\xe7\xa50\xd4\x8d\x0d\xa0\
\xd1A\xe9R1\xb4\xd6\xebO\xa67Z@\x84\xa6\x9a\
u4\xf5\xa41\xa6\x91\xdd\xdf\x01\x9d\x98\x0e\x80\x9c\xe2\
\x94\xd3M \x1ai\xa6\x9ci\x1a\x81\x8d4\xd6\xa7\x1a\
kR\x01\xa7\xa56\x9czSi\x0ci\xab\xbacZ\
 s>\xd0\xf9\xe3w\xa5R4\xda\x01\x13_\x18M\
\xc3\x1b|l\xc7n\x99\xf6\xaa\xd4\xee\xd4\xda\x90\x12\x9a\
i\xd4\xdcv\xa41\x94\x95$\xb0\xc9\x03m\x95\x0a\x13\
\xce\x0dGI\x8ci\xa67Zy\xa6\xb5\x00F\xd5\x1b\
T\x8fQ\x9e\xf4\x00\xc6\xa6\x1a\x90\xd4f\x99$M\xd6\
\x98jF\xebQ\xb7ZhdoQ\xb7J\x95\xfaT\
M\xd2\x98\x88\xcfJeHzTt\xc4Fj6\xeb\
R\x1a\x8d\xba\xd5!\x11\xb7Z\x8d\xaaF\xa8\xda\x98\x11\
\xbfz\x8c\xd4\x8fQ\xd3\x11\x1dF\xddMIQ\xb7S\
LDm\xd6\xa3~\xd5#u\xa8\xdb\xb50#n\x95\
\x1b\xf4\xa9\x1b\xa5G'J\xa4&Dj3R\x1a\x8c\
\xd3BDG\xbdF\xddjSQ7Z\xa1\x0cj\x8d\
\xbaT\x8dQ\xb50\x18z\x1aa\xebO4\xc3\xd6\xad\
\x09\x0c4\xd3\xd6\x9ci\x8d\xd6\x98\x98\xd6\xebLpv\
\xef\xda\xdb\x01\xc1lp\x0f\xd6\x9e\xdc\xd7\xa5\xf8C\xc6\
\xbe\x16\x8f\xc2+\xa2k\xab\x14\x065dx\xccd\xac\
\xe0\x92A\x04\x0e\xb5HL\xf2\xe6\xe9M=*I\xbc\
\xaf6O!]a\xde|\xb5s\x96\x0b\x9e3\xef\x8a\
\x8c\xf4\xaaB\x18i\xb4\xeamP\x0c4\xc6\xa7\x9ak\
S\x11\x1bSM<\xd3\x0dP\x86\x1e\x86\x9bO=\x0d\
2\xa8CM0\xf5\xa7\x9e\xb4\xc3\xd6\x981\xa6\x98\xf5\
!\xa6=R$a\xa6\x9e\x94\xeai\xe9T\x03i\xa6\
\x9dM4\xc0i\xa6\x9aq\xa6\x9a\xb4!\x8d\xd2\x99O\
=)\x94\xd0\x84\xa6\x8au6\xad\x08m!\xa5\xa44\
\xd0\x0dji\xa754\xd3\x10\x86\x98i\xe6\x98j\x90\
\x98\xdaJZJ\xa4\x02\x1akS\x8d5\xa9\x88i\xa8\
/?\xe3\xdd\xff\x00\x0f\xe7S\x9a\x82\xf3\xfe=\xdf\xf0\
\xfetKf\x04\xd4\xfae>\xa8\x05\xa5\x14\x94\xa2\xa4\
c\x858SE8T\xb0C\x87JZA\xd2\x96\xa4\
c\x859i\xa2\x9c\xb4\x98!\xc2\x94u\xa4\x14\xa2\xa4\
c\x87Zp\xebM\x1di\xc3\xadK\x01jJ\x8e\xa4\
\xa41\xc3\xa58SGJp\xa9\x1a\x1c)GZA\
J:\xd4\x8c\x90S\x97\xa56\x9c\xbd*F\x87\x8ar\
\xf4\xa6\x8e\x94\xe5\xe9R\x08r\xd3\xd6\x98\xb4\xf5\xa9\x18\
\xe1\xd6\x9c:\xd3GZx\xa4\xc0p\xa7\x0e\xd4\xd1N\
\x1d\xa92\x89\x058SE9j@x\xa7\x8a`\xa7\
\x8a\x961E>\x9bN\xa9\x1a\x1e\xbd*D\xe9Q\xaf\
J\x91zT\xb0\x1c)\xe9L\x14\xf4\xa4Q\x22\xf5\xa9\
\x05F\xbdjE\xa9`J*E\xa8\xc5H\xb5,d\
\x8bR%\x09m9\x80\xdc\x88%0\x0e\xb2\xec;\x7f\
:\x12\xa5\x8c\x91z\xd4\x83\xa8\xa8\xd7\xadH:\x8a@\
KR\x8a\x8a\xa5\x15,c\xd6\xa4J\x8djD\xa0d\
\x8bR'Z\x8di\xeb\xd6\xa4d\xabR\x0a\x8djQ\
I\x80\xf1OZ`\xa7\xad!\x92%H\xbdj4\xe9\
R'ZL\x09\x17\xadH*5\xebR\x0e\xb4\x86H\
:\xd4\x82\xa3\x1djAR1\xcbR/J\x8cT\x8b\
Hc\xd6\xa4Z\x8dz\xd4\x8b@\x0f\x15(\xe9Q\xd4\
\x83\xa5H\x0f\x14\xeah\xe9N\xa0\x05Zx\xa6-<\
U\x00\xa2\x94R\x0aQ\xd6\x81\x0e\xa7\x0ah\xa7\x0a`\
Y\xb5\xb3\x92\xefv\xc2\x02\xafRi\x92D\xf0\xc8c\
q\x86\x14\xebk\xb9-\x0byx!\xba\x83M\x96W\
\x9aC#\x9c\xb1\xaa\x01\x05:\x9a)\xd4\x08}>7\
h\xce\xe4fS\xea\x0e)\x94\xe1LC\x85(\xa4\x14\
\xa2\x80\x15z\xd3\xc5F:\xd4\x82\x98\x0e\x14\x0a\x05\x02\
\x9a\x12\x14S\xc54S\x850b\xd2\xd2\x0ap\xaa\x10\
\xb4\xfae>\xa8B\xd2\x8aJZh\x18\xe1\xd2\x94R\
\x0e\x94\xe1L\x91E(\xa4\x14\xa2\xa9\x00\xa2\x9c)\xa2\
\x9c)\x88Zp\xa6\x8ap\xa6!E8SE8S\
\x10\xa3\xad- \xebKL\x07\xad-\x22\xf5\xa5\xa6!\
i\xc2\x99O\xaa\x138\xcf\x88\xc3\xe5\xb1?\xef\xff\x00\
J\xe3W\xa5v\x7f\x11\x87\xee\xecO\xbb\xff\x00J\xe2\
\xd7\xa5m\x1d\x8e\x88|#\xc5l\xd9\x7f\xc7\xac\x7fJ\
\xc6\x15\xb1e\xff\x00\x1e\xb1\xfd*+lw\xe0~7\
\xe8X\xa5\x14\x94\xa2\xb9\xcfH\x90S\x854S\x852\
B\x9c)\xb4\xe1LLp\xebL\x9b\xaa\x9ax\xa6\xcd\
\xf7T\xfb\xd6\xb4\x9f\xbc\x8c+/q\x91\xd2\x8am8\
Wi\xc2<S\x854S\x96\x82G\x0ax\xa6\x0ax\
\xa4!\xc2\x96\x90R\x8a\x18\x87\xad<TkSD\xbb\
\x98z\x0a\x1b\xb2\xb8Z\xee\xc4\xf1\xae\xd5\x03\xbfzx\
\xa6\x8ap\xaeK\xdd\xdc\xea\xb5\x95\x87\x0ap\xa6\x0ax\
\xa0Lp\xa7\x0ah\xa7\x0a\x11\x03\xa9\xc3\xa56\x9c:\
S$l\xad\xb6#\xef\xc5W\x15%\xc3r\xab\xf8\xd4\
b\xb6\x8a\xd0\xe2\xac\xef!\xc2\xba\x9f\x0fA\xe5X\x07\
=d9\xfc+\x97E,\xc1GRq]\xc5\xbcB\
\x08#\x8c\x7f\x0a\x81T\x8ey\xb2J(\xa0\x0a\xa3 \
\xa2\x8a(\x10\xb4Q\xd6\x8a\x00(\xa2\x8a\x00(\xa2\x8a\
\x00(\xa2\x8a\x00(\xa2\x8a\x00(\xa2\x8a\x00J(\xa2\
\x80\x01A\xa3\xa5\x14\x0c(\xa2\x8a\x06\x14QE\x00\x14\
QE \x0a(\xa2\x90\x0d4\x94\xa6\x92\x80\x10\xd2\x1a\
u% \x1azR\x1au4\xd01)\xb4\xeaCH\
fO\x89\xed\xbe\xd3\xa2\xce\x00\xcb&\x1c~\x06\xbc\xec\
\xd7\xab\xcd\x18\x9a'\x8c\x8c\x86R+\xca\xa6\x8c\xc3+\
\xc6\xddQ\x8a\x9f\xc2\x83jO\xa1\x0bu\xab\xf6\x8d\xba\
\xdd}\xb8\xaa\x0d\xd6\xac\xd87\xdfO\xc6\xb3\xa8\xb4;\
\xb0\xb2\xb4\xed\xdc\xb3IJi\x0d`z\x88i\xa6\x9a\
q\xa6\x9aLha\xaa\x92.\xc7\x22\xad\x9a\x82\xe1x\
\x0d\xf8V\xb4ei[\xb9\x9dx\xde7\xecW4\x87\
\xa5)\xa4=+\xad\x1c\x84m\xd4\xd3i\xcd\xde\x9bL\
b\x1aX\xbf\xd6\xad#R\xc3\xfe\xb5j'\xf0\xb2\xe9\
\xfcH\xb0\xd4\xc3Oja\xaf4\xf5P\xd3T\xb5Q\
\xfe\x8e\xbe\xcdWMS\xd5?\xe3\xd8\x7f\xbc*\xe1\xf1\
#,O\xf0\xa4d\x9akv\xa7\x1acv\xae\xa3\xc3\
;?\x86\xa7\xf7\xd7\xc3\xfd\x955\xdd\x1a\xe0\xbe\x1a\x9f\
\xf4\xcb\xd5\xff\x00\xa6j\x7fZ\xefMc=\xcez\x9f\
\x10\x8d\xd2\x9ai\xc6\x9ak2F\xd2S\xa9)\x0d\x0d\
\xa6\x9au4\xd2\x01\x0d4\xd3\x8d4\xd2\x18\x86\x9ai\
\xc7\xad5\xaaF%4\xd3\x8d#R\x01\x86\x90\xd3\x8d\
4\xd2c\x10\xd3i\xc6\x9bR1\x0fJa\xa7\x9e\x94\
\xc3\xd6\x90\xd0\xda\x0d\x14\x1aC\x12\x98z\xd3\xe9\x8d\xd6\
\xa4hCM=i\xc6\x9ai\x00\xd3M4\xe3M4\
\x80CMjq\xa6\xb5\x03\x1ai\xad\xd2\x9ci\xa6\x90\
\x0d=)\xb4\xe3\xd2\x9bHcM7\xb58\xd3i\x02\
\x13\xb56\x9c)\xa6\x90\x09I\x92\xac\x18\x1c\x10r)\
i\xa6\x93\x19-\xe5\xe4\x97\x92\x07\x90\x05\xda0\x00\xaa\
\xd4\xe3\xd6\x9az\xd2c\x1ai\xadN4\xd6\xa0\x08\xdf\
\xa50\xf4\xa7\xbfJct\xa0\x06\x1e\x95\x19\xa9\x1b\xa5\
Fi\x92F\xddj6\xebOn\xb4\xc3M\x0d\x8c~\
\x95\x11\xe9R\xbdF\xd4\xc4Fj:\x90\xd4t\xc0\x8c\
\xf7\xa8\xdb\xadH{\xd4m\xd6\xa9\x121\xea6\xa9\x1e\
\xa3j`D\xf5\x19\xa9\x1f\xa5Fi\x88\x8c\xd4m\xd4\
\xd4\xa6\xa2n\xb4\xc4F\xddj6\xedR7ZcS\
\x02&\xe9Q\xbfCR7J\x8d\xfa\x1a\xa4\x22#Q\
\x9a\x90\xd4t\xd0\x91\x13Tm\xd6\xa45\x1bu\xaa\x01\
\x8dQ\xb5H\xd5\x1bS\x10\xc3M4\xe3\xd0\xd3\x1a\xad\
\x08a\xa6\xb58\xd3Z\x98\x98\xc6\xa6==\xa9\x8fT\
\x840\xf4\xa6\x9e\x94\xe3\xd2\x9azU!\x0c\xa6\xd3\xa9\
\xb5@2\x9a\xd4\xea\xb3\xa4%\x84\x9a\xbd\x9aj\xb24\
zy\x90}\xa1\xd79\x0b\xf8sLE\x16\xa6\x1a\xe9\
|y\x17\x86!\xd5\xe2_\x0a6\xebO+2\x90\xcc\
W\x7f\xb6\xeezu\xaeh\xd5!\x0d=\xe9\x94\xf3\xde\
\x99T!\xa7\xadixk\xc3\x97~*\xd6\x13M\xb4\
e\x8c\x95/$\xae2#A\xd4\xe3\xbf\xd2\xb3OZ\
\xd2\xf0\xd7\x88\xee\xfc+\xacG\xa9Z*\xc8T\x14\x92\
'8\x12!\xea3\xdb\xebC\xbd\xb4\x1a\xb5\xf5:\x7f\
\x19\xfc,>\x1b\xd1\xdfU\xb1\xd4$\xbc\x8e\x02<\xf8\
\xe4@\xa5T\xf1\xb8c\xdf\xb5y\xf3\xf4\x15\xde\xf8\xcf\
\xe2\x8b\xf8\xa3H:U\xb6\x9cl\xe1\x94\xabL\xef&\
\xe6l\x1c\x808\xe0f\xb87\xe9E.k{\xfb\x8e\
\xa7/7\xbb\xb0\xcai\xe9N4\xd3\xd2\xb5 m4\
\xd3\xa9\xa6\x9a\x10\xd3M4\xe3M5hC\x0fJe\
=\xbaS)\xa1\x09M\xa7Sj\x90\x86\xd2\x1aZC\
T\x80kSM9\xa9\xa6\x98\x844\xc3O4\xc3T\
!\xb4\x94\xb4\x95H\x044\xd6\xa7\x1ai\xa6!\xa6\xa0\
\xbc\xff\x00\x8fw\xfc?\x9dNj\x0b\xcf\xf8\xf7\x7f\xc3\
\xf9\xd1/\x85\x810\xa7\xd3\x05>\xa8\x05\xa5\x1d))\
E@\xc5\x14\xf1L\x14\xf1I\x82\x1dKIKR1\
\xc2\x9c\xb4\xd1NZLhp\xa5\x14\x82\x94T\x80\xe1\
\xd6\x9c:\xd3GZuH\x0bRS)\xe3\xa5\x22\x87\
/Jp\xa6\xafJp\xa9\x01\xc2\x9c:\xd3E(\xeb\
R2Jr\xf4\xa6\xd3\x87J\x90C\xc7Jr\xf4\xa6\
\x8e\x94\xe5\xe9R49i\xeb\xd6\x98\xb4\xf5\xebR\xc6\
8u\xa7\x0ah\xebN\x14\x98\x0f\x14\xf1\xda\x98)\xcb\
\xda\xa5\x94H)\xcbMZr\xd2\x01\xe3\xad<S\x07\
Zx\xa9c\x1dN\xa6\xd3\xaaF\x87\xafJ\x91zT\
k\xd2\xa4N\x95,\x07\x0azu\xa6\x0az\xf5\xa42\
A\xd4T\xa2\xa1\x1djU\xa9c%\x14\xf5\x19\x18<\
\x8e\xe3\xd6\x98\xb5\x22T\xb1\x9e\x97\xa6\xf8\xdfB\x9a\x18\
\xed\x9c\xb5\x9a\x05\x09\xe5\xc8\x99P1\xd3\x22\xb8+\x93\
\x03^\xdc5\xb2\x95\x80\xc8\xc61\xe8\xbd\xaa\xa2\xd4\xa9\
\xd6\xa3\x96\xc5\xb97\xb9\x22\xf5\xa9\x07Z\x8dz\xd4\x83\
\xad\x04\x92\x8a\x94t\xa8y\xc7\x1dk\xa3\xbd\xb1\xd0#\
\xf0\xdc\x176\xb7Lu\x16\x0aY\x0b\x12I\xcf \x8e\
\xc0Rc1V\xa4Z\x8cT\x8bHd\x8bO^\xb4\
\xc5\xa7\xafZ\x91\x92\xadJ*!R\x0e\x94\x80\x91z\
S\x96\x9a\xbd)\xcbHd\xa9R/Z\x8d*E\xeb\
I\x81\x22\xf5\xa9\x07Z\x8cu\xa9\x05!\x92\x0e\xb5 \
\xa8\xc7j\x91jF9jE\xa8\xc5H\xbdhc\x1e\
:\xd4\x8bQ\x8e\xb5 \xebH\x09*A\xd2\xa3\xa9\x17\
\xa5H\x0f\x1d)\xd4\xd5\xe9N\xa0\x05Zx\xa6-<\
S\x01E*\xf5\xa4\x14\xab\xd6\x98\x0e\xa7\x0am8S\
B\x1dN\xa6\x8au1\x0bN\xa6\xd3\xa9\x80\xfaQI\
J)\x88p\xa7\x0ah\xa7P\x02\x8e\xb4\xf1L\x1di\
\xe2\x98\x0e\xa0Q@\xa6\x848S\x96\x9a)\xcbL\x18\
\xa2\x9c)\xa2\x9c*\x84-:\x9bN\xaa\x10\xeaZJ\
Zh\x18\xe1\xd2\x9c:SE8t\xa6H\xa2\x94R\
\x0aQT\x80p\xa5\x14\x82\x94S\x10\xa2\x9c)\xa2\x9c\
)\x88p\xa5\x14\x82\x94S\x10\xa2\x9dM\x14\xea\xa4\x02\
\xafZu4u\xa7P \xa7\xd3)\xf5Bg\x1f\xf1\
\x14\x7f\xa3\xd9\x1fFa\xfaW\x12\xb5\xdd|D_\xf4\
\x0bF\xf4\x94\x8f\xd2\xb8U\xad\xa3\xb1\xd1\x0f\x84x\xad\
\x8b\x1f\xf8\xf4\x8f\xe8k\x1cu\xad{\x1f\xf8\xf4\x8f\xf1\
\xa8\xab\xb1\xdd\x81\xfe#\xf4,\x8aQH)Es\xa3\
\xd3$\x14\xa2\x9a\xb4\xe1L\x91i\xc2\x9bN\x14\x09\x8e\
\x1di%\x19\x8f\xe8iA\xa1\xc6Q\x87\xb5i\x07i\
&g5x\xb4AN\x14\xdap\xae\xf3\xce\x1c)\xe2\
\x98\x0d8PK\x1e)\xc2\x9a)\xc2\x90\x87\x0au4\
S\xa8b\x1c\xb5f!\xb5G\xa9\xaa\xf1\x8d\xcc\x05Z\
\x15\x95Yt5\xa5\x1e\xa3\xc58SsJ+\x03f\
8S\xd6\x99N\x06\x99#\xc58S\x07\x14\xea\x09\x1e\
)E4R\x96\xda\xa4\xfa\x0ad\xb2\xbc\x8d\xbaF?\
\x85\x02\xa3SO\x15\xd0\x8f9\xbb\xbb\x97\xf4x\x0d\xc6\
\xa1\x12\xe3!N\xe3\xf8WcX\xde\x1a\xb7\x09h\xd3\
\x11\xf3Hq\x9fa[4\xcc$\xee\xc2\x80h\xa2\x99\
\x0c1E)\xa4\xa0@)i)E\x00\x14QE\x00\
\x14QE\x00\x14QE\x00\x14QE\x00\x14\x86\x94\xd2\
P\x01E\x14\x01@\x06h\xa2\x8a\x06\x82\x8a(\xa0a\
E\x14P\x01E\x14P\x01E\x14\x86\xa4\x04\xa4\xa5\xa4\
\xa0\x02\x92\x96\x92\x90\x09M4\xb4\xd3\xd6\x81\x85!\xa5\
4\x86\x90\xc2\xbc\xe3\xc4\xd6\xff\x00f\xd6n\x14}\xd6\
!\xc7\xe2+\xd1\xab\x83\xf1\xa2\x14\xd6K\x1e\x8d\x1a\x9a\
F\x94\xf79\xe3O\xb5}\x93\xaf\xa1\xe2\xa34\x9b\x8a\
\x9c\x8e\xa0\xd0\xd5\xd1\xd5\x09r\xb4\xcdJC@;\xc0\
a\xd0\x8c\xd0k\x94\xf6\x90\xd3L4\xf3L4\x98\xd0\
\xd3Lu\xdc\x8c)\xe6\x9bJ\xf6w*\xd7\xd0\xa4i\
\xa6\xa4\x95v\xb9\x15\x19\xafE;\xab\x9esVv#\
4\x94\xa6\x92\x98\xc4jX\x7f\xd6\xad5\xba\xd3\xa1\xff\
\x00Z\xb5\x15>\x06iO\xe2D\xe7\xa50\xd3\xdb\xa5\
0\xd7\x9az\x88CT\xf5O\xf8\xf6\x1f\xef\x0a\xb9T\
\xf5O\xf8\xf6\xff\x00\x81\x0a\xb8|H\xcf\x11\xfc)z\
\x194\xc6\xa7\x9acu\xae\xa3\xc2:\xdf\x86\xed\xff\x00\
\x13+\xb5\xf5\x84\x7f:\xf4\x03^w\xf0\xe4\xe3W\xb8\
\x1e\xb0\xff\x00Z\xf4J\xc6{\x98T\xf8\x84&\x9bK\
IY\x906\x90\xd3\xa9\xa6\x90\xc4\xa6\x9au4\xd2\x01\
\x0d4\xd3\x8d4\xf5\xa41\x0d4\xd3\x8d4\xd4\x8cJ\
kS\xa9\xa6\x90!\x0d4\xd3\x8d4\xd2\x18\xd3IJ\
i*J\x10\xf4\xa6\x1aq\xe9M4\x81\x0d\xa0\xd2\x9a\
CHb\x1aa\xebR\xc5\x13L\xfb\x10s\xfc\xa9'\
\xb7{w\x01\xf1\xcfB;\xd4\x8d\x11\x1ai\xa7\x1ai\
\xa4\x03M4\xd3\x8d4\xd2\x01\x0d5\xa9\xc6\x9azR\
\x18\xd3M4\xe3M4\x0ci\xe9M\xa7\x1e\x94\xda@\
4\xd3{S\x8d6\x90!)\xa6\x9fL=\xe9\x00\x94\
\xd3N\xa6\x9aC\x1ai\xad\xd6\x9dM4\x864\xd3\x1a\
\x9e{S\x1a\x80\x18\xfd*6\xe9R=F\xdd(\x01\
\xad\xd2\xa35!\xe9Q\x9ad\x917Za\xa7\xb7S\
L4\xd026\xa65=\xa9\x8dL\x08\xcfJ\x8e\x9e\
zS\x0d1\x11\x9e\xf5\x1bu\xa9\x0dF\xddj\x90\x88\
\xdf\xadF\xd5#u\xa8\xda\x98\x11\xbfJ\x8c\xf4\xa9\x1e\
\xa2=)\x80\xc3Q\x9a\x94\xd4G\xbd2H\xdb\xadF\
\xd5#u5\x1bS\x026\xa8\xdf\xa1\xa9\x1b\xadF\xfd\
*\x84\xc8\x8dGR\x1a\x8e\x9a\x12\x225\x1bu\xa9\x0d\
F\xddj\x841\xaa6\xa7\xb7ZcU \x18\xdd)\
\x8dOjcU!\x0c4\xd3N4\xd3LLcS\
\x1a\x9ei\x8dT\x841\xbaSOJst\xa6\x9e\x95\
HLm2\x9dM\xaa\x01\xb5\x1bu\xa7\xd3\x1b\xad1\
\x0c#\x1d)\xa6\x9e\xd4\xc3T!\xa6\x98i\xe6\x98j\
\x844\xf5\xa6\xb7Zq\xa6\x1a`!\xebL~\xd4\xf3\
L\x93\xb5R$\x8c\xd2\x1e\x94\xa6\x90\xf4\xaa\x18\xdai\
\xa7SM4!\xb4\xd3N\xa6\x1a\xb4!\xad\xd2\x99O\
je4!)\xb4\xe3M\xaaB\x1bHii\x0dR\
\x01\xad\xd6\x9ai\xcd\xd6\x9ai\x88CL4\xf3Lj\
b\x1bIKIV\x80CM4\xe3M4\xc44\xd4\
\x17\x9f\xf1\xee\xff\x00\x87\xf3\xa9\xcdAy\xff\x00\x1e\xef\
\xf8\x7f:'\xf0\xb0&\x14\xfa`\xa7\x03T\x03\x85(\
\xa4\x14\xa2\xa4b\x8ax\xa6\x0ax\xa9`:\x96\x93\xf1\
\xa5\xa9\x18\xe1O^\x94\xc1NS\xefI\x8d\x0e\x14\xe1\
\xd6\x9a\x0d(\xebR\x03\x87Zu4u\xebN\xfcj\
@p\xa7\x8e\x94\xcax\xe9\xd4R(p\xa7\x0a}\x9d\
\xac\xf7\xd7P\xdaZ\xc6e\x9ew\x11\xc6\x80\xfd\xe65\
\xd0x\xaf\xc0:\xcf\x83c\xb7\x9bQ\x10I\x04\xe7h\
\x96\x16\xc8W\xfe\xe9\xf7\xac\xdc\x92v\x1aOs\x9e\x14\
\xa3\xad'\x1e\xa2\x94\x11\xed@\x12S\x87JnG\xa8\
\xa7\x0cc\xa8\xa9\x04<t\xa7 \xdc\xca\xbb\x82\xee`\
\xbb\x8fA\x93\x8c\xd3\x14\x8cu\x14\xe1\x8c\x1eE&3\
\xa5\xf1\xcf\x85 \xf0v\xaf\x0d\x85\xbe\xa2\xb7\xe9,\x0b\
1n\x03!=\x88\x1e\xbd\xbd\xab\x01z\xd4h\x00\xcf\
9\xf7'4\xf0Fz\x8a\x81\x8e\xa7\x8ag\x1e\xa2\x9e\
\x08\xf5\x14\x98\x0f\x14\xe5\xa6\x8cz\x8ar\xe3\xd4T\xb2\
\x89\x059i\xa0\x8fQN\x04z\x8a@<u\xa7\xd4\
y\x1e\xa2\xa4\xc8\xf5\x1f\x9dK\x18\xeap\xa6dz\x8f\
\xce\x9e1\x8e\xa3\xf3\xa9\x18\xf5\xe9R/CQ\xa9\x18\
\xea?:z\x91\xea?:L\x07\x8az\xf5\xa8\xc1\x1e\
\xa3\xf3\xa7\xa9\x1cr?:\x96Q \xebR\xadE\x91\
\xea?:\x95H\xf5\x1f\x9dK\x02E\xa9\x12\xa3R=\
G\xe7R!\x1e\xa3\xf3\xa9c$Z\xb1\x1c\x134f\
e\x86F\x88\x1c\x17U\xc8\x06\xab\xa9\x1e\xa3\xf3\xad\x1d\
+Z\xbe\xd1\xa4v\xb2\xb9\x11\x89>\xfa\x90\x19[\xea\
\x0dK\x1a+)\x04\xe4T\xa2\x96\xe6\xee[\xeb\x86\xb8\
\xb8\x91^F\xea@\x0a?!H1\xea?:@H\
:T\xaa\x07\x5csQ\x021\xd4~u*\x91\x8e\xa3\
\xf3\xa9c$\x15\x22\xd4@\x8fQ\xf9\xd4\x8b\x8fQ\xf9\
\xd02QO\x15\x18#\xd4~t\xf0G\xa8\xfc\xeaF\
J*Q\xd2\xa2\x18\xf5\x1f\x9dJ\xa4c\xa8\xfc\xe9\x01\
\x22\xf4\xa7-1H\xc7\xde\x1f\x9d=H\xf5\x1f\x9d!\
\x92%J\xbdED\x84g\xa8\xfc\xea@Fz\x8f\xce\
\x93\x02Q\xd6\xa4\x15\x10#\xd4~u(#\xd4~t\
\x80x\xedR\xadD\xa4z\x8f\xce\xa4R?\xbc?:\
C\x1e:\x9az\xd3\x01\x19\xea?:z\x91\x9e\xa3\xf3\
\xa42A\xd6\xa4\x1cTy\x1e\xab\xf9\xd3\xc1\x1e\xab\xf9\
\xd2\x19\xbb\xa7h)qh..$+\xbceB\xff\
\x00\x08\xf55\x96\xbd\xf0r\x01\xc6}i\x12\xeae\x87\
\xc9\x13\xb0\x8f\xfb\xa1\xb8\xa1\x08\x03\xaa\xfet\x98\x89\x17\
\xa5:\x98\xa4z\x8f\xce\x9e\x08\xc7Q\xf9\xd2\x18\xa2\x9e\
)\x80\x8fU\xfc\xe9\xc0\x8f\xef/\xe7L\x07\x0e\xb4\xab\
\xd6\x9b\x91\xea?:p#=G\xe7L\x07S\x857\
#\xd4~t\xe0G\xf7\x87\xe7LC\x85:\x9a\x08\xfe\
\xf0\xfc\xe9r=G\xe7LC\xa9\xd4\xde=G\xe7N\
\xc8\xfe\xf0\xfc\xe9\x80\xf1\xd2\x94SA\x1e\xa3\xf3\xa7d\
c\xa8\xfc\xe9\x88p\xa7SA\x1e\xa3\xf3\xa7\x02=G\
\xe7@\x0bO\x15\x1eG\xf7\x87\xe7R\x02=G\xe7L\
\x07P)2=G\xe7J1\xea?:b\x1c)\xcb\
L\x04z\x8f\xce\x9c\xa4g\xa8\xfc\xe9\x83\x1c)\xc2\x9a\
\x08\xf5\x1f\x9d(#\xd4~uB\x1dN\xa6\xf1\xea?\
:p#\xd4~uB\x14S\xa9\xa0\x8fQ\xf9\xd3\xb2\
=G\xe7M\x00\xe1N\x14\xc0G\xa8\xfc\xe9\xc0\x8fQ\
\xf9\xd3$QN\x14\xdc\x8fQ\xf9\xd3\x81\x1e\xa3\xf3\xaa\
@(\xe9N\x14\xd0G\xa8\xfc\xe9A\x1e\xa3\xf3\xa6!\
\xc2\x9c)\xa0\x8fQ\xf9\xd2\x82=G\xe7LC\x858\
SA\x1e\xa2\x9c\x08\xf5\x14\xc4(\xa7\x0ah#\xd4~\
t\xec\x8fQ\xf9\xd3@(\xa7S\x01\x1e\xa3\xf3\xa7\xe4\
z\x8f\xce\x98\x85\xa7\x0ao\x1e\xa3\xf3\xa5\x04z\x8f\xce\
\xa8L\xe6~ \xc7\xbbG\x89\xff\x00\xb90?\xa1\xaf\
?^\xb5\xea\x1e+\xb5\xfbf\x81t\x8b\x82\xca\x03\x8f\
\xc0\xe6\xbc\xbdGNW\xf3\xadc\xb1\xbd7\xa0\xf1V\
#\xbb\x9a4\x08\x8f\x85\x1d\x06*\x00\xa7\xd5\x7f:p\
S\xea\xbf\x98\xaa\xb2{\x9aFN.\xe9\x96E\xf5\xc7\
\xfc\xf4\xfd)E\xf5\xc7\xfc\xf4\xfd*\x00\xbe\xeb\xf9\x8a\
]\xbe\xeb\xf9\xd1\xca\xbb\x15\xed\xa7\xfc\xcf\xef,\xad\xf5\
\xc6?\xd6~\x94\xf1{q\xff\x00=?J\xac\x8a}\
W\xf3\xa7\x85>\xab\xf9\xd1\xca\xbb\x0b\xda\xcf\xf9\x9f\xde\
X\x17\xb7\x1f\xdf\x1f\x958^\xdc\x7f|~U\x5c/\
\xba\xfeb\x9c\x14\xfa\xaf\xe6(\xe5]\x83\xda\xcf\xf9\x99\
`^\xcf\xfd\xff\x00\xd2\x9e/'\xfe\xf8\xfc\xaa\xb8_\
u\xfc\xc58/\xba\xfeb\x8eU\xd8^\xd6\x7f\xcc\xc9\
D\xf2\x7f{\xf4\xa7\x09\xe4\xf5\xfd*0\xbe\xeb\xf9\x8a\
p\x1e\xeb\xff\x00}\x0a\xbb\xb29\x9frQ<\x9e\xa3\
\xf2\xa7\x09\xe4\xfe\xf0\xfc\xaa =\xd7\xfe\xfa\x14\xe0\xbe\
\xeb\xf9\x8a.\xc5\xcc\xfb\x93,\xf2c\xa8\xfc\xa9\xe2g\
\xf5\x1f\x95B\xab\xcf\xde_\xfb\xe8S\xc2\xfb\xaf\xfd\xf4\
(\xbb\x173\xeeJ&\x7fQ\xf9S\x84\xcf\xebQ\x05\
\xf7_\xfb\xe8S\xc2\xfb\xaf\xfd\xf4(\xb8s>\xe4\xab\
q\x22\x9e\x08\xfc\xaaAw/\xf7\x87\xe5U\xc2\xfb\xaf\
\xe6)\xea\xbe\xeb\xff\x00}\x0aV\xb8*\x92[2\xc0\
\xbb\x9b\xfb\xc3\xf2\xa7\x0b\xb9\x7f\xbc?*\x80/\xfbK\
\xff\x00}\x0ap_\xf6\x97\xfe\xfa\x14r\xa0\xf6\x92\xee\
N.\xa5\xfe\xf0\xfc\xa9\xc2\xea_Q\xf9T\x01\x7f\xda\
_\xfb\xe8S\x82\xff\x00\xb4\x9f\xf7\xd0\xa7\xca\x85\xed%\
\xdc\xb0.\xa4\xf5\x1f\x958]I\xea?*\x81W\x8f\
\xbc\x9f\xf7\xd0\xa7\x85\xff\x00i\x7f\xef\xa1K\x95\x0b\xda\
K\xb90\xb9\x93\xd4~T\xa6wu*H\xc1\xf6\xa8\
\x82\xff\x00\xb4\xbf\xf7\xd0\xa7\x05\xff\x00i\x7f\xef\xa1N\
\xc8Nr\xee8\x1ax\xa6\x05\xff\x00i?\xef\xa1R\
\xc1\x1f\x992&\xe4\xc9`>\xf0\xaa \xedt\xd8\xbc\
\x8b\x08\x13\x1d\x17\xff\x00\xafV\xa9\xaa\x02\x80\xa3\xa0\xe2\
\x97\x22\x99\xce-\x14\x99\x14dS\x01A\xa3\xad&G\
\xad(\x22\x81\x05\x14dRdP!h\xcd&E\x19\
\x14\x00\xea)\xb9\x14dQp\x1dE7\x22\x8c\x8a.\
\x02\xe6\x8aL\x8a2(\x01h\xa4\xc8\xa5\xc8\xa0\x03\xa5\
\x06\x8c\x8aL\x8a\x06-\x14\x99\x14dP1h\xa4\xc8\
\xa3\x22\x80\x16\x8aL\x8a2(\x01h\xa4\xc8\xf5\xa3>\
\xe2\x90\x0bIHH\xf5\xa3#\xd6\x90\x05%)#\xd4\
Rdz\x8a\x00)\x0d\x19\x1e\xa2\x90\x91\xea)\x00\x94\
\x9d\xe8$z\x8aL\x8fQ@\xc0\xd2\x1a\x5c\x8fQH\
H\xf5\x14\x86%r><\xb68\xb6\xba\x03\xd5\x1b\xfa\
\x7fZ\xeb\xb2=Ef\xf8\x86\xc7\xfbGJ\x9a\x15\xc1\
p7'\xd4R*\x0e\xcc\xf3:i\xa7\x95\xf7_\xcc\
S\x08\xf7_\xccS:\x80O*\xae\x15\xc8\x03\xa0\xa0\
\xdc\xcd\xff\x00=\x1a\x9aW\xdd\x7f1M+\xee\xbf\x98\
\xa5dZ\x9c\x96\xccq\xba\x9f\xfez\x1aa\xbc\x9f\xfe\
z~\x94\x85}\xd7\xf3\x14\xc2\xbe\xeb\xf9\x8aN+\xb0\
\xd5I\xf7c\xcd\xec\xff\x00\xf3\xd3\xf4\xa4\xfbu\xc7\xf7\
\xc7\xe5Q\x95>\xab\xf9\x8aiS\xea\xbf\x9d.U\xd8\
\xa5V\x7f\xcc\xfe\xf1\xcfu+\xf2X~T\xc6\xb8\x93\
\x07\x91\xf9R\x15\xf7_\xce\x98\xca}W\xf3\xaaN\xdb\
\x0b\x9eO\xa8}\xa6Oo\xca\x90\xdc\xc9\xedL\xda}\
W\xf3\x14\x85}\xd7\xf3\x14]\x87;\xee8\xdd?\xa0\
\xa1odF\x0c\x15r*\x22\xa7\xd5\x7f1M*}\
W\xf3\x14\x9b\xba\xb1J\xa4\x96\xa9\x96\x1bS\x97\x8f\x91\
)\xbf\xda\x92\x7f\xcf4\xaa\xcc\xa7=W\xf3\xa6\x15\xf7\
\x1f\x9dG\xb3\x8fcU\x89\xab\xfc\xc5\xb3\xaa\xbf\xfc\xf2\
O\xce\xa1\xb9\xbfk\x88\xf6\x18\xc2\xf3\x9c\x83P\x15\xf7\
\x1f\x9d4\xa9\xf5_\xce\x85\x08\xa7t\x12\xc4T\x92\xb3\
z\x0c\xa67Z\x93i\xf5\x1f\x9d0\xaf\xba\xfeuF\
'O\xf0\xec\xe3Z\x94z\xc2k\xd1\xab\xcd\xfe\x1f|\
\xba\xeb\x02G17z\xf4|\x8fQ\xf9\xd63\xdc\xc2\
\xa7\xc4%%)#\xd4~t\xd2G\xa8\xfc\xeb2\x04\
\xa44\xb9\x1e\xa3\xf3\xa4$z\x8f\xce\x93\x18\x86\x9ai\
I\x1e\xa3\xf3\xa6\x92=G\xe7H\x00\xd3iI\x1e\xa3\
\xf3\xa6\xe4z\x8f\xce\x93\x18\x1ai\xa7\x12=G\xe7M\
$z\x8f\xce\xa4bSM.G\xa8\xfc\xe9\x09\x1e\xa3\
\xf3\xa4\xc6\x844\xd3JH\xf5\x1f\x9d!#\xd4~t\
\x80i\xa4\xa5$z\x8f\xce\x9b\x91\xea?:\x91\x88i\
\xb4\xe6#\xd4~t\xde=G\xe7Hc{\xd0z\xd1\
\x91\x9e\xa3\xf3\xa4$g\xa8\xfc\xeaF:9Z\x17\x0e\
\x98\xc8\xf5\xa2\xe2\xe1\xee\x18\x17\xc0\x03\xa0\x14\xc2G\xa8\
\xfc\xe9\xb9\x19\xea?:]\x06\x844\xd3N$z\x8f\
\xce\x9aH\xf5\x1f\x9d \x1ai\xa7\xa58\x91\xea?:\
i#\xd4~t\x80CM=)I\x1e\xa3\xf3\xa6\x9c\
c\xa8\xfc\xe9\x0cCM4\xe2G\xa8\xfc\xe9\xa4\x8fQ\
\xf9\xd0\x03M0\xd3\x8e=G\xe7M8\xc7Q\xf9\xd2\
\x18\xd3IJH\xf5\x1f\x9d!#\xd4~t\x02\x12\x9a\
{\xd3\x89\x1e\xa3\xf3\xa6\x92=G\xe7R\x08Ji\xa5\
\xc8\xfe\xf2\xfet\xd3\x8c\xfd\xe1\xf9\xd2\x18\x86\x9aiI\
\x1e\xa3\xf3\xa6\x92?\xbc?:C\x10\xd3\x1a\x9eH\xfe\
\xf2\xfet\xc6#\xd4~t\x00\xc7\xa8\xda\x9e\xc4g\xaa\
\xfet\xc6#\xfb\xcb\xf9\xd0\x03[\xa5DjF#\x1d\
G\xe7Q\x921\xd4~t\xc4Fi\x86\x9cq\xea\xbf\
\x9d0\x91\xfd\xe1\xf9\xd3\x13\x18\xd5\x1bT\x8cG\xa8\xfc\
\xea&#\xfb\xc3\xf3\xa6\x03\x1b\xa50\xf44\xf6#\xd4\
~u\x19#\x1dG\xe7LC\x0dF\xddi\xe4\x8fQ\
\xf9\xd4g\x19\xfb\xc3\xf3\xaaB\x18\xddj6\xebOb\
3\xd4~t\xc6#=G\xe7L\x08\xa4\xa8\xcfJ\x92\
B=G\xe7Q\xb1\x18\xea?:`0\xd4f\xa4b\
=G\xe7Q\x92=G\xe7L\x923\xde\xa3n\xf4\xf2\
G\xa8\xfc\xe9\x8cG<\xaf\xe7L\x08\xda\xa3~\x94\xf2\
G\xa8\xfc\xea7#\xd4~uB#j\x8e\xa4b=\
G\xe7Q\x121\xd4~t\xd0\x88\xcdF\xddjC\x8f\
Q\xf9\xd4d\x8c\xf5\x1f\x9dP\x88\xdb\xad1\xa9\xecF\
~\xf0\xfc\xe9\x8cFz\x8f\xce\xa9\x03\x18\xdd)\x8dO\
b=G\xe7Lb=G\xe7T\x840\xd3[\xa58\
\x91\xea?:i#\xd4~t\xc4\xc6\x1acS\xc9\x1e\
\xa3\xf3\xa66=G\xe7T\x840\xf4\xa6\x9e\x94\xe6\xc7\
\xa8\xfc\xe9\xa4\x8cu\x1f\x9dR\x10\xc3\xd2\x9bN8\xc7\
Q\xf9\xd3x\xf5\x1f\x9dP\x0c4\xc3\xd6\x9f\xc7\xa8\xfc\
\xe9\x87\xafQM\x08kS\x0d9\x88\xcfQM$z\
\x8a\xa1\x0d4\xc3N$z\x8f\xce\x9aH\xf5\x15B\x1a\
i\x86\x9eq\xea)\x84\x8fQM\x00\x87\xadG'j\
y#=E1\xfa\xf5\x15HC\x0d#t\xa58\xf5\
\x14\x8cF:\x8a\xa0\x1bM4\xa4\x8fQI\xf8\x8ah\
Ci\x86\x9f\xf8\x8ai\xabD\x8cje=\xa9\x86\x9a\
\x01\x0fzm8\xfdi\xbf\x88\xaaB\x1bHii\xa6\
\xa9\x00\x8d\xd6\x9ai\xc7\xad4\xd3B\x10\xd3\x1b\xa58\
\xfdE5\xb1T\x84w\xff\x00\x06\xbe\x1cX\xfcH\xd6\
\xaf\xedu\x1b\xb9m\xed\xec\xe1Y1\x09\x01\xdc\xb1#\
\x8fa\x8a\xe3\xbcI\xa4\x1f\x0f\xf8\x83Q\xd2L\xa2o\
\xb1\xce\xd1\x09\x07\xf1\x01\xd0\xd5k;\xfb\xcd:S5\
\x8d\xdc\xf6\xb2\x90T\xbc2\x14b=2*\x07v\x91\
\xd9\xdd\x8b3\x1c\x96c\x92O\xa94$\xef{\x80\xd3\
\xd6\x9ai\xc6\x9aMZ\x10\xd3P^\x7f\xc7\xbb\xfe\x1f\
\xce\xa75\x05\xe7\xfc{\xbf\xe1\xfc\xe8\x9f\xc2\xc0\xff\xd9\
\
"

qt_resource_name = b"\
\x00\x03\
\x00\x00hp\
\x00a\
\x00p\x00p\
\x00\x0e\
\x09\xa3\xdb\xa7\
\x00A\
\x00m\x00o\x00n\x00g\x00U\x00s\x00-\x00B\x00G\x00.\x00j\x00p\x00g\
"

qt_resource_struct = b"\
\x00\x00\x00\x00\x00\x02\x00\x00\x00\x01\x00\x00\x00\x01\
\x00\x00\x00\x00\x00\x00\x00\x00\
\x00\x00\x00\x00\x00\x02\x00\x00\x00\x01\x00\x00\x00\x02\
\x00\x00\x00\x00\x00\x00\x00\x00\
\x00\x00\x00\x0c\x00\x00\x00\x00\x00\x01\x00\x00\x00\x00\
\x00\x00\x01\x99\xd4\x19\x14\x1a\
"

def qInitResources():
    QtCore.qRegisterResourceData(0x03, qt_resource_struct, qt_resource_name, qt_resource_data)

def qCleanupResources():
    QtCore.qUnregisterResourceData(0x03, qt_resource_struct, qt_resource_name, qt_resource_data)

qInitResources()
